tortilla:id,stac:centroid,split
NA5120_E1183N0757__m_3912321_nw_10_060_20220710,POINT (-123.482558 39.696797),train
NA5120_E1183N0791__m_4112455_se_10_060_20220620,POINT (-124.129773 41.151764),train
NA5120_E1185N0724__m_3812242_ne_10_060_20200602,POINT (-122.780786 38.30771),val
NA5120_E1185N0724__m_3812242_ne_10_060_20220521,POINT (-122.780786 38.30771),val
NA5120_E1185N0726__m_3812234_sw_10_060_20220521,POINT (-122.815544 38.393917),train
NA5120_E1185N0735__m_3812209_sw_10_060_20220520,POINT (-122.973484 38.781576),train
NA5120_E1185N0741__m_3912364_sw_10_060_20200604,POINT (-123.080184 39.039767),test
NA5120_E1185N0741__m_3912364_sw_10_060_20220520,POINT (-123.080184 39.039767),test
NA5120_E1186N0708__m_3712221_sw_10_060_20200524,POINT (-122.452415 37.631849),val
NA5120_E1186N0714__m_3712204_se_10_060_20200524,POINT (-122.553983 37.890992),val
NA5120_E1186N0715__m_3712204_nw_10_060_20220519,POINT (-122.571015 37.934164),train
NA5120_E1186N0717__m_3812260_sw_10_060_20200524,POINT (-122.605169 38.020493),train
NA5120_E1186N0717__m_3812260_sw_10_060_20220519,POINT (-122.605169 38.020493),train
NA5120_E1186N0721__m_3812251_ne_10_060_20200602,POINT (-122.673837 38.193086),train
NA5120_E1186N0723__m_3812243_sw_10_060_20200602,POINT (-122.708352 38.27935),train
NA5120_E1186N0723__m_3812243_sw_10_060_20220524,POINT (-122.708352 38.27935),train
NA5120_E1186N0724__m_3812243_nw_10_060_20200602,POINT (-122.725655 38.322474),train
NA5120_E1186N0725__m_3812242_ne_10_060_20200602,POINT (-122.742989 38.365593),train
NA5120_E1186N0725__m_3812242_ne_10_060_20220521,POINT (-122.742989 38.365593),train
NA5120_E1186N0725__m_3812243_nw_10_060_20220524,POINT (-122.742989 38.365593),train
NA5120_E1186N0726__m_3812234_se_10_060_20220521,POINT (-122.760354 38.408706),train
NA5120_E1186N0727__m_3812234_ne_10_060_20220521,POINT (-122.777749 38.451814),train
NA5120_E1187N0696__m_3712255_sw_10_060_20220519,POINT (-122.198114 37.127393),train
NA5120_E1187N0718__m_3812260_nw_10_060_20200524,POINT (-122.567316 38.078307),train
NA5120_E1187N0718__m_3812260_nw_10_060_20220519,POINT (-122.567316 38.078307),train
NA5120_E1187N0723__m_3812243_se_10_060_20220524,POINT (-122.653228 38.294071),train
NA5120_E1187N0726__m_3812235_sw_10_060_20200602,POINT (-122.705139 38.423466),train
NA5120_E1187N0726__m_3812235_sw_10_060_20220524,POINT (-122.705139 38.423466),train
NA5120_E1187N0728__m_3812227_sw_10_060_20200602,POINT (-122.739899 38.509701),train
NA5120_E1187N0728__m_3812227_sw_10_060_20220524,POINT (-122.739899 38.509701),train
NA5120_E1187N0736__m_3812209_ne_10_060_20200604,POINT (-122.880176 38.854426),train
NA5120_E1187N0736__m_3812209_ne_10_060_20220520,POINT (-122.880176 38.854426),train
NA5120_E1188N0728__m_3812227_sw_10_060_20200602,POINT (-122.684599 38.524456),val
NA5120_E1188N0728__m_3812227_sw_10_060_20220524,POINT (-122.684599 38.524456),val
NA5120_E1189N0692__m_3612208_ne_10_060_20220519,POINT (-122.024009 36.982823),train
NA5120_E1189N0694__m_3712264_ne_10_060_20220519,POINT (-122.056646 37.069461),train
NA5120_E1189N0733__m_3812211_sw_10_060_20220524,POINT (-122.716411 38.754801),train
NA5120_E1189N0735__m_3812210_ne_10_060_20200602,POINT (-122.751481 38.841012),train
NA5120_E1189N0743__m_3912249_ne_10_060_20200604,POINT (-122.893017 39.185634),val
NA5120_E1189N0743__m_3912249_ne_10_060_20220523,POINT (-122.893017 39.185634),val
NA5120_E1189N0748__m_3912233_sw_10_060_20220524,POINT (-122.982507 39.400842),train
NA5120_E1190N0700__m_3712248_nw_10_060_20200525,POINT (-122.100732 37.343601),train
NA5120_E1190N0700__m_3712248_nw_10_060_20220519,POINT (-122.100732 37.343601),train
NA5120_E1190N0714__m_3712206_nw_10_060_20200524,POINT (-122.334423 37.949246),train
NA5120_E1190N0723__m_3812245_nw_10_060_20200528,POINT (-122.487711 38.338054),train
NA5120_E1190N0723__m_3812245_nw_10_060_20220524,POINT (-122.487711 38.338054),train
NA5120_E1190N0725__m_3812236_se_10_060_20200528,POINT (-122.522106 38.424398),train
NA5120_E1190N0729__m_3812228_nw_10_060_20200528,POINT (-122.591262 38.597021),val
NA5120_E1190N0729__m_3812228_nw_10_060_20220524,POINT (-122.591262 38.597021),val
NA5120_E1190N0733__m_3812211_se_10_060_20200602,POINT (-122.660909 38.769559),train
NA5120_E1190N0733__m_3812211_se_10_060_20220524,POINT (-122.660909 38.769559),train
NA5120_E1190N0737__m_3812203_nw_10_060_20220524,POINT (-122.731053 38.942009),val
NA5120_E1190N0813__m_4212455_ne_10_030_20220622,POINT (-124.164534 42.200876),train
NA5120_E1191N0714__m_3712206_ne_10_060_20200524,POINT (-122.279474 37.963735),train
NA5120_E1191N0714__m_3712206_ne_10_060_20220518,POINT (-122.279474 37.963735),train
NA5120_E1191N0732__m_3812220_nw_10_060_20200528,POINT (-122.587956 38.741147),train
NA5120_E1191N0732__m_3812220_nw_10_060_20220524,POINT (-122.587956 38.741147),train
NA5120_E1192N0697__m_3712141_sw_10_060_20200525,POINT (-121.942484 37.242222),train
NA5120_E1192N0698__m_3712141_sw_10_060_20220519,POINT (-121.958843 37.285555),train
NA5120_E1192N0706__m_3712224_sw_10_060_20200525,POINT (-122.090743 37.632036),train
NA5120_E1192N0721__m_3812246_sw_10_060_20220523,POINT (-122.343094 38.28081),train
NA5120_E1192N0731__m_3812220_ne_10_060_20200528,POINT (-122.515071 38.712673),train
NA5120_E1192N0733__m_3812212_se_10_060_20220524,POINT (-122.549833 38.798982),train
NA5120_E1192N0737__m_3812203_ne_10_060_20220524,POINT (-122.61973 38.971535),train
NA5120_E1192N0738__m_3912259_se_10_060_20220524,POINT (-122.637282 39.014659),val
NA5120_E1192N0751__m_3912225_ne_10_060_20220523,POINT (-122.86833 39.574777),train
NA5120_E1193N0687__m_3612111_nw_10_060_20220519,POINT (-121.726257 36.822727),train
NA5120_E1193N0688__m_3612110_ne_10_060_20220519,POINT (-121.742305 36.866121),test
NA5120_E1193N0690__m_3612102_ne_10_060_20220519,POINT (-121.774484 36.952893),train
NA5120_E1193N0691__m_3612102_ne_10_060_20220519,POINT (-121.790616 36.996272),train
NA5120_E1193N0707__m_3712224_ne_10_060_20200525,POINT (-122.052575 37.689666),test
NA5120_E1193N0707__m_3712224_ne_10_060_20220519,POINT (-122.052575 37.689666),test
NA5120_E1193N0720__m_3812246_se_10_060_20220523,POINT (-122.270885 38.252097),train
NA5120_E1193N0721__m_3812246_se_10_060_20220523,POINT (-122.287886 38.295325),train
NA5120_E1193N0725__m_3812238_nw_10_060_20220523,POINT (-122.356191 38.468184),train
NA5120_E1193N0726__m_3812229_se_10_060_20220523,POINT (-122.373342 38.511386),train
NA5120_E1193N0808__m_4212357_se_10_030_20220622,POINT (-123.890073 42.034698),train
NA5120_E1194N0683__m_3612120_sw_10_060_20220514,POINT (-121.608243 36.66313),test
NA5120_E1194N0698__m_3712142_nw_10_060_20220519,POINT (-121.849784 37.313992),train
NA5120_E1194N0700__m_3712133_se_10_060_20200525,POINT (-121.882468 37.40069),train
NA5120_E1194N0711__m_3712208_sw_10_060_20220519,POINT (-122.064289 37.877175),val
NA5120_E1194N0712__m_3712208_sw_10_060_20200525,POINT (-122.080993 37.920462),val
NA5120_E1195N0695__m_3712150_ne_10_060_20200525,POINT (-121.746497 37.198044),train
NA5120_E1195N0695__m_3712150_ne_10_060_20220519,POINT (-121.746497 37.198044),train
NA5120_E1195N0710__m_3712109_nw_10_060_20200525,POINT (-121.992693 37.848202),train
NA5120_E1195N0710__m_3712109_nw_10_060_20220519,POINT (-121.992693 37.848202),train
NA5120_E1195N0711__m_3712208_se_10_060_20200525,POINT (-122.009338 37.891506),test
NA5120_E1195N0711__m_3712208_se_10_060_20220519,POINT (-122.009338 37.891506),test
NA5120_E1195N0712__m_3712208_ne_10_060_20200525,POINT (-122.026011 37.934805),train
NA5120_E1195N0712__m_3712208_ne_10_060_20220519,POINT (-122.026011 37.934805),train
NA5120_E1195N0713__m_3712208_ne_10_060_20200525,POINT (-122.042714 37.978099),train
NA5120_E1195N0733__m_3812213_ne_10_060_20220523,POINT (-122.383036 38.842889),train
NA5120_E1195N0767__m_4012241_nw_10_060_20220716,POINT (-122.99018 40.308076),train
NA5120_E1195N0767__m_4012348_ne_10_060_20220717,POINT (-122.99018 40.308076),train
NA5120_E1196N0686__m_3612112_ne_10_060_20220514,POINT (-121.547608 36.821421),train
NA5120_E1196N0705__m_3712118_sw_10_060_20200525,POINT (-121.855115 37.645836),val
NA5120_E1196N0707__m_3712117_ne_10_060_20200525,POINT (-121.888082 37.732513),train
NA5120_E1196N0709__m_3712109_ne_10_060_20200525,POINT (-121.921164 37.81917),train
NA5120_E1196N0709__m_3712109_ne_10_060_20220519,POINT (-121.921164 37.81917),train
NA5120_E1196N0711__m_3712101_sw_10_060_20220519,POINT (-121.954363 37.905807),val
NA5120_E1196N0713__m_3712101_nw_10_060_20220519,POINT (-121.987679 37.992424),train
NA5120_E1196N0733__m_3812214_nw_10_060_20200602,POINT (-122.327388 38.857463),val
NA5120_E1196N0733__m_3812214_nw_10_060_20220523,POINT (-122.327388 38.857463),val
NA5120_E1196N0739__m_3912261_ne_10_060_20220709,POINT (-122.431674 39.116565),train
NA5120_E1197N0656__m_3512132_se_10_060_20200609,POINT (-121.028808 35.52987),train
NA5120_E1197N0663__m_3512115_ne_10_060_20200704,POINT (-121.135069 35.834859),val
NA5120_E1197N0676__m_3612138_sw_10_060_20220513,POINT (-121.33583 36.400679),train
NA5120_E1197N0679__m_3612129_se_10_060_20220514,POINT (-121.382802 36.531142),test
NA5120_E1197N0692__m_3712160_nw_10_060_20220514,POINT (-121.589189 37.095994),train
NA5120_E1197N0712__m_3712101_ne_10_060_20200525,POINT (-121.915979 37.963401),train
NA5120_E1197N0739__m_3912253_se_10_060_20200602,POINT (-122.375814 39.131184),train
NA5120_E1197N0739__m_3912253_se_10_060_20220709,POINT (-122.375814 39.131184),train
NA5120_E1198N0704__m_3712119_sw_10_060_20200525,POINT (-121.729079 37.630831),test
NA5120_E1198N0709__m_3712110_nw_10_060_20200525,POINT (-121.811267 37.847633),train
NA5120_E1198N0744__m_3912245_ne_10_060_20200710,POINT (-122.407377 39.361671),train
NA5120_E1198N0753__m_3912212_sw_10_060_20200710,POINT (-122.566772 39.749944),train
NA5120_E1198N0808__m_4212360_nw_10_030_20220622,POINT (-123.599634 42.112597),train
NA5120_E1199N0685__m_3612113_ne_10_060_20220514,POINT (-121.368967 36.819773),train
NA5120_E1199N0694__m_3712152_ne_10_060_20220514,POINT (-121.512312 37.210866),train
NA5120_E1199N0705__m_3712119_nw_10_060_20200525,POINT (-121.690597 37.688339),train
NA5120_E1199N0705__m_3712119_nw_10_060_20220518,POINT (-121.690597 37.688339),train
NA5120_E1199N0707__m_3712111_sw_10_060_20220518,POINT (-121.723383 37.775089),test
NA5120_E1199N0710__m_3712102_se_10_060_20200525,POINT (-121.772778 37.905177),train
NA5120_E1199N0724__m_3812232_se_10_060_20200617,POINT (-122.006776 38.511655),test
NA5120_E1199N0731__m_3812215_ne_10_060_20220709,POINT (-122.125969 38.814517),train
NA5120_E1200N0705__m_3712119_ne_10_060_20220518,POINT (-121.635712 37.702447),val
NA5120_E1200N0706__m_3712111_se_10_060_20200525,POINT (-121.65206 37.745837),train
NA5120_E1200N0707__m_3712111_se_10_060_20220518,POINT (-121.668437 37.789221),train
NA5120_E1200N0711__m_3712103_nw_10_060_20200525,POINT (-121.734235 37.96271),train
NA5120_E1201N0708__m_3712111_ne_10_060_20200525,POINT (-121.629845 37.846714),train
NA5120_E1201N0708__m_3712111_ne_10_060_20220518,POINT (-121.629845 37.846714),train
NA5120_E1202N0664__m_3512001_ne_10_060_20200609,POINT (-120.88196 35.946557),train
NA5120_E1202N0664__m_3512001_ne_10_060_20220513,POINT (-120.88196 35.946557),train
NA5120_E1202N0709__m_3712104_sw_10_060_20220518,POINT (-121.591198 37.904197),train
NA5120_E1202N0728__m_3812117_ne_10_060_20200617,POINT (-121.907864 38.727827),val
NA5120_E1202N0728__m_3812117_ne_10_060_20220709,POINT (-121.907864 38.727827),val
NA5120_E1202N0732__m_3812101_sw_10_060_20220709,POINT (-121.975902 38.900989),test
NA5120_E1202N0814__m_4212337_nw_10_030_20220715,POINT (-123.485066 42.431308),train
NA5120_E1203N0655__m_3512027_nw_10_060_20200526,POINT (-120.693136 35.567363),train
NA5120_E1203N0655__m_3512027_nw_10_060_20220516,POINT (-120.693136 35.567363),train
NA5120_E1203N0656__m_3512027_nw_10_060_20200526,POINT (-120.708042 35.611017),train
NA5120_E1203N0664__m_3512002_nw_10_060_20200609,POINT (-120.82822 35.960098),train
NA5120_E1203N0684__m_3612115_ne_10_060_20220514,POINT (-121.136013 36.831552),val
NA5120_E1203N0701__m_3712129_ne_10_060_20220614,POINT (-121.406177 37.570839),train
NA5120_E1203N0767__m_4012236_se_10_060_20200713,POINT (-122.535625 40.427324),val
NA5120_E1203N0813__m_4212337_se_10_030_20220715,POINT (-123.406786 42.403921),train
NA5120_E1204N0659__m_3512011_sw_10_060_20200526,POINT (-120.699299 35.755411),train
NA5120_E1204N0675__m_3612033_nw_10_060_20200609,POINT (-120.942108 36.453258),train
NA5120_E1204N0723__m_3812127_sw_10_060_20200617,POINT (-121.71246 38.539699),train
NA5120_E1204N0726__m_3812118_se_10_060_20200617,POINT (-121.762805 38.66973),train
NA5120_E1204N0727__m_3812118_ne_10_060_20200617,POINT (-121.779646 38.713063),test
NA5120_E1204N0757__m_4012262_se_10_060_20200710,POINT (-122.299167 40.01064),train
NA5120_E1204N0786__m_4112242_sw_10_060_20220715,POINT (-122.828938 41.260286),train
NA5120_E1205N0635__m_3412022_ne_10_060_20220521,POINT (-120.294386 34.71973),val
NA5120_E1205N0755__m_3912207_nw_10_060_20200710,POINT (-122.207081 39.938861),train
NA5120_E1205N0768__m_4012229_sw_10_060_20200713,POINT (-122.439821 40.499949),train
NA5120_E1205N0770__m_4012229_nw_10_060_20200713,POINT (-122.476119 40.586188),test
NA5120_E1205N0770__m_4012229_nw_10_060_20220717,POINT (-122.476119 40.586188),test
NA5120_E1205N0776__m_4012212_nw_10_060_20200713,POINT (-122.585812 40.844766),train
NA5120_E1206N0632__m_3412031_nw_10_060_20200522,POINT (-120.198583 34.601526),train
NA5120_E1206N0696__m_3712139_se_10_060_20200622,POINT (-121.161708 37.395094),train
NA5120_E1206N0696__m_3712139_se_10_060_20220614,POINT (-121.161708 37.395094),train
NA5120_E1206N0759__m_4012255_sw_10_060_20200713,POINT (-122.221381 40.1262),val
NA5120_E1206N0760__m_4012255_sw_10_060_20220717,POINT (-122.239186 40.169385),train
NA5120_E1206N0780__m_4112260_sw_10_060_20220715,POINT (-122.602189 41.031912),train
NA5120_E1207N0665__m_3612059_ne_10_060_20200526,POINT (-120.62808 36.057628),train
NA5120_E1207N0673__m_3612034_se_10_060_20200609,POINT (-120.749201 36.406752),train
NA5120_E1207N0686__m_3612001_nw_10_060_20220614,POINT (-120.949638 36.973471),train
NA5120_E1207N0698__m_3712131_se_10_060_20220614,POINT (-121.138732 37.495911),train
NA5120_E1207N0707__m_3712106_se_10_060_20200617,POINT (-121.283186 37.887298),train
NA5120_E1207N0709__m_3712106_nw_10_060_20200617,POINT (-121.3156 37.97422),train
NA5120_E1207N0710__m_3812162_sw_10_060_20200617,POINT (-121.331849 38.017674),train
NA5120_E1207N0715__m_3812153_ne_10_060_20200617,POINT (-121.413529 38.234871),train
NA5120_E1207N0716__m_3812145_se_10_060_20200617,POINT (-121.429952 38.278296),train
NA5120_E1207N0765__m_4012238_se_10_060_20220717,POINT (-122.271746 40.39987),train
NA5120_E1207N0766__m_4012238_ne_10_060_20200713,POINT (-122.289713 40.443035),train
NA5120_E1207N0769__m_4012230_nw_10_060_20200713,POINT (-122.343812 40.572496),train
NA5120_E1207N0769__m_4012230_nw_10_060_20220717,POINT (-122.343812 40.572496),train
NA5120_E1207N0779__m_4112260_se_10_060_20200713,POINT (-122.526303 41.003669),train
NA5120_E1207N0793__m_4112226_ne_10_060_20220715,POINT (-122.787499 41.606348),train
NA5120_E1207N0812__m_4212339_se_10_030_20220621,POINT (-123.153016 42.422408),test
NA5120_E1208N0632__m_3412024_sw_10_060_20200522,POINT (-120.092739 34.627644),train
NA5120_E1208N0633__m_3412024_sw_10_060_20200522,POINT (-120.106935 34.671449),train
NA5120_E1208N0633__m_3412024_sw_10_060_20220521,POINT (-120.106935 34.671449),train
NA5120_E1208N0651__m_3512037_ne_10_060_20200526,POINT (-120.366625 35.459243),train
NA5120_E1208N0710__m_3812162_se_10_060_20200617,POINT (-121.276631 38.0316),test
NA5120_E1208N0713__m_3812154_sw_10_060_20200617,POINT (-121.325459 38.161968),train
NA5120_E1208N0715__m_3812146_sw_10_060_20200617,POINT (-121.358156 38.248857),train
NA5120_E1208N0720__m_3812137_nw_10_060_20200617,POINT (-121.440406 38.465992),train
NA5120_E1208N0722__m_3812129_sw_10_060_20200617,POINT (-121.473512 38.552812),train
NA5120_E1208N0734__m_3912159_ne_10_060_20220709,POINT (-121.674642 39.073311),train
NA5120_E1208N0831__m_4312345_sw_10_060_20200713,POINT (-123.472546 43.251748),train
NA5120_E1209N0628__m_3411933_nw_11_060_20200522,POINT (-119.983359 34.465357),train
NA5120_E1209N0655__m_3512021_se_10_060_20200526,POINT (-120.371825 35.64739),train
NA5120_E1209N0690__m_3712049_se_10_060_20200622,POINT (-120.902988 37.175041),train
NA5120_E1209N0690__m_3712049_se_10_060_20220614,POINT (-120.902988 37.175041),train
NA5120_E1209N0691__m_3712049_ne_10_060_20220614,POINT (-120.918644 37.218608),test
NA5120_E1209N0702__m_3712124_nw_10_060_20200617,POINT (-121.092683 37.697538),test
NA5120_E1209N0720__m_3812137_ne_10_060_20200617,POINT (-121.384854 38.480008),train
NA5120_E1209N0735__m_3912151_se_10_060_20200709,POINT (-121.635571 39.130852),train
NA5120_E1209N0737__m_3912151_ne_10_060_20200709,POINT (-121.669512 39.217546),train
NA5120_E1209N0737__m_3912151_ne_10_060_20220709,POINT (-121.669512 39.217546),train
NA5120_E1209N0768__m_4012231_nw_10_060_20200713,POINT (-122.211566 40.55862),train
NA5120_E1209N0768__m_4012231_nw_10_060_20220717,POINT (-122.211566 40.55862),train
NA5120_E1209N0770__m_4012222_se_10_060_20200713,POINT (-122.247597 40.644963),train
NA5120_E1209N0770__m_4012222_se_10_060_20220717,POINT (-122.247597 40.644963),train
NA5120_E1209N0809__m_4212241_nw_10_030_20220621,POINT (-122.977454 42.324084),train
NA5120_E1209N0812__m_4212340_ne_10_030_20220621,POINT (-123.035823 42.452873),train
NA5120_E1209N0812__m_4212340_ne_10_060_20200705,POINT (-123.035823 42.452873),train
NA5120_E1210N0631__m_3411925_nw_11_060_20200522,POINT (-119.972705 34.609816),train
NA5120_E1210N0645__m_3512055_ne_10_060_20200522,POINT (-120.172524 35.223075),train
NA5120_E1210N0648__m_3512047_nw_10_060_20200522,POINT (-120.215967 35.354384),train
NA5120_E1210N0656__m_3512022_nw_10_060_20200526,POINT (-120.33291 35.704357),train
NA5120_E1210N0674__m_3612036_nw_10_060_20200526,POINT (-120.601996 36.490802),train
NA5120_E1210N0700__m_3712124_se_10_060_20220614,POINT (-121.005833 37.624248),train
NA5120_E1210N0719__m_3812138_nw_10_060_20200617,POINT (-121.312833 38.450551),train
NA5120_E1210N0720__m_3812130_sw_10_060_20200617,POINT (-121.329279 38.493992),train
NA5120_E1210N0732__m_3912160_se_10_060_20220709,POINT (-121.528934 39.014905),train
NA5120_E1210N0740__m_3912143_ne_10_060_20220709,POINT (-121.66444 39.361779),train
NA5120_E1210N0741__m_3912135_se_10_060_20200709,POINT (-121.681515 39.405115),train
NA5120_E1210N0741__m_3912135_se_10_060_20220709,POINT (-121.681515 39.405115),train
NA5120_E1210N0795__m_4112219_ne_10_060_20220715,POINT (-122.651311 41.737294),train
NA5120_E1210N0810__m_4212233_sw_10_030_20220621,POINT (-122.938303 42.382176),train
NA5120_E1210N0810__m_4212233_sw_10_060_20200705,POINT (-122.938303 42.382176),train
NA5120_E1211N0699__m_3712025_nw_10_060_20220614,POINT (-120.935011 37.594416),train
NA5120_E1211N0700__m_3712017_sw_10_060_20200617,POINT (-120.950855 37.637964),test
NA5120_E1211N0700__m_3712017_sw_10_060_20220614,POINT (-120.950855 37.637964),test
NA5120_E1211N0702__m_3712017_nw_10_060_20200617,POINT (-120.982626 37.725048),test
NA5120_E1211N0724__m_3812122_nw_10_060_20200617,POINT (-121.339631 38.681712),train
NA5120_E1211N0745__m_3912127_nw_10_060_20200709,POINT (-121.693729 39.592671),train
NA5120_E1211N0747__m_3912119_sw_10_060_20220714,POINT (-121.728155 39.679312),train
NA5120_E1211N0806__m_4212250_ne_10_030_20220621,POINT (-122.802524 42.225407),train
NA5120_E1211N0806__m_4212250_ne_10_060_20200705,POINT (-122.802524 42.225407),train
NA5120_E1211N0807__m_4212242_sw_10_030_20220621,POINT (-122.821765 42.268389),test
NA5120_E1211N0807__m_4212242_sw_10_060_20200705,POINT (-122.821765 42.268389),test
NA5120_E1211N0808__m_4212242_nw_10_030_20220621,POINT (-122.841041 42.311365),train
NA5120_E1211N0808__m_4212242_nw_10_060_20200705,POINT (-122.841041 42.311365),train
NA5120_E1211N0833__m_4312338_sw_10_030_20220626,POINT (-123.334968 43.383758),test
NA5120_E1212N0700__m_3712017_se_10_060_20220614,POINT (-120.895855 37.65165),train
NA5120_E1212N0713__m_3812156_nw_10_060_20200617,POINT (-121.103986 38.217509),train
NA5120_E1212N0716__m_3812147_ne_10_060_20200617,POINT (-121.1527 38.347978),train
NA5120_E1212N0719__m_3812139_nw_10_060_20200617,POINT (-121.201675 38.478404),val
NA5120_E1212N0720__m_3812131_sw_10_060_20200617,POINT (-121.218058 38.52187),train
NA5120_E1212N0723__m_3812122_se_10_060_20200617,POINT (-121.267383 38.652238),train
NA5120_E1212N0724__m_3812122_ne_10_060_20200617,POINT (-121.283883 38.695684),train
NA5120_E1212N0734__m_3912153_sw_10_060_20200709,POINT (-121.450518 39.129874),train
NA5120_E1212N0734__m_3912153_sw_10_060_20220709,POINT (-121.450518 39.129874),train
NA5120_E1212N0742__m_3912136_nw_10_060_20200709,POINT (-121.585997 39.476865),train
NA5120_E1212N0742__m_3912136_nw_10_060_20220714,POINT (-121.585997 39.476865),train
NA5120_E1212N0746__m_3912119_se_10_060_20200709,POINT (-121.654472 39.650238),train
NA5120_E1212N0746__m_3912119_se_10_060_20220714,POINT (-121.654472 39.650238),train
NA5120_E1212N0810__m_4212234_sw_10_030_20220621,POINT (-122.821075 42.412389),val
NA5120_E1212N0810__m_4212234_sw_10_060_20200705,POINT (-122.821075 42.412389),val
NA5120_E1212N0811__m_4212234_nw_10_030_20220621,POINT (-122.840425 42.455361),train
NA5120_E1212N0811__m_4212234_nw_10_060_20200705,POINT (-122.840425 42.455361),train
NA5120_E1212N0812__m_4212226_sw_10_030_20220621,POINT (-122.859811 42.498327),train
NA5120_E1212N0812__m_4212226_sw_10_060_20200705,POINT (-122.859811 42.498327),train
NA5120_E1212N0864__m_4412317_ne_10_030_20220624,POINT (-123.920507 44.72377),val
NA5120_E1213N0645__m_3512048_se_10_060_20200522,POINT (-120.012405 35.262279),test
NA5120_E1213N0654__m_3512023_se_10_060_20200526,POINT (-120.14263 35.656385),val
NA5120_E1213N0685__m_3712060_sw_10_060_20200619,POINT (-120.606982 37.011247),train
NA5120_E1213N0694__m_3712034_se_10_060_20220614,POINT (-120.746553 37.403804),train
NA5120_E1213N0695__m_3712034_ne_10_060_20220614,POINT (-120.762197 37.447399),train
NA5120_E1213N0702__m_3712009_se_10_060_20220614,POINT (-120.872481 37.752436),train
NA5120_E1213N0704__m_3712009_ne_10_060_20200617,POINT (-120.904241 37.839547),train
NA5120_E1213N0716__m_3812148_nw_10_060_20200617,POINT (-121.097181 38.361823),train
NA5120_E1213N0722__m_3812123_sw_10_060_20200617,POINT (-121.195203 38.622703),train
NA5120_E1213N0723__m_3812123_sw_10_060_20200617,POINT (-121.211643 38.666167),train
NA5120_E1213N0724__m_3812123_nw_10_060_20200617,POINT (-121.228111 38.709625),train
NA5120_E1213N0726__m_3812114_se_10_060_20200617,POINT (-121.261137 38.796527),train
NA5120_E1213N0733__m_3912161_ne_10_060_20220709,POINT (-121.377661 39.100528),train
NA5120_E1213N0741__m_3912136_ne_10_060_20220714,POINT (-121.512638 39.447658),train
NA5120_E1213N0742__m_3912136_ne_10_060_20220714,POINT (-121.529647 39.491027),train
NA5120_E1213N0748__m_3912111_se_10_060_20220714,POINT (-121.63235 39.751131),train
NA5120_E1213N0749__m_3912111_se_10_060_20220714,POINT (-121.649576 39.794463),train
NA5120_E1213N0751__m_3912103_sw_10_060_20220714,POINT (-121.684122 39.881113),train
NA5120_E1213N0865__m_4412309_se_10_060_20200713,POINT (-123.881287 44.782249),train
NA5120_E1214N0661__m_3512007_nw_10_060_20200704,POINT (-120.191443 35.975864),val
NA5120_E1214N0699__m_3712018_se_10_060_20220614,POINT (-120.770037 37.635347),train
NA5120_E1214N0714__m_3812148_se_10_060_20200617,POINT (-121.00926 38.288615),val
NA5120_E1214N0723__m_3812123_ne_10_060_20200617,POINT (-121.15588 38.680065),test
NA5120_E1214N0742__m_3912129_sw_10_060_20200709,POINT (-121.473273 39.505158),train
NA5120_E1214N0742__m_3912129_sw_10_060_20220714,POINT (-121.473273 39.505158),train
NA5120_E1214N0747__m_3912120_nw_10_060_20200709,POINT (-121.558619 39.721987),val
NA5120_E1214N0747__m_3912120_nw_10_060_20220714,POINT (-121.558619 39.721987),val
NA5120_E1214N0749__m_3912112_nw_10_060_20200709,POINT (-121.592973 39.808682),train
NA5120_E1214N0749__m_3912112_nw_10_060_20220714,POINT (-121.592973 39.808682),train
NA5120_E1214N0787__m_4112238_ne_10_060_20220716,POINT (-122.270134 41.451854),train
NA5120_E1214N0830__m_4312348_sw_10_030_20220622,POINT (-123.096324 43.301301),train
NA5120_E1214N0831__m_4312347_ne_10_030_20220622,POINT (-123.116348 43.344177),train
NA5120_E1215N0626__m_3411935_ne_11_060_20200521,POINT (-119.638203 34.454788),train
NA5120_E1215N0636__m_3411902_se_11_060_20200521,POINT (-119.777839 34.89364),train
NA5120_E1215N0681__m_3612013_nw_10_060_20200619,POINT (-120.436698 36.863443),train
NA5120_E1215N0693__m_3712035_se_10_060_20200619,POINT (-120.621255 37.387262),train
NA5120_E1215N0721__m_3812132_nw_10_060_20200617,POINT (-121.067371 38.606953),train
NA5120_E1215N0835__m_4312331_se_10_030_20220622,POINT (-123.137206 43.530964),train
NA5120_E1216N0625__m_3411936_sw_11_060_20200521,POINT (-119.571486 34.423621),train
NA5120_E1216N0636__m_3411903_sw_11_060_20200521,POINT (-119.724647 34.906495),train
NA5120_E1216N0662__m_3612064_sw_10_060_20200704,POINT (-120.098319 36.045914),train
NA5120_E1216N0662__m_3612064_sw_10_060_20220610,POINT (-120.098319 36.045914),train
NA5120_E1216N0705__m_3712002_se_10_060_20200622,POINT (-120.754501 37.924055),val
NA5120_E1216N0706__m_3712002_ne_10_060_20200622,POINT (-120.770359 37.967635),train
NA5120_E1216N0711__m_3812050_nw_10_060_20200617,POINT (-120.850067 38.185462),train
NA5120_E1216N0713__m_3812041_se_10_060_20200617,POINT (-120.882149 38.272561),train
NA5120_E1216N0727__m_3812108_sw_10_060_20220709,POINT (-121.109952 38.881717),test
NA5120_E1217N0661__m_3612064_se_10_060_20200704,POINT (-120.029702 36.015236),train
NA5120_E1217N0691__m_3712045_nw_10_060_20220615,POINT (-120.480581 37.326894),train
NA5120_E1217N0722__m_3812017_sw_10_060_20200617,POINT (-120.972139 38.678062),train
NA5120_E1217N0728__m_3812108_nw_10_060_20200709,POINT (-121.07045 38.939058),train
NA5120_E1217N0757__m_4012152_nw_10_060_20220713,POINT (-121.560894 40.198028),train
NA5120_E1218N0635__m_3411904_sw_11_060_20200521,POINT (-119.60422 34.888218),train
NA5120_E1218N0637__m_3411903_ne_11_060_20200521,POINT (-119.632215 34.976012),train
NA5120_E1218N0686__m_3712054_sw_10_060_20220615,POINT (-120.349085 37.121898),train
NA5120_E1218N0715__m_3812034_sw_10_060_20200617,POINT (-120.803165 38.387029),val
NA5120_E1218N0761__m_4012136_sw_10_060_20220713,POINT (-121.573489 40.385586),train
NA5120_E1219N0734__m_3912156_ne_10_060_20200709,POINT (-121.05738 39.227663),train
NA5120_E1219N0734__m_3912156_ne_10_060_20220709,POINT (-121.05738 39.227663),train
NA5120_E1219N0847__m_4412363_ne_10_030_20220624,POINT (-123.141348 44.106592),train
NA5120_E1219N0848__m_4412355_se_10_060_20200719,POINT (-123.161848 44.149431),train
NA5120_E1219N0857__m_4412330_sw_10_030_20220624,POINT (-123.348149 44.534691),test
NA5120_E1220N0694__m_3712030_sw_10_060_20220615,POINT (-120.36208 37.498055),val
NA5120_E1220N0697__m_3712021_se_10_060_20200619,POINT (-120.408449 37.629068),train
NA5120_E1220N0697__m_3712021_se_10_060_20220615,POINT (-120.408449 37.629068),train
NA5120_E1220N0698__m_3712021_se_10_060_20220615,POINT (-120.42396 37.67273),train
NA5120_E1220N0701__m_3712013_sw_10_060_20200619,POINT (-120.470658 37.80369),train
NA5120_E1220N0701__m_3712013_sw_10_060_20220615,POINT (-120.470658 37.80369),train
NA5120_E1220N0707__m_3812060_nw_10_060_20200619,POINT (-120.564801 38.065488),train
NA5120_E1220N0722__m_3812018_ne_10_060_20200622,POINT (-120.804598 38.719257),train
NA5120_E1220N0722__m_3812018_nw_10_060_20200617,POINT (-120.804598 38.719257),train
NA5120_E1220N0743__m_3912123_se_10_060_20220719,POINT (-121.15133 39.632738),train
NA5120_E1220N0790__m_4112117_sw_10_060_20200712,POINT (-121.977145 41.669073),train
NA5120_E1220N0847__m_4412356_sw_10_030_20220624,POINT (-123.081121 44.121945),val
NA5120_E1220N0847__m_4412356_sw_10_060_20200719,POINT (-123.081121 44.121945),val
NA5120_E1220N0851__m_4412347_se_10_030_20220624,POINT (-123.163209 44.293323),train
NA5120_E1221N0620__m_3411947_sw_11_060_20200521,POINT (-119.23882 34.266985),train
NA5120_E1221N0623__m_3411938_se_11_060_20200521,POINT (-119.279538 34.398936),train
NA5120_E1221N0624__m_3411938_ne_11_060_20200521,POINT (-119.293157 34.442912),train
NA5120_E1221N0624__m_3411938_ne_11_060_20220513,POINT (-119.293157 34.442912),train
NA5120_E1221N0628__m_3411922_sw_11_060_20200521,POINT (-119.347865 34.618779),train
NA5120_E1221N0710__m_3812052_ne_10_060_20200619,POINT (-120.556739 38.209853),train
NA5120_E1221N0869__m_4512361_nw_10_030_20220711,POINT (-123.479515 45.078857),test
NA5120_E1221N0869__m_4512361_nw_10_060_20200713,POINT (-123.479515 45.078857),test
NA5120_E1222N0623__m_3411939_sw_11_060_20200521,POINT (-119.226603 34.411481),train
NA5120_E1222N0623__m_3411939_sw_11_060_20220513,POINT (-119.226603 34.411481),train
NA5120_E1222N0634__m_3411905_se_11_060_20200521,POINT (-119.377381 34.895125),test
NA5120_E1222N0638__m_3511961_nw_11_060_20200521,POINT (-119.432914 35.070881),train
NA5120_E1222N0639__m_3511961_nw_11_060_20200521,POINT (-119.446857 35.11481),train
NA5120_E1222N0640__m_3511953_sw_11_060_20200521,POINT (-119.460824 35.158736),train
NA5120_E1222N0681__m_3612008_ne_10_060_20220615,POINT (-120.054704 36.956236),train
NA5120_E1222N0702__m_3712005_se_10_060_20200619,POINT (-120.375739 37.874173),train
NA5120_E1222N0721__m_3812019_ne_10_060_20200622,POINT (-120.676666 38.70299),train
NA5120_E1222N0854__m_4412340_nw_10_060_20200719,POINT (-123.104111 44.452599),train
NA5120_E1222N0865__m_4412306_sw_10_030_20220711,POINT (-123.333668 44.923452),test
NA5120_E1222N0865__m_4412306_sw_10_060_20200713,POINT (-123.333668 44.923452),test
NA5120_E1222N0869__m_4512361_ne_10_030_20220711,POINT (-123.418377 45.09447),train
NA5120_E1222N0869__m_4512361_ne_10_060_20200713,POINT (-123.418377 45.09447),train
NA5120_E1223N0620__m_3411947_se_11_060_20200521,POINT (-119.1331 34.291984),train
NA5120_E1223N0620__m_3411947_se_11_060_20220514,POINT (-119.1331 34.291984),train
NA5120_E1223N0707__m_3812061_ne_10_060_20200619,POINT (-120.398486 38.105874),train
NA5120_E1223N0715__m_3812036_ne_10_060_20200619,POINT (-120.524819 38.454962),train
NA5120_E1223N0791__m_4112110_sw_10_060_20200711,POINT (-121.820781 41.75579),train
NA5120_E1223N0852__m_4412340_se_10_030_20220624,POINT (-123.002386 44.382229),train
NA5120_E1223N0852__m_4412340_se_10_060_20200719,POINT (-123.002386 44.382229),train
NA5120_E1223N0863__m_4412315_nw_10_030_20220711,POINT (-123.230624 44.853391),test
NA5120_E1224N0624__m_3411939_ne_11_060_20200521,POINT (-119.134214 34.480491),train
NA5120_E1224N0624__m_3411939_ne_11_060_20220513,POINT (-119.134214 34.480491),train
NA5120_E1224N0663__m_3611951_ne_11_060_20200705,POINT (-119.680534 36.193778),train
NA5120_E1224N0704__m_3712006_ne_10_060_20200724,POINT (-120.296186 37.988257),train
NA5120_E1224N0772__m_4012105_ne_10_060_20200707,POINT (-121.422036 40.947549),train
NA5120_E1224N0775__m_4112161_nw_10_060_20220713,POINT (-121.474996 41.077574),val
NA5120_E1224N0859__m_4412324_nw_10_030_20220624,POINT (-123.086245 44.697546),train
NA5120_E1224N0869__m_4512354_se_10_030_20220711,POINT (-123.296 45.125594),test
NA5120_E1225N0681__m_3611901_ne_11_060_20200626,POINT (-119.890682 36.995552),train
NA5120_E1225N0699__m_3712015_se_10_060_20200630,POINT (-120.163454 37.783084),train
NA5120_E1225N0703__m_3712007_nw_10_060_20200724,POINT (-120.225257 37.9579),train
NA5120_E1225N0704__m_3812062_se_10_060_20200724,POINT (-120.240776 38.001592),train
NA5120_E1225N0705__m_3812062_se_10_060_20200724,POINT (-120.256323 38.045281),train
NA5120_E1225N0705__m_3812062_se_10_060_20220811,POINT (-120.256323 38.045281),train
NA5120_E1225N0774__m_4112161_se_10_060_20220713,POINT (-121.399583 41.048425),train
NA5120_E1225N0850__m_4412242_nw_10_060_20200720,POINT (-122.84044 44.326969),val
NA5120_E1225N0854__m_4412225_se_10_060_20200720,POINT (-122.922242 44.498562),train
NA5120_E1225N0859__m_4412324_ne_10_030_20220624,POINT (-123.025396 44.712907),train
NA5120_E1225N0859__m_4412324_ne_10_060_20200719,POINT (-123.025396 44.712907),train
NA5120_E1226N0617__m_3411849_nw_11_060_20220513,POINT (-118.934297 34.197129),train
NA5120_E1226N0673__m_3611919_sw_11_060_20200705,POINT (-119.71772 36.658054),train
NA5120_E1226N0695__m_3712024_se_10_060_20200626,POINT (-120.04694 37.621399),train
NA5120_E1226N0705__m_3812063_nw_10_060_20220811,POINT (-120.20086 38.058597),test
NA5120_E1226N0711__m_3812046_ne_10_060_20200724,POINT (-120.294534 38.320703),train
NA5120_E1226N0719__m_3812021_se_10_060_20220722,POINT (-120.421002 38.669926),val
NA5120_E1226N0776__m_4112153_se_10_060_20200707,POINT (-121.377094 41.149299),train
NA5120_E1226N0851__m_4412234_se_10_060_20200720,POINT (-122.800258 44.385086),train
NA5120_E1227N0617__m_3411849_ne_11_060_20200522,POINT (-118.881443 34.209468),train
NA5120_E1227N0619__m_3411841_se_11_060_20200521,POINT (-118.908091 34.297583),train
NA5120_E1227N0619__m_3411841_se_11_060_20220513,POINT (-118.908091 34.297583),train
NA5120_E1227N0851__m_4412234_se_10_060_20200720,POINT (-122.739654 44.400261),train
NA5120_E1227N0861__m_4412209_nw_10_030_20220714,POINT (-122.944988 44.829278),train
NA5120_E1227N0861__m_4412209_nw_10_060_20200720,POINT (-122.944988 44.829278),train
NA5120_E1227N0869__m_4512356_sw_10_030_20220711,POINT (-123.11218 45.172021),test
NA5120_E1227N0874__m_4512339_sw_10_030_20220711,POINT (-123.218024 45.38602),train
NA5120_E1227N0874__m_4512339_sw_10_060_20200719,POINT (-123.218024 45.38602),train
NA5120_E1228N0615__m_3411850_se_11_060_20220512,POINT (-118.802068 34.133628),test
NA5120_E1228N0616__m_3411850_sw_11_060_20200522,POINT (-118.815308 34.177705),train
NA5120_E1228N0616__m_3411850_sw_11_060_20220512,POINT (-118.815308 34.177705),train
NA5120_E1228N0670__m_3611928_sw_11_060_20200705,POINT (-119.56498 36.552289),val
NA5120_E1228N0675__m_3611911_se_11_060_20200705,POINT (-119.638002 36.771581),val
NA5120_E1228N0722__m_3812014_nw_10_060_20220722,POINT (-120.356813 38.827744),train
NA5120_E1228N0763__m_4012132_ne_10_060_20200707,POINT (-121.03536 40.613184),train
NA5120_E1228N0806__m_4212134_ne_10_060_20200715,POINT (-121.804313 42.476556),train
NA5120_E1228N0861__m_4412209_ne_10_030_20220711,POINT (-122.883962 44.844566),train
NA5120_E1228N0861__m_4412209_ne_10_060_20200720,POINT (-122.883962 44.844566),train
NA5120_E1228N0866__m_4512257_nw_10_060_20200720,POINT (-122.987952 45.058904),test
NA5120_E1228N0870__m_4512356_nw_10_060_20200719,POINT (-123.071885 45.230256),train
NA5120_E1229N0655__m_3511906_se_11_060_20200705,POINT (-119.295702 35.906482),train
NA5120_E1229N0671__m_3611928_ne_11_060_20200705,POINT (-119.525063 36.609),train
NA5120_E1229N0734__m_3912044_ne_10_060_20200716,POINT (-120.49374 39.364707),train
NA5120_E1229N0734__m_3912044_ne_10_060_20220723,POINT (-120.49374 39.364707),train
NA5120_E1229N0810__m_4212118_sw_10_060_20200715,POINT (-121.819928 42.663912),train
NA5120_E1229N0877__m_4512331_se_10_030_20220711,POINT (-123.158681 45.545359),train
NA5120_E1230N0617__m_3411843_sw_11_060_20220513,POINT (-118.722774 34.24631),train
NA5120_E1230N0617__m_3411851_nw_11_060_20200522,POINT (-118.722774 34.24631),train
NA5120_E1230N0634__m_3411801_nw_11_060_20220607,POINT (-118.950748 34.995339),train
NA5120_E1230N0670__m_3611929_nw_11_060_20200705,POINT (-119.45608 36.577926),train
NA5120_E1230N0715__m_3812031_se_10_060_20200730,POINT (-120.134191 38.548769),train
NA5120_E1230N0715__m_3812031_se_10_060_20220811,POINT (-120.134191 38.548769),train
NA5120_E1230N0758__m_4012034_sw_10_060_20220708,POINT (-120.835285 40.423567),train
NA5120_E1230N0821__m_4312149_sw_10_030_20220923,POINT (-121.968444 43.153505),test
NA5120_E1230N0876__m_4512332_sw_10_030_20220711,POINT (-123.075693 45.518006),train
NA5120_E1231N0615__m_3411851_se_11_060_20220512,POINT (-118.643517 34.170323),train
NA5120_E1231N0646__m_3511932_sw_11_060_20220607,POINT (-119.061951 35.53594),train
NA5120_E1231N0664__m_3611946_nw_11_060_20200705,POINT (-119.315356 36.327221),train
NA5120_E1231N0669__m_3611929_se_11_060_20200705,POINT (-119.387163 36.546796),train
NA5120_E1231N0673__m_3611921_nw_11_060_20200705,POINT (-119.445063 36.722384),test
NA5120_E1231N0725__m_3912063_sw_10_060_20220722,POINT (-120.236181 38.998931),train
NA5120_E1231N0798__m_4212153_sw_10_060_20200715,POINT (-121.480386 42.173651),train
NA5120_E1231N0801__m_4212144_se_10_060_20200715,POINT (-121.535219 42.303532),train
NA5120_E1231N0813__m_4212110_ne_10_030_20220923,POINT (-121.757692 42.822556),train
NA5120_E1231N0868__m_4512250_nw_10_030_20220711,POINT (-122.845729 45.190563),train
NA5120_E1231N0869__m_4512249_ne_10_060_20200719,POINT (-122.866613 45.233442),train
NA5120_E1232N0628__m_3411810_se_11_060_20200501,POINT (-118.763037 34.755733),train
NA5120_E1232N0644__m_3511833_nw_11_060_20200704,POINT (-118.980558 35.460411),train
NA5120_E1232N0674__m_3611913_se_11_060_20200705,POINT (-119.404979 36.779058),val
NA5120_E1232N0674__m_3611913_se_11_060_20220624,POINT (-119.404979 36.779058),val
NA5120_E1232N0743__m_3912013_sw_10_060_20220717,POINT (-120.470813 39.797746),train
NA5120_E1232N0814__m_4212103_sw_10_030_20220923,POINT (-121.717105 42.880258),train
NA5120_E1233N0616__m_3411852_ne_11_060_20220504,POINT (-118.550828 34.238768),train
NA5120_E1233N0643__m_3511833_se_11_060_20200629,POINT (-118.913077 35.428825),val
NA5120_E1233N0645__m_3511825_sw_11_060_20200704,POINT (-118.940584 35.516871),train
NA5120_E1233N0665__m_3611939_sw_11_060_20200705,POINT (-119.220952 36.396493),train
NA5120_E1233N0668__m_3611930_se_11_060_20200705,POINT (-119.263855 36.528302),train
NA5120_E1233N0670__m_3611930_ne_11_060_20200705,POINT (-119.292581 36.616155),train
NA5120_E1233N0757__m_4012035_se_10_060_20220709,POINT (-120.646393 40.421311),train
NA5120_E1233N0869__m_4512242_se_10_060_20200719,POINT (-122.743627 45.263945),train
NA5120_E1234N0640__m_3511842_nw_11_060_20200704,POINT (-118.818354 35.309095),train
NA5120_E1234N0655__m_3511908_ne_11_060_20200705,POINT (-119.025467 35.969397),train
NA5120_E1234N0655__m_3511908_ne_11_060_20220624,POINT (-119.025467 35.969397),train
NA5120_E1234N0658__m_3611964_nw_11_060_20200705,POINT (-119.067539 36.101355),train
NA5120_E1234N0660__m_3611956_nw_11_060_20200705,POINT (-119.09571 36.189308),val
NA5120_E1234N0672__m_3611922_ne_11_060_20200705,POINT (-119.266808 36.716697),test
NA5120_E1234N0704__m_3811950_se_11_060_20200731,POINT (-119.741115 38.120224),train
NA5120_E1234N0704__m_3811958_ne_11_060_20200626,POINT (-119.741115 38.120224),train
NA5120_E1234N0752__m_4012052_ne_10_060_20220709,POINT (-120.505495 40.217177),train
NA5120_E1234N0757__m_4012036_nw_10_060_20220709,POINT (-120.589025 40.434994),train
NA5120_E1234N0760__m_4012027_ne_10_060_20220709,POINT (-120.639513 40.565626),train
NA5120_E1234N0869__m_4512243_sw_10_060_20200719,POINT (-122.682084 45.279145),train
NA5120_E1234N0873__m_4512234_ne_10_060_20200719,POINT (-122.765556 45.450777),train
NA5120_E1235N0657__m_3611964_ne_11_060_20200705,POINT (-118.999327 36.069887),val
NA5120_E1235N0792__m_4112107_ne_10_030_20220723,POINT (-121.137279 41.970318),train
NA5120_E1235N0792__m_4112107_ne_10_060_20200711,POINT (-121.137279 41.970318),train
NA5120_E1235N0809__m_4212121_nw_10_060_20200715,POINT (-121.446115 42.707112),train
NA5120_E1235N0866__m_4512252_sw_10_030_20220711,POINT (-122.558457 45.165473),train
NA5120_E1235N0871__m_4512235_se_10_030_20220711,POINT (-122.662079 45.380168),val
NA5120_E1235N0872__m_4512235_sw_10_030_20220711,POINT (-122.682928 45.423088),train
NA5120_E1235N0880__m_4512210_sw_10_030_20220626,POINT (-122.851217 45.766208),val
NA5120_E1235N0880__m_4512210_sw_10_060_20200719,POINT (-122.851217 45.766208),val
NA5120_E1235N0881__m_4512209_ne_10_030_20220626,POINT (-122.872442 45.809069),val
NA5120_E1235N0881__m_4512209_ne_10_060_20200719,POINT (-122.872442 45.809069),val
NA5120_E1236N0634__m_3511859_ne_11_060_20220703,POINT (-118.630013 35.069264),train
NA5120_E1236N0672__m_3611915_se_11_060_20200705,POINT (-119.157548 36.742014),train
NA5120_E1236N0833__m_4312110_sw_10_030_20220924,POINT (-121.839335 43.759172),train
NA5120_E1236N0868__m_4512244_se_10_030_20220711,POINT (-122.538213 45.266486),train
NA5120_E1236N0871__m_4512236_sw_10_030_20220711,POINT (-122.600388 45.395328),train
NA5120_E1236N0875__m_4512227_nw_10_030_20220711,POINT (-122.683868 45.567027),train
NA5120_E1236N0875__m_4512227_nw_10_060_20200719,POINT (-122.683868 45.567027),train
NA5120_E1236N0887__m_4612257_nw_10_060_20191010,POINT (-122.938348 46.08149),train
NA5120_E1236N0889__m_4612249_sw_10_030_20220626,POINT (-122.98136 46.16714),train
NA5120_E1236N0889__m_4612249_sw_10_060_20200719,POINT (-122.98136 46.16714),train
NA5120_E1237N0636__m_3511852_sw_11_060_20200704,POINT (-118.603344 35.169675),train
NA5120_E1237N0683__m_3711954_ne_11_060_20200803,POINT (-119.261895 37.237922),test
NA5120_E1237N0685__m_3711946_ne_11_060_20200803,POINT (-119.291137 37.325742),train
NA5120_E1237N0725__m_3911957_ne_11_060_20190812,POINT (-119.898387 39.078634),test
NA5120_E1237N0733__m_3912040_se_10_060_20190812,POINT (-120.025163 39.428379),train
NA5120_E1237N0733__m_3912040_se_10_060_20220721,POINT (-120.025163 39.428379),train
NA5120_E1237N0872__m_4512236_nw_10_030_20220711,POINT (-122.55943 45.453402),val
NA5120_E1237N0872__m_4512236_nw_10_060_20200719,POINT (-122.55943 45.453402),val
NA5120_E1237N0877__m_4512219_se_10_060_20190805,POINT (-122.663889 45.668051),train
NA5120_E1238N0702__m_3811961_nw_11_060_20200803,POINT (-119.488303 38.084459),train
NA5120_E1238N0720__m_3811902_se_11_060_20190814,POINT (-119.763867 38.873013),train
NA5120_E1238N0871__m_4512237_sw_10_030_20220711,POINT (-122.476905 45.425543),train
NA5120_E1238N0878__m_4512219_ne_10_060_20190805,POINT (-122.622862 45.726156),train
NA5120_E1239N0685__m_3711947_ne_11_060_20200804,POINT (-119.180948 37.351158),train
NA5120_E1239N0721__m_3811903_sw_11_060_20220630,POINT (-119.723171 38.929877),train
NA5120_E1239N0734__m_3911925_se_11_060_20190812,POINT (-119.927758 39.498603),train
NA5120_E1239N0803__m_4212132_sw_10_030_20220723,POINT (-121.099559 42.503869),train
NA5120_E1239N0841__m_4412150_sw_10_030_20220924,POINT (-121.813196 44.148327),train
NA5120_E1239N0873__m_4512229_sw_10_030_20220711,POINT (-122.456525 45.526549),test
NA5120_E1239N0873__m_4512229_sw_10_060_20200719,POINT (-122.456525 45.526549),test
NA5120_E1240N0610__m_3411864_nw_11_060_20220512,POINT (-118.102766 34.057809),train
NA5120_E1240N0624__m_3411822_se_11_060_20220424,POINT (-118.283824 34.676471),train
NA5120_E1240N0625__m_3411822_ne_11_060_20220424,POINT (-118.296923 34.720635),val
NA5120_E1240N0725__m_3911951_sw_11_060_20190814,POINT (-119.729185 39.11806),train
NA5120_E1240N0731__m_3911934_sw_11_060_20220614,POINT (-119.823492 39.380606),train
NA5120_E1240N0740__m_3911909_sw_11_060_20190812,POINT (-119.966896 39.774123),train
NA5120_E1240N0740__m_3911909_sw_11_060_20220614,POINT (-119.966896 39.774123),train
NA5120_E1240N0829__m_4312120_se_10_030_20220924,POINT (-121.522002 43.644329),train
NA5120_E1240N0829__m_4312120_se_10_060_20200625,POINT (-121.522002 43.644329),train
NA5120_E1240N0873__m_4512229_se_10_030_20220711,POINT (-122.394618 45.541599),train
NA5120_E1240N0900__m_4612217_nw_10_060_20191010,POINT (-122.969143 46.699776),test
NA5120_E1240N0902__m_4612316_se_10_060_20191010,POINT (-123.012962 46.785372),train
NA5120_E1241N0607__m_3311808_ne_11_060_20220512,POINT (-118.011715 33.936985),train
NA5120_E1241N0609__m_3411864_se_11_060_20220512,POINT (-118.03713 34.025446),val
NA5120_E1241N0611__m_3411864_nw_11_060_20220512,POINT (-118.062632 34.113893),train
NA5120_E1241N0633__m_3511862_nw_11_060_20200621,POINT (-118.348966 35.085913),train
NA5120_E1241N0633__m_3511862_nw_11_060_20220702,POINT (-118.348966 35.085913),train
NA5120_E1241N0644__m_3511828_ne_11_060_20200704,POINT (-118.49624 35.571286),train
NA5120_E1241N0727__m_3911951_nw_11_060_20220614,POINT (-119.703994 39.218695),train
NA5120_E1241N0731__m_3911934_se_11_060_20220614,POINT (-119.766845 39.393754),train
NA5120_E1241N0734__m_3911926_sw_11_060_20220614,POINT (-119.814283 39.525002),test
NA5120_E1241N0769__m_4112061_se_10_060_20220707,POINT (-120.387456 41.053178),train
NA5120_E1241N0872__m_4512230_sw_10_030_20220719,POINT (-122.312031 45.513611),train
NA5120_E1242N0610__m_3411864_ne_11_060_20220512,POINT (-117.996957 34.081504),train
NA5120_E1242N0832__m_4312113_sw_10_030_20220628,POINT (-121.458502 43.802877),train
NA5120_E1242N0832__m_4312113_sw_10_060_20200625,POINT (-121.458502 43.802877),train
NA5120_E1242N0901__m_4612209_se_10_060_20191010,POINT (-122.86477 46.773421),test
NA5120_E1243N0631__m_3511863_sw_11_060_20200621,POINT (-118.21543 35.021666),test
NA5120_E1243N0704__m_3811955_nw_11_060_20200731,POINT (-119.239714 38.236347),train
NA5120_E1243N0736__m_3911919_sw_11_060_20220614,POINT (-119.732352 39.638798),test
NA5120_E1243N0739__m_3911910_se_11_060_20190814,POINT (-119.78002 39.770049),train
NA5120_E1243N0762__m_4012015_se_10_060_20220708,POINT (-120.154336 40.774945),test
NA5120_E1243N0804__m_4212025_ne_10_030_20220723,POINT (-120.88067 42.603389),train
NA5120_E1244N0597__m_3311727_sw_11_060_20200424,POINT (-117.728238 33.52952),train
NA5120_E1244N0604__m_3311710_nw_11_060_20200424,POINT (-117.815476 33.839508),train
NA5120_E1244N0608__m_3411757_se_11_060_20200424,POINT (-117.865793 34.016571),test
NA5120_E1244N0636__m_3511847_sw_11_060_20200621,POINT (-118.2278 35.25451),val
NA5120_E1244N0638__m_3511846_ne_11_060_20200621,POINT (-118.25433 35.342831),train
NA5120_E1244N0638__m_3511846_ne_11_060_20220702,POINT (-118.25433 35.342831),train
NA5120_E1244N0677__m_3711858_ne_11_060_20200803,POINT (-118.790525 37.062182),train
NA5120_E1244N0677__m_3711858_ne_11_060_20220710,POINT (-118.790525 37.062182),train
NA5120_E1244N0706__m_3811947_nw_11_060_20200731,POINT (-119.213795 38.336897),test
NA5120_E1244N0716__m_3811913_se_11_060_20220630,POINT (-119.364912 38.77566),train
NA5120_E1244N0793__m_4212051_se_10_030_20220724,POINT (-120.625936 42.13918),train
NA5120_E1244N0822__m_4312139_se_10_030_20220901,POINT (-121.150108 43.398405),train
NA5120_E1244N0843__m_4412144_ne_10_030_20220824,POINT (-121.5484 44.307388),train
NA5120_E1244N0843__m_4412144_ne_10_060_20200625,POINT (-121.5484 44.307388),train
NA5120_E1244N0843__m_4412144_se_10_030_20220924,POINT (-121.5484 44.307388),train
NA5120_E1245N0599__m_3311719_sw_11_060_20200424,POINT (-117.700407 33.629745),train
NA5120_E1245N0601__m_3311719_nw_11_060_20200424,POINT (-117.725254 33.718335),train
NA5120_E1245N0607__m_3311702_ne_11_060_20200424,POINT (-117.800305 33.984027),train
NA5120_E1245N0620__m_3411725_nw_11_060_20220507,POINT (-117.965567 34.559285),train
NA5120_E1245N0636__m_3511847_se_11_060_20220702,POINT (-118.17408 35.26651),test
NA5120_E1245N0657__m_3611853_nw_11_060_20220704,POINT (-118.456645 36.193378),train
NA5120_E1245N0680__m_3711850_ne_11_060_20200803,POINT (-118.778241 37.206658),train
NA5120_E1245N0680__m_3711850_ne_11_060_20220710,POINT (-118.778241 37.206658),train
NA5120_E1245N0690__m_3711817_se_11_060_20200804,POINT (-118.922185 37.646583),train
NA5120_E1245N0716__m_3811914_sw_11_060_20220630,POINT (-119.308678 38.78851),train
NA5120_E1245N0835__m_4312106_nw_10_060_20200625,POINT (-121.334205 43.975737),train
NA5120_E1245N0906__m_4712258_se_10_060_20191010,POINT (-122.784141 47.033707),train
NA5120_E1246N0596__m_3311728_sw_11_060_20200423,POINT (-117.61071 33.508419),train
NA5120_E1246N0596__m_3311728_sw_11_060_20220512,POINT (-117.61071 33.508419),train
NA5120_E1246N0598__m_3311727_ne_11_060_20200424,POINT (-117.635375 33.597048),val
NA5120_E1246N0606__m_3311703_nw_11_060_20200424,POINT (-117.734878 33.951431),val
NA5120_E1246N0607__m_3311702_ne_11_060_20200424,POINT (-117.747411 33.995715),train
NA5120_E1246N0692__m_3711809_se_11_060_20200804,POINT (-118.895811 37.747073),train
NA5120_E1246N0731__m_3911937_nw_11_060_20220614,POINT (-119.483267 39.459021),train
NA5120_E1246N0741__m_3911903_se_11_060_20190812,POINT (-119.640704 39.896942),train
NA5120_E1246N0837__m_4412162_nw_10_060_20200625,POINT (-121.311664 44.076622),train
NA5120_E1247N0596__m_3311728_sw_11_060_20200423,POINT (-117.558111 33.519974),val
NA5120_E1247N0596__m_3311728_sw_11_060_20220512,POINT (-117.558111 33.519974),val
NA5120_E1247N0598__m_3311728_nw_11_060_20200423,POINT (-117.58272 33.608621),train
NA5120_E1247N0598__m_3311728_nw_11_060_20220512,POINT (-117.58272 33.608621),train
NA5120_E1247N0606__m_3311703_ne_11_060_20200424,POINT (-117.681996 33.96308),train
NA5120_E1247N0607__m_3411759_sw_11_060_20200424,POINT (-117.6945 34.007373),train
NA5120_E1247N0686__m_3711826_se_11_060_20220710,POINT (-118.753724 37.495605),test
NA5120_E1247N0690__m_3711818_sw_11_060_20200804,POINT (-118.811352 37.671615),train
NA5120_E1247N0690__m_3711818_sw_11_060_20220710,POINT (-118.811352 37.671615),train
NA5120_E1247N0792__m_4212053_se_10_030_20220724,POINT (-120.431587 42.136871),train
NA5120_E1247N0801__m_4212028_sw_10_030_20220724,POINT (-120.589855 42.528533),train
NA5120_E1247N0836__m_4412163_sw_10_060_20200625,POINT (-121.231988 44.047611),test
NA5120_E1248N0599__m_3311720_se_11_060_20200423,POINT (-117.542357 33.664493),train
NA5120_E1248N0644__m_3511823_se_11_060_20220702,POINT (-118.118526 35.655851),val
NA5120_E1248N0792__m_4212053_se_10_030_20220724,POINT (-120.372606 42.150535),test
NA5120_E1248N0793__m_4212053_ne_10_030_20220724,POINT (-120.39002 42.194086),train
NA5120_E1248N0824__m_4312025_sw_10_030_20220901,POINT (-120.946718 43.541613),train
NA5120_E1249N0647__m_3511816_sw_11_060_20200621,POINT (-118.104426 35.800353),train
NA5120_E1249N0761__m_4011910_ne_11_060_20190901,POINT (-119.790835 40.811276),train
NA5120_E1249N0761__m_4011910_ne_11_060_20220611,POINT (-119.790835 40.811276),train
NA5120_E1249N0793__m_4212054_nw_10_030_20220717,POINT (-120.330975 42.207729),train
NA5120_E1249N0840__m_4412147_sw_10_060_20200625,POINT (-121.186498 44.249357),test
NA5120_E1249N0851__m_4412121_ne_10_030_20220824,POINT (-121.398276 44.725437),train
NA5120_E1250N0601__m_3311713_sw_11_060_20220512,POINT (-117.461474 33.776197),train
NA5120_E1250N0603__m_3311713_nw_11_060_20220512,POINT (-117.486122 33.864868),test
NA5120_E1250N0609__m_3411752_sw_11_060_20200423,POINT (-117.560571 34.130806),train
NA5120_E1250N0611__m_3411752_nw_11_060_20200621,POINT (-117.585557 34.219426),train
NA5120_E1250N0701__m_3811850_ne_11_060_20220710,POINT (-118.80449 38.192988),train
NA5120_E1250N0701__m_3811850_nw_11_060_20220814,POINT (-118.80449 38.192988),train
NA5120_E1250N0759__m_4011919_nw_11_060_20190901,POINT (-119.700308 40.737027),train
NA5120_E1250N0841__m_4412147_ne_10_030_20220821,POINT (-121.14463 44.30691),train
NA5120_E1250N0842__m_4412147_ne_10_060_20200625,POINT (-121.163691 44.350226),train
NA5120_E1250N0845__m_4412139_nw_10_060_20200625,POINT (-121.2211 44.480143),train
NA5120_E1250N0855__m_4412105_se_10_030_20220824,POINT (-121.414936 44.912823),train
NA5120_E1251N0574__m_3211732_nw_11_060_20200520,POINT (-117.084705 32.589151),test
NA5120_E1251N0575__m_3211724_sw_11_060_20200520,POINT (-117.096443 32.633581),train
NA5120_E1251N0577__m_3211723_ne_11_060_20200520,POINT (-117.119978 32.722431),train
NA5120_E1251N0577__m_3211723_ne_11_060_20220425,POINT (-117.119978 32.722431),train
NA5120_E1251N0583__m_3211707_nw_11_060_20200520,POINT (-117.191059 32.988909),train
NA5120_E1251N0594__m_3311738_nw_11_060_20200423,POINT (-117.323255 33.477167),train
NA5120_E1251N0851__m_4412114_se_10_030_20220821,POINT (-121.275576 44.754169),val
NA5120_E1252N0575__m_3211724_se_11_060_20200520,POINT (-117.04435 32.644798),train
NA5120_E1252N0575__m_3211724_se_11_060_20220425,POINT (-117.04435 32.644798),train
NA5120_E1252N0576__m_3211724_ne_11_060_20200428,POINT (-117.05608 32.689234),train
NA5120_E1252N0596__m_3311730_ne_11_060_20200423,POINT (-117.294877 33.577311),train
NA5120_E1252N0602__m_3311713_ne_11_060_20200423,POINT (-117.368105 33.843494),train
NA5120_E1252N0602__m_3311713_ne_11_060_20220512,POINT (-117.368105 33.843494),train
NA5120_E1252N0603__m_3311705_se_11_060_20220512,POINT (-117.380383 33.887847),train
NA5120_E1252N0605__m_3311705_ne_11_060_20200423,POINT (-117.405 33.976543),train
NA5120_E1252N0606__m_3411761_se_11_060_20200423,POINT (-117.41734 34.020886),test
NA5120_E1252N0608__m_3411761_nw_11_060_20200423,POINT (-117.442084 34.109563),train
NA5120_E1252N0615__m_3411736_se_11_060_20200621,POINT (-117.529354 34.419833),train
NA5120_E1252N0616__m_3411736_ne_11_060_20200621,POINT (-117.541907 34.464144),train
NA5120_E1252N0708__m_3811826_se_11_060_20220710,POINT (-118.795448 38.525887),train
NA5120_E1252N0839__m_4412041_sw_10_030_20220628,POINT (-120.984826 44.248589),val
NA5120_E1252N0848__m_4412123_se_10_060_20200703,POINT (-121.15633 44.638586),train
NA5120_E1252N0849__m_4412123_ne_10_060_20200703,POINT (-121.175575 44.68189),train
NA5120_E1253N0573__m_3211625_nw_11_060_20200425,POINT (-116.968896 32.567089),train
NA5120_E1253N0576__m_3211724_ne_11_060_20200428,POINT (-117.003945 32.700431),train
NA5120_E1253N0582__m_3211708_nw_11_060_20200428,POINT (-117.074575 32.967036),train
NA5120_E1253N0585__m_3311764_nw_11_060_20200428,POINT (-117.110158 33.100298),train
NA5120_E1253N0600__m_3311714_se_11_060_20220512,POINT (-117.290805 33.766196),train
NA5120_E1253N0601__m_3311714_ne_11_060_20200423,POINT (-117.303012 33.810564),test
NA5120_E1253N0601__m_3311714_ne_11_060_20220512,POINT (-117.303012 33.810564),test
NA5120_E1253N0606__m_3411762_sw_11_060_20200423,POINT (-117.364361 34.03236),train
NA5120_E1253N0763__m_4011904_nw_11_060_20190901,POINT (-119.591615 40.951454),train
NA5120_E1254N0577__m_3211609_sw_11_060_20200425,POINT (-116.963489 32.756051),train
NA5120_E1254N0578__m_3211609_sw_11_060_20200425,POINT (-116.975204 32.800498),train
NA5120_E1254N0578__m_3211609_sw_11_060_20220425,POINT (-116.975204 32.800498),train
NA5120_E1254N0579__m_3211609_nw_11_060_20200425,POINT (-116.986938 32.844943),train
NA5120_E1254N0582__m_3211708_ne_11_060_20200428,POINT (-117.022258 32.978259),train
NA5120_E1254N0583__m_3311764_se_11_060_20200428,POINT (-117.034072 33.022692),train
NA5120_E1254N0584__m_3311764_ne_11_060_20200428,POINT (-117.045905 33.067121),train
NA5120_E1254N0585__m_3311764_nw_11_060_20200428,POINT (-117.057758 33.111548),train
NA5120_E1254N0587__m_3311756_nw_11_060_20200428,POINT (-117.081524 33.200392),train
NA5120_E1254N0588__m_3311748_sw_11_060_20200428,POINT (-117.093438 33.24481),train
NA5120_E1254N0588__m_3311748_sw_11_060_20220415,POINT (-117.093438 33.24481),train
NA5120_E1254N0591__m_3311739_se_11_060_20220415,POINT (-117.129299 33.378045),train
NA5120_E1254N0592__m_3311739_se_11_060_20200520,POINT (-117.141293 33.42245),train
NA5120_E1254N0592__m_3311739_se_11_060_20220415,POINT (-117.141293 33.42245),train
NA5120_E1254N0595__m_3311731_ne_11_060_20200422,POINT (-117.177397 33.555649),train
NA5120_E1254N0603__m_3311706_se_11_060_20220512,POINT (-117.274579 33.910708),train
NA5120_E1254N0604__m_3311706_ne_11_060_20220512,POINT (-117.28682 33.955076),train
NA5120_E1254N0608__m_3411754_sw_11_060_20200423,POINT (-117.335993 34.132518),train
NA5120_E1254N0609__m_3411754_sw_11_060_20200423,POINT (-117.348338 34.176871),train
NA5120_E1254N0911__m_4712238_sw_10_060_20191011,POINT (-122.319407 47.385262),train
NA5120_E1255N0576__m_3211617_ne_11_060_20200425,POINT (-116.899629 32.72274),train
NA5120_E1255N0577__m_3211609_se_11_060_20200425,POINT (-116.911296 32.7672),train
NA5120_E1255N0578__m_3211609_ne_11_060_20200425,POINT (-116.922983 32.811656),val
NA5120_E1255N0579__m_3211609_nw_11_060_20200425,POINT (-116.934689 32.85611),train
NA5120_E1255N0580__m_3211601_sw_11_060_20200425,POINT (-116.946415 32.900561),train
NA5120_E1255N0581__m_3211601_nw_11_060_20200425,POINT (-116.958161 32.945008),train
NA5120_E1255N0584__m_3311657_nw_11_060_20200425,POINT (-116.993517 33.078334),train
NA5120_E1255N0584__m_3311764_ne_11_060_20200428,POINT (-116.993517 33.078334),train
NA5120_E1255N0586__m_3311756_se_11_060_20200428,POINT (-117.017187 33.167202),test
NA5120_E1255N0587__m_3311756_ne_11_060_20200428,POINT (-117.029053 33.211632),train
NA5120_E1255N0603__m_3311707_sw_11_060_20220512,POINT (-117.221653 33.922095),train
NA5120_E1255N0606__m_3411762_ne_11_060_20200423,POINT (-117.258352 34.055218),val
NA5120_E1256N0577__m_3211610_sw_11_060_20200425,POINT (-116.859088 32.77832),train
NA5120_E1256N0578__m_3211609_ne_11_060_20200425,POINT (-116.870747 32.822786),train
NA5120_E1256N0579__m_3211609_ne_11_060_20200425,POINT (-116.882425 32.867248),train
NA5120_E1256N0587__m_3311649_nw_11_060_20200415,POINT (-116.976565 33.222842),test
NA5120_E1256N0599__m_3311715_se_11_060_20200422,POINT (-117.120184 33.755873),train
NA5120_E1256N0601__m_3311715_ne_11_060_20200422,POINT (-117.144406 33.844669),train
NA5120_E1256N0785__m_4111902_ne_11_060_20200717,POINT (-119.78091 41.952944),train
NA5120_E1256N0913__m_4712231_sw_10_060_20191011,POINT (-122.234652 47.501344),train
NA5120_E1257N0578__m_3211610_nw_11_060_20200425,POINT (-116.818496 32.833886),train
NA5120_E1257N0582__m_3311658_sw_11_060_20200415,POINT (-116.865217 33.011755),train
NA5120_E1257N0598__m_3311724_ne_11_060_20200422,POINT (-117.05529 33.722752),train
NA5120_E1257N0603__m_3311707_ne_11_060_20200422,POINT (-117.115753 33.94478),val
NA5120_E1257N0604__m_3311707_ne_11_060_20200422,POINT (-117.127908 33.989176),val
NA5120_E1257N0858__m_4512156_se_10_060_20200703,POINT (-121.041605 45.142906),train
NA5120_E1257N0868__m_4512131_nw_10_030_20220701,POINT (-121.237591 45.575817),train
NA5120_E1257N0920__m_4712214_nw_10_060_20191011,POINT (-122.323464 47.817085),val
NA5120_E1258N0578__m_3211610_ne_11_060_20200425,POINT (-116.76623 32.844958),train
NA5120_E1258N0582__m_3311658_sw_11_060_20200415,POINT (-116.812839 33.022862),test
NA5120_E1258N0604__m_3411764_sw_11_060_20200422,POINT (-117.074905 34.000484),test
NA5120_E1258N0898__m_4612102_se_10_060_20190826,POINT (-121.786286 46.885734),train
NA5120_E1258N0921__m_4712206_se_10_060_20191011,POINT (-122.280883 47.875148),train
NA5120_E1259N0572__m_3211627_ne_11_060_20200415,POINT (-116.644787 32.589004),train
NA5120_E1259N0589__m_3311642_nw_11_060_20200525,POINT (-116.842577 33.345223),train
NA5120_E1259N0589__m_3311642_nw_11_060_20220506,POINT (-116.842577 33.345223),train
NA5120_E1259N0591__m_3311633_ne_11_060_20200415,POINT (-116.866222 33.434134),train
NA5120_E1259N0598__m_3311609_sw_11_060_20220506,POINT (-116.949613 33.745229),val
NA5120_E1259N0598__m_3311617_nw_11_060_20200415,POINT (-116.949613 33.745229),val
NA5120_E1259N0599__m_3311609_sw_11_060_20200422,POINT (-116.961607 33.789659),test
NA5120_E1259N0602__m_3311708_se_11_060_20200422,POINT (-116.997713 33.92293),train
NA5120_E1259N0920__m_4712215_nw_10_060_20191011,POINT (-122.194265 47.847284),train
NA5120_E1260N0572__m_3211628_nw_11_060_20200415,POINT (-116.592657 32.599965),train
NA5120_E1260N0598__m_3311609_se_11_060_20200422,POINT (-116.896751 33.756423),train
NA5120_E1260N0598__m_3311609_se_11_060_20220506,POINT (-116.896751 33.756423),train
NA5120_E1260N0603__m_3311601_nw_11_060_20200615,POINT (-116.956783 33.978588),val
NA5120_E1260N0603__m_3311601_nw_11_060_20220506,POINT (-116.956783 33.978588),val
NA5120_E1260N0845__m_4412020_sw_10_030_20220716,POINT (-120.608498 44.621225),train
NA5120_E1260N0921__m_4712207_se_10_060_20191011,POINT (-122.151517 47.905305),train
NA5120_E1261N0577__m_3211612_nw_11_060_20200415,POINT (-116.597822 32.83349),train
NA5120_E1261N0582__m_3311659_ne_11_060_20200415,POINT (-116.655616 33.056011),train
NA5120_E1261N0590__m_3311634_se_11_060_20200415,POINT (-116.749107 33.411894),train
NA5120_E1261N0683__m_3711725_sw_11_060_20200718,POINT (-117.935859 37.534266),train
NA5120_E1261N0792__m_4211944_nw_11_030_20220901,POINT (-119.603443 42.32512),train
NA5120_E1261N0867__m_4512025_nw_10_030_20220701,POINT (-120.968611 45.58965),test
NA5120_E1261N0933__m_4812238_nw_10_060_20190806,POINT (-122.352747 48.435699),train
NA5120_E1262N0572__m_3211621_sw_11_060_20200415,POINT (-116.488355 32.6218),train
NA5120_E1262N0576__m_3211612_se_11_060_20200415,POINT (-116.534052 32.799916),train
NA5120_E1262N0580__m_3211604_nw_11_060_20200415,POINT (-116.580058 32.977985),train
NA5120_E1262N0582__m_3311660_nw_11_060_20200415,POINT (-116.603178 33.067003),train
NA5120_E1262N0593__m_3311627_nw_11_060_20200415,POINT (-116.731744 33.556391),train
NA5120_E1262N0593__m_3311627_nw_11_060_20220531,POINT (-116.731744 33.556391),train
NA5120_E1262N0601__m_3311602_sw_11_060_20200415,POINT (-116.826765 33.912086),train
NA5120_E1262N0776__m_4111922_se_11_060_20220615,POINT (-119.278254 41.638055),val
NA5120_E1262N0839__m_4412037_se_10_060_20200704,POINT (-120.374062 44.388157),train
NA5120_E1262N0920__m_4712208_se_10_060_20191011,POINT (-122.000183 47.892306),train
NA5120_E1262N0926__m_4812255_se_10_060_20190806,POINT (-122.131772 48.150249),train
NA5120_E1262N0927__m_4812255_ne_10_060_20190806,POINT (-122.153866 48.193216),train
NA5120_E1263N0581__m_3311660_se_11_060_20200415,POINT (-116.539183 33.033449),train
NA5120_E1263N0593__m_3311627_nw_11_060_20200415,POINT (-116.678979 33.567452),train
NA5120_E1263N0599__m_3311610_ne_11_060_20220506,POINT (-116.749951 33.834296),train
NA5120_E1263N0833__m_4412055_sw_10_060_20200704,POINT (-120.202829 44.140786),train
NA5120_E1263N0848__m_4412013_sw_10_030_20220625,POINT (-120.480277 44.793268),train
NA5120_E1263N0848__m_4412013_sw_10_060_20200622,POINT (-120.480277 44.793268),train
NA5120_E1263N0865__m_4512026_se_10_030_20220701,POINT (-120.804893 45.531268),train
NA5120_E1264N0571__m_3211629_ne_11_060_20200415,POINT (-116.372672 32.598967),train
NA5120_E1265N0573__m_3211622_nw_11_060_20200415,POINT (-116.343103 32.698897),train
NA5120_E1265N0606__m_3411651_sw_11_060_20220429,POINT (-116.727345 34.167748),train
NA5120_E1265N0836__m_4412047_se_10_060_20200704,POINT (-120.13534 44.298724),train
NA5120_E1265N0869__m_4512018_ne_10_060_20200703,POINT (-120.757801 45.732928),test
NA5120_E1266N0572__m_3211622_se_11_060_20200415,POINT (-116.279574 32.665126),train
NA5120_E1266N0757__m_4011810_ne_11_060_20190831,POINT (-118.740418 40.855763),train
NA5120_E1266N0852__m_4512061_se_10_030_20220625,POINT (-120.370146 45.008671),train
NA5120_E1266N0852__m_4512061_se_10_060_20200622,POINT (-120.370146 45.008671),train
NA5120_E1266N0866__m_4512019_se_10_060_20200703,POINT (-120.637031 45.616822),train
NA5120_E1266N0868__m_4512019_ne_10_060_20190804,POINT (-120.675775 45.703612),train
NA5120_E1267N0585__m_3311645_se_11_060_20200415,POINT (-116.375166 33.255163),train
NA5120_E1267N0585__m_3311645_se_11_060_20220415,POINT (-116.375166 33.255163),train
NA5120_E1267N0603__m_3411660_nw_11_060_20200416,POINT (-116.585299 34.056445),val
NA5120_E1267N0785__m_4211963_ne_11_030_20220901,POINT (-119.130995 42.097135),train
NA5120_E1267N0867__m_4512020_sw_10_030_20220628,POINT (-120.593842 45.674227),train
NA5120_E1268N0584__m_3311654_nw_11_060_20200415,POINT (-116.311094 33.221455),train
NA5120_E1268N0585__m_3311646_sw_11_060_20200415,POINT (-116.322553 33.266007),train
NA5120_E1268N0851__m_4412007_nw_10_030_20220625,POINT (-120.227619 44.992728),train
NA5120_E1268N0851__m_4412007_nw_10_060_20200703,POINT (-120.227619 44.992728),train
NA5120_E1268N0863__m_4512029_sw_10_030_20220628,POINT (-120.454437 45.514462),train
NA5120_E1268N0865__m_4512028_ne_10_030_20220628,POINT (-120.492775 45.601341),val
NA5120_E1268N0865__m_4512028_ne_10_060_20200622,POINT (-120.492775 45.601341),val
NA5120_E1269N0570__m_3211632_nw_11_060_20200420,POINT (-116.100491 32.608121),train
NA5120_E1269N0595__m_3311621_ne_11_060_20200416,POINT (-116.385297 33.722271),val
NA5120_E1269N0595__m_3311621_ne_11_060_20220415,POINT (-116.385297 33.722271),val
NA5120_E1269N0840__m_4411925_sw_11_060_20200622,POINT (-119.962971 44.527363),train
NA5120_E1269N0857__m_4512046_se_10_030_20220628,POINT (-120.278169 45.26749),train
NA5120_E1269N0857__m_4512046_se_10_060_20200622,POINT (-120.278169 45.26749),train
NA5120_E1269N0869__m_4512012_se_10_060_20190804,POINT (-120.507225 45.788995),train
NA5120_E1270N0595__m_3311622_nw_11_060_20200416,POINT (-116.332366 33.733145),train
NA5120_E1270N0595__m_3311622_nw_11_060_20220415,POINT (-116.332366 33.733145),train
NA5120_E1270N0604__m_3411653_sw_11_060_20200416,POINT (-116.437632 34.133884),train
NA5120_E1270N0604__m_3411653_sw_11_060_20220429,POINT (-116.437632 34.133884),train
NA5120_E1270N0856__m_4512055_nw_10_030_20220628,POINT (-120.197167 45.237744),test
NA5120_E1270N0871__m_4512005_sw_10_060_20190804,POINT (-120.483133 45.889789),train
NA5120_E1271N0593__m_3311622_se_11_060_20200416,POINT (-116.256305 33.654886),test
NA5120_E1271N0593__m_3311622_se_11_060_20220415,POINT (-116.256305 33.654886),test
NA5120_E1271N0595__m_3311614_se_11_060_20220415,POINT (-116.279421 33.743989),val
NA5120_E1271N0869__m_4512013_ne_10_060_20190804,POINT (-120.381745 45.816812),val
NA5120_E1272N0592__m_3311623_sw_11_060_20200416,POINT (-116.191903 33.621119),val
NA5120_E1272N0595__m_3311615_sw_11_060_20220415,POINT (-116.22646 33.754804),train
NA5120_E1272N0603__m_3411662_nw_11_060_20200416,POINT (-116.319483 34.111171),train
NA5120_E1272N0853__m_4512056_se_10_030_20220628,POINT (-120.016841 45.134495),test
NA5120_E1272N0853__m_4512056_se_10_060_20200622,POINT (-120.016841 45.134495),test
NA5120_E1272N0864__m_4512031_nw_10_030_20220628,POINT (-120.223495 45.613263),train
NA5120_E1272N0865__m_4512022_se_10_030_20220628,POINT (-120.24251 45.656754),train
NA5120_E1272N0865__m_4512023_sw_10_060_20200703,POINT (-120.24251 45.656754),train
NA5120_E1272N0886__m_4612027_ne_10_060_20190803,POINT (-120.6509 46.5688),train
NA5120_E1273N0833__m_4411944_sw_11_030_20220717,POINT (-119.591287 44.275719),train
NA5120_E1273N0866__m_4512023_nw_10_030_20220628,POINT (-120.198876 45.714018),train
NA5120_E1273N0866__m_4512023_nw_10_060_20190803,POINT (-120.198876 45.714018),train
NA5120_E1273N0866__m_4512023_nw_10_060_20200703,POINT (-120.198876 45.714018),train
NA5120_E1274N0720__m_3911743_nw_11_060_20190901,POINT (-117.725673 39.324075),train
NA5120_E1274N0797__m_4211817_ne_11_060_20200720,POINT (-118.912303 42.713331),train
NA5120_E1274N0859__m_4512040_se_10_030_20220628,POINT (-120.004193 45.423049),train
NA5120_E1274N0859__m_4512040_se_10_060_20200617,POINT (-120.004193 45.423049),train
NA5120_E1274N0861__m_4512032_se_10_030_20220628,POINT (-120.041706 45.510136),train
NA5120_E1274N0866__m_4512023_ne_10_030_20220628,POINT (-120.136156 45.72776),train
NA5120_E1274N0866__m_4512023_ne_10_060_20200703,POINT (-120.136156 45.72776),train
NA5120_E1274N0871__m_4512007_nw_10_060_20190803,POINT (-120.231568 45.945248),train
NA5120_E1274N0884__m_4612029_sw_10_060_20190803,POINT (-120.484244 46.510068),train
NA5120_E1274N0887__m_4612020_se_10_060_20190803,POINT (-120.543516 46.640276),train
NA5120_E1275N0840__m_4411928_nw_11_030_20220717,POINT (-119.593604 44.608032),train
NA5120_E1275N0865__m_4512024_ne_10_030_20220628,POINT (-120.054482 45.697937),train
NA5120_E1275N0865__m_4512024_ne_10_060_20200617,POINT (-120.054482 45.697937),train
NA5120_E1275N0865__m_4512024_nw_10_060_20200703,POINT (-120.054482 45.697937),train
NA5120_E1275N0882__m_4612037_ne_10_060_20190803,POINT (-120.38147 46.437163),train
NA5120_E1276N0604__m_3411655_ne_11_060_20200416,POINT (-116.11815 34.198988),test
NA5120_E1276N0792__m_4211827_sw_11_030_20220831,POINT (-118.71049 42.519483),train
NA5120_E1276N0792__m_4211827_sw_11_060_20200725,POINT (-118.71049 42.519483),train
NA5120_E1276N0862__m_4511925_nw_11_030_20220716,POINT (-119.935336 45.580936),test
NA5120_E1276N0881__m_4612038_se_10_060_20190803,POINT (-120.298471 46.407601),train
NA5120_E1277N0603__m_3411656_se_11_060_20200419,POINT (-116.053279 34.165157),val
NA5120_E1277N0603__m_3411656_sw_11_060_20200416,POINT (-116.053279 34.165157),val
NA5120_E1277N0605__m_3411648_sw_11_060_20200416,POINT (-116.076439 34.254309),train
NA5120_E1277N0791__m_4211835_ne_11_060_20200808,POINT (-118.634484 42.488255),train
NA5120_E1277N0796__m_4211819_nw_11_030_20220831,POINT (-118.716155 42.70778),train
NA5120_E1277N0796__m_4211819_nw_11_060_20200725,POINT (-118.716155 42.70778),train
NA5120_E1277N0800__m_4211802_se_11_030_20220831,POINT (-118.782062 42.88332),test
NA5120_E1277N0879__m_4612047_nw_10_060_20190803,POINT (-120.196187 46.33449),train
NA5120_E1278N0596__m_3311509_ne_11_060_20200419,POINT (-115.919761 33.863683),train
NA5120_E1278N0777__m_4111806_sw_11_060_20190814,POINT (-118.350757 41.885481),val
NA5120_E1278N0779__m_4111805_ne_11_060_20190814,POINT (-118.382391 41.973448),train
NA5120_E1278N0859__m_4511934_ne_11_060_20200718,POINT (-119.754224 45.477272),train
NA5120_E1279N0594__m_3311510_sw_11_060_20200419,POINT (-115.843977 33.785062),train
NA5120_E1279N0776__m_4111814_ne_11_060_20190814,POINT (-118.275823 41.85392),train
NA5120_E1279N0792__m_4211828_ne_11_030_20220831,POINT (-118.53121 42.557437),train
NA5120_E1279N0792__m_4211828_ne_11_060_20200807,POINT (-118.53121 42.557437),train
NA5120_E1279N0801__m_4211803_ne_11_030_20220831,POINT (-118.678359 42.952679),train
NA5120_E1280N0814__m_4311826_sw_11_060_20200725,POINT (-118.834805 43.535793),train
NA5120_E1280N0872__m_4611957_ne_11_060_20190731,POINT (-119.872197 46.070913),train
NA5120_E1281N0775__m_4111815_ne_11_060_20190814,POINT (-118.141801 41.834647),train
NA5120_E1281N0838__m_4411931_nw_11_030_20220717,POINT (-119.187814 44.599941),val
NA5120_E1281N0875__m_4611949_ne_11_060_20190731,POINT (-119.865887 46.215184),val
NA5120_E1281N0876__m_4611941_se_11_060_20190731,POINT (-119.884931 46.25874),test
NA5120_E1282N0799__m_4211805_sw_11_060_20200807,POINT (-118.465095 42.902776),train
NA5120_E1282N0866__m_4511911_ne_11_030_20220716,POINT (-119.63327 45.836389),train
NA5120_E1283N0754__m_4011703_nw_11_060_20190830,POINT (-117.703591 40.933221),train
NA5120_E1283N0754__m_4011703_sw_11_060_20220614,POINT (-117.703591 40.933221),train
NA5120_E1283N0771__m_4111717_nw_11_060_20190814,POINT (-117.961487 41.682996),train
NA5120_E1284N0731__m_3911706_sw_11_060_20190811,POINT (-117.309942 39.928803),train
NA5120_E1284N0830__m_4411842_sw_11_030_20220721,POINT (-118.863392 44.288635),train
NA5120_E1284N0830__m_4411842_sw_11_060_20200706,POINT (-118.863392 44.288635),train
NA5120_E1284N0832__m_4411833_se_11_030_20220721,POINT (-118.897955 44.376275),train
NA5120_E1286N0623__m_3511550_se_11_060_20200416,POINT (-115.802936 35.153064),train
NA5120_E1287N0815__m_4311821_se_11_060_20200725,POINT (-118.425798 43.6687),train
NA5120_E1287N0833__m_4411835_nw_11_030_20220721,POINT (-118.730333 44.458718),val
NA5120_E1287N0866__m_4511906_sw_11_060_20190730,POINT (-119.317957 45.903103),train
NA5120_E1287N0874__m_4611945_sw_11_060_20190730,POINT (-119.466442 46.252439),train
NA5120_E1287N0875__m_4611945_sw_11_060_20190730,POINT (-119.485175 46.296082),train
NA5120_E1288N0734__m_4011763_ne_11_060_20220611,POINT (-117.121833 40.10834),val
NA5120_E1288N0873__m_4611953_ne_11_060_20190730,POINT (-119.384276 46.222117),train
NA5120_E1288N0901__m_4711933_ne_11_060_20190731,POINT (-119.921328 47.442653),train
NA5120_E1289N0609__m_3411529_nw_11_060_20200419,POINT (-115.480394 34.559743),val
NA5120_E1289N0749__m_4011714_se_11_060_20220615,POINT (-117.279442 40.783723),train
NA5120_E1289N0807__m_4311847_ne_11_030_20220828,POINT (-118.172618 43.34205),train
NA5120_E1289N0875__m_4611946_nw_11_060_20190730,POINT (-119.358018 46.322755),train
NA5120_E1290N0757__m_4111754_sw_11_060_20190830,POINT (-117.338147 41.149228),val
NA5120_E1290N0767__m_4111729_nw_11_060_20190830,POINT (-117.487027 41.591072),train
NA5120_E1290N0839__m_4411811_se_11_060_20200706,POINT (-118.64831 44.760263),train
NA5120_E1290N0858__m_4511825_nw_11_030_20220806,POINT (-118.983398 45.592714),test
NA5120_E1290N0878__m_4611938_nw_11_060_20190730,POINT (-119.35041 46.467058),train
NA5120_E1291N0642__m_3611558_se_11_060_20190820,POINT (-115.755465 36.05362),train
NA5120_E1291N0720__m_3911626_se_11_060_20190831,POINT (-116.753668 39.522602),train
NA5120_E1291N0747__m_4011723_ne_11_060_20190825,POINT (-117.133724 40.718707),test
NA5120_E1291N0770__m_4111721_nw_11_060_20190830,POINT (-117.473033 41.735504),train
NA5120_E1291N0773__m_4111704_se_11_060_20190830,POINT (-117.518395 41.86798),train
NA5120_E1291N0786__m_4211735_nw_11_030_20220829,POINT (-117.718006 42.441634),test
NA5120_E1291N0819__m_4311806_se_11_060_20200725,POINT (-118.247915 43.894702),train
NA5120_E1291N0869__m_4611963_ne_11_060_20190730,POINT (-119.120007 46.087017),train
NA5120_E1291N0876__m_4611938_se_11_060_20190730,POINT (-119.249323 46.392973),train
NA5120_E1291N0912__m_4711901_nw_11_060_20190731,POINT (-119.94496 47.962364),train
NA5120_E1292N0757__m_4111755_sw_11_060_20190830,POINT (-117.220701 41.172815),train
NA5120_E1292N0827__m_4411846_sw_11_030_20220718,POINT (-118.320077 44.258842),train
NA5120_E1292N0827__m_4411846_sw_11_060_20200814,POINT (-118.320077 44.258842),train
NA5120_E1292N0855__m_4511834_ne_11_030_20220806,POINT (-118.804094 45.487312),train
NA5120_E1292N0859__m_4511817_se_11_060_20200718,POINT (-118.875501 45.662505),train
NA5120_E1292N0869__m_4611964_ne_11_060_20190730,POINT (-119.056593 46.100144),train
NA5120_E1293N0620__m_3511561_ne_11_060_20200416,POINT (-115.390055 35.09273),val
NA5120_E1293N0623__m_3511553_ne_11_060_20200416,POINT (-115.424383 35.226735),test
NA5120_E1293N0736__m_4011642_sw_11_060_20220923,POINT (-116.860663 40.254789),train
NA5120_E1293N0794__m_4211711_nw_11_030_20220829,POINT (-117.722951 42.818665),train
NA5120_E1293N0794__m_4211711_nw_11_060_20200719,POINT (-117.722951 42.818665),train
NA5120_E1293N0797__m_4211702_ne_11_060_20200809,POINT (-117.770216 42.950921),train
NA5120_E1293N0828__m_4411846_ne_11_030_20220718,POINT (-118.275268 44.315343),val
NA5120_E1293N0828__m_4411846_ne_11_060_20200814,POINT (-118.275268 44.315343),val
NA5120_E1294N0797__m_4211703_nw_11_030_20220829,POINT (-117.709855 42.96308),train
NA5120_E1294N0806__m_4311742_nw_11_060_20200809,POINT (-117.852954 43.359731),train
NA5120_E1294N0807__m_4311733_se_11_060_20200809,POINT (-117.86901 43.403782),train
NA5120_E1294N0885__m_4611915_nw_11_060_20190730,POINT (-119.225804 46.82589),train
NA5120_E1295N0567__m_3211419_nw_11_060_20211125,POINT (-114.707042 32.741263),train
NA5120_E1295N0623__m_3511546_sw_11_060_20200416,POINT (-115.316084 35.24751),train
NA5120_E1295N0850__m_4511844_ne_11_030_20220823,POINT (-118.527791 45.30663),train
NA5120_E1295N0850__m_4511844_ne_11_060_20200718,POINT (-118.527791 45.30663),train
NA5120_E1295N0866__m_4611858_sw_11_030_20220806,POINT (-118.811861 46.007946),train
NA5120_E1296N0566__m_3211419_ne_11_060_20190704,POINT (-114.644221 32.706304),train
NA5120_E1296N0566__m_3211419_ne_11_060_20211125,POINT (-114.644221 32.706304),train
NA5120_E1296N0752__m_4111657_se_11_060_20190825,POINT (-116.913297 40.998195),test
NA5120_E1296N0807__m_4311734_se_11_060_20200809,POINT (-117.747387 43.42823),train
NA5120_E1296N0812__m_4311718_sw_11_030_20220710,POINT (-117.827725 43.648543),train
NA5120_E1296N0812__m_4311718_sw_11_060_20200809,POINT (-117.827725 43.648543),train
NA5120_E1296N0832__m_4411831_se_11_030_20220718,POINT (-118.157148 44.528722),test
NA5120_E1296N0855__m_4511828_se_11_030_20220823,POINT (-118.552669 45.53872),val
NA5120_E1296N0855__m_4511828_se_11_060_20200721,POINT (-118.552669 45.53872),val
NA5120_E1296N0855__m_4511828_sw_11_060_20200718,POINT (-118.552669 45.53872),val
NA5120_E1297N0595__m_3411457_se_11_060_20200419,POINT (-114.897589 34.015561),train
NA5120_E1297N0896__m_4711946_ne_11_060_20190730,POINT (-119.240777 47.346134),test
NA5120_E1298N0587__m_3311418_se_11_060_20200419,POINT (-114.758591 33.667284),train
NA5120_E1298N0819__m_4311702_nw_11_060_20200809,POINT (-117.818803 43.981395),train
NA5120_E1298N0857__m_4511821_sw_11_030_20220823,POINT (-118.461873 45.651966),train
NA5120_E1298N0857__m_4511821_sw_11_060_20200721,POINT (-118.461873 45.651966),train
NA5120_E1298N0863__m_4511804_sw_11_060_20200718,POINT (-118.568013 45.915136),train
NA5120_E1298N0880__m_4611817_se_11_060_20190730,POINT (-118.87596 46.659836),train
NA5120_E1299N0572__m_3311460_se_11_060_20211126,POINT (-114.548438 33.004837),val
NA5120_E1299N0586__m_3311419_sw_11_060_20200419,POINT (-114.694876 33.632423),train
NA5120_E1299N0757__m_4111642_sw_11_060_20190825,POINT (-116.80894 41.254308),test
NA5120_E1299N0809__m_4311728_sw_11_060_20200809,POINT (-117.596552 43.552846),train
NA5120_E1299N0811__m_4311719_se_11_060_20200809,POINT (-117.628467 43.641038),train
NA5120_E1299N0817__m_4311703_sw_11_060_20200809,POINT (-117.724972 43.905513),train
NA5120_E1299N0826__m_4411741_se_11_030_20220718,POINT (-117.8719 44.30194),test
NA5120_E1299N0826__m_4411741_se_11_060_20200814,POINT (-117.8719 44.30194),test
NA5120_E1300N0586__m_3311419_se_11_060_20200419,POINT (-114.641771 33.642333),train
NA5120_E1300N0796__m_4211706_nw_11_060_20200809,POINT (-117.331668 42.991141),train
NA5120_E1301N0797__m_4311762_se_11_060_20200809,POINT (-117.286633 43.047218),train
NA5120_E1301N0822__m_4411751_sw_11_060_20200805,POINT (-117.683124 44.150244),train
NA5120_E1301N0823__m_4411751_nw_11_030_20220630,POINT (-117.699396 44.194311),train
NA5120_E1301N0823__m_4411751_nw_11_060_20200805,POINT (-117.699396 44.194311),train
NA5120_E1301N0863__m_4511805_ne_11_030_20220722,POINT (-118.377869 45.953398),train
NA5120_E1301N0863__m_4511805_ne_11_060_20200721,POINT (-118.377869 45.953398),train
NA5120_E1301N0865__m_4611861_se_11_060_20190729,POINT (-118.413265 46.04116),train
NA5120_E1301N0913__m_4811954_sw_11_060_20191011,POINT (-119.30857 48.141514),train
NA5120_E1302N0585__m_3311420_se_11_060_20190704,POINT (-114.525032 33.617228),train
NA5120_E1302N0848__m_4511848_ne_11_030_20220828,POINT (-118.054217 45.307072),train
NA5120_E1302N0848__m_4511848_ne_11_060_20200721,POINT (-118.054217 45.307072),train
NA5120_E1302N0849__m_4511848_nw_11_030_20220720,POINT (-118.071317 45.351038),train
NA5120_E1303N0573__m_3311462_nw_11_060_20190704,POINT (-114.347809 33.088724),train
NA5120_E1303N0589__m_3311412_ne_11_060_20200419,POINT (-114.513853 33.806403),train
NA5120_E1303N0713__m_3911541_nw_11_060_20190812,POINT (-115.971597 39.345698),train
NA5120_E1303N0830__m_4411727_sw_11_030_20220630,POINT (-117.690262 44.527162),train
NA5120_E1303N0830__m_4411727_sw_11_060_20200805,POINT (-117.690262 44.527162),train
NA5120_E1303N0907__m_4711908_sw_11_060_20190730,POINT (-119.060524 47.906124),train
NA5120_E1303N0912__m_4811955_se_11_060_20191011,POINT (-119.157366 48.124522),test
NA5120_E1303N0924__m_4811921_se_11_060_20191011,POINT (-119.394069 48.648127),train
NA5120_E1303N0925__m_4811921_ne_11_060_20191011,POINT (-119.414072 48.691725),train
NA5120_E1303N0930__m_4811904_se_11_060_20191011,POINT (-119.51474 48.909631),train
NA5120_E1304N0578__m_3311446_nw_11_060_20211127,POINT (-114.346287 33.322791),train
NA5120_E1304N0714__m_3911533_se_11_060_20220919,POINT (-115.927347 39.401119),train
NA5120_E1304N0752__m_4111661_nw_11_060_20190825,POINT (-116.443464 41.089687),train
NA5120_E1304N0816__m_4311705_se_11_060_20200809,POINT (-117.402023 43.921948),train
NA5120_E1304N0818__m_4411761_sw_11_060_20200809,POINT (-117.433955 44.010199),train
NA5120_E1304N0842__m_4511758_nw_11_030_20220828,POINT (-117.827275 45.067905),train
NA5120_E1304N0845__m_4511749_ne_11_030_20220828,POINT (-117.877791 45.199944),train
NA5120_E1304N0845__m_4511749_ne_11_060_20200805,POINT (-117.877791 45.199944),train
NA5120_E1304N0908__m_4711908_ne_11_060_20191011,POINT (-119.014152 47.963023),train
NA5120_E1304N0930__m_4811905_sw_11_060_20191011,POINT (-119.447968 48.923153),train
NA5120_E1305N0567__m_3211415_ne_11_060_20211126,POINT (-114.181484 32.838691),test
NA5120_E1305N0597__m_3411452_ne_11_060_20200419,POINT (-114.491603 34.184743),train
NA5120_E1305N0720__m_3911517_sw_11_060_20220919,POINT (-115.948805 39.67901),train
NA5120_E1305N0812__m_4311714_se_11_060_20200809,POINT (-117.277274 43.757343),train
NA5120_E1305N0902__m_4711818_nw_11_060_20190730,POINT (-118.833954 47.713805),train
NA5120_E1306N0748__m_4011606_ne_11_060_20220911,POINT (-116.270019 40.934625),train
NA5120_E1306N0781__m_4211634_se_11_060_20190803,POINT (-116.743131 42.398126),train
NA5120_E1307N0581__m_3311439_nw_11_060_20190704,POINT (-114.218133 33.486465),test
NA5120_E1307N0581__m_3311439_nw_11_060_20211127,POINT (-114.218133 33.486465),test
NA5120_E1307N0612__m_3411404_se_11_060_20211205,POINT (-114.544797 34.876815),train
NA5120_E1307N0743__m_4011623_ne_11_060_20220706,POINT (-116.142375 40.723674),train
NA5120_E1307N0825__m_4411746_nw_11_030_20220828,POINT (-117.361177 44.355142),train
NA5120_E1307N0852__m_4511726_sw_11_030_20220828,POINT (-117.807707 45.545059),test
NA5120_E1307N0877__m_4611822_se_11_060_20190729,POINT (-118.243718 46.64395),train
NA5120_E1308N0578__m_3311447_ne_11_060_20211127,POINT (-114.134458 33.361402),train
NA5120_E1308N0585__m_3311423_sw_11_060_20211205,POINT (-114.206123 33.675657),val
NA5120_E1308N0784__m_4211627_se_11_060_20210613,POINT (-116.66734 42.554061),test
NA5120_E1308N0812__m_4311716_sw_11_030_20220710,POINT (-117.093333 43.792972),train
NA5120_E1308N0880__m_4611815_sw_11_060_20190729,POINT (-118.233154 46.788298),train
NA5120_E1309N0586__m_3311423_ne_11_060_20211205,POINT (-114.163203 33.730184),train
NA5120_E1309N0702__m_3811505_sw_11_060_20220920,POINT (-115.486782 38.920498),train
NA5120_E1309N0781__m_4211636_nw_11_060_20190623,POINT (-116.562999 42.432603),val
NA5120_E1309N0826__m_4411738_se_11_030_20220828,POINT (-117.253368 44.423242),train
NA5120_E1309N0869__m_4611741_nw_11_060_20190724,POINT (-117.973909 46.317651),train
NA5120_E1309N0902__m_4711812_sw_11_060_20190730,POINT (-118.572048 47.765769),val
NA5120_E1310N0616__m_3511461_ne_11_060_20211201,POINT (-114.425791 35.085702),train
NA5120_E1310N0799__m_4311650_ne_11_060_20190803,POINT (-116.770987 43.241416),train
NA5120_E1310N0816__m_4311708_ne_11_030_20220710,POINT (-117.033035 43.993377),train
NA5120_E1310N0817__m_4411764_se_11_030_20220710,POINT (-117.048727 44.037575),train
NA5120_E1311N0597__m_3411447_se_11_060_20211205,POINT (-114.170274 34.243213),val
NA5120_E1311N0615__m_3511462_sw_11_060_20211201,POINT (-114.360848 35.05069),train
NA5120_E1311N0701__m_3811506_sw_11_060_20220929,POINT (-115.360089 38.8971),train
NA5120_E1311N0829__m_4411731_ne_11_030_20220828,POINT (-117.177336 44.579566),train
NA5120_E1311N0840__m_4511762_nw_11_030_20220923,POINT (-117.355805 45.065065),train
NA5120_E1311N0879__m_4611816_se_11_060_20190724,POINT (-118.021912 46.782167),val
NA5120_E1312N0720__m_3911512_se_11_060_20190813,POINT (-115.544928 39.754792),train
NA5120_E1312N0724__m_3911504_nw_11_060_20190813,POINT (-115.596951 39.932999),train
NA5120_E1312N0869__m_4611742_ne_11_060_20190724,POINT (-117.781948 46.35492),test
NA5120_E1312N0871__m_4611734_nw_11_060_20190724,POINT (-117.81675 46.442908),train
NA5120_E1313N0615__m_3511462_ne_11_060_20211026,POINT (-114.252508 35.070231),train
NA5120_E1313N0723__m_3911504_se_11_060_20220919,POINT (-115.526023 39.899175),train
NA5120_E1313N0729__m_4011552_sw_11_060_20190813,POINT (-115.604417 40.166468),train
NA5120_E1313N0729__m_4011552_sw_11_060_20220707,POINT (-115.604417 40.166468),train
NA5120_E1313N0850__m_4511729_se_11_060_20200726,POINT (-117.395255 45.530246),train
NA5120_E1314N0746__m_4011502_ne_11_060_20220707,POINT (-115.772614 40.934097),test
NA5120_E1314N0807__m_4311619_se_11_060_20210517,POINT (-116.648259 43.641915),train
NA5120_E1314N0808__m_4311619_ne_11_060_20210517,POINT (-116.663501 43.686193),test
NA5120_E1314N0846__m_4511746_ne_11_030_20220923,POINT (-117.265918 45.365857),train
NA5120_E1314N0847__m_4511738_se_11_030_20220923,POINT (-117.282405 45.40998),test
NA5120_E1314N0847__m_4511738_se_11_060_20200726,POINT (-117.282405 45.40998),test
NA5120_E1315N0601__m_3411440_ne_11_060_20211205,POINT (-113.99712 34.461225),train
NA5120_E1315N0614__m_3511463_se_11_060_20211201,POINT (-114.133492 35.044778),val
NA5120_E1315N0622__m_3511439_sw_11_060_20211026,POINT (-114.218965 35.403687),train
NA5120_E1315N0626__m_3511430_ne_11_060_20211026,POINT (-114.262154 35.583083),train
NA5120_E1315N0739__m_4011520_sw_11_060_20220707,POINT (-115.620008 40.633366),train
NA5120_E1315N0774__m_4211656_nw_11_060_20210531,POINT (-116.101804 42.189826),train
NA5120_E1315N0806__m_4311628_nw_11_060_20190623,POINT (-116.571792 43.609156),train
NA5120_E1315N0806__m_4311628_nw_11_060_20210517,POINT (-116.571792 43.609156),train
NA5120_E1315N0808__m_4311620_nw_11_060_20210517,POINT (-116.60216 43.697739),train
NA5120_E1315N0836__m_4411708_ne_11_060_20200805,POINT (-117.040308 44.936275),train
NA5120_E1315N0850__m_4511730_se_11_030_20220923,POINT (-117.268855 45.554358),val
NA5120_E1315N0871__m_4611735_ne_11_060_20190724,POINT (-117.624237 46.479916),train
NA5120_E1316N0580__m_3311327_sw_12_060_20211127,POINT (-113.730071 33.527123),train
NA5120_E1316N0622__m_3511439_se_11_060_20211026,POINT (-114.164522 35.413408),train
NA5120_E1316N0634__m_3511406_ne_11_060_20211026,POINT (-114.294619 35.951578),train
NA5120_E1316N0741__m_4011520_nw_11_060_20190823,POINT (-115.588053 40.733216),train
NA5120_E1316N0741__m_4011520_nw_11_060_20220707,POINT (-115.588053 40.733216),train
NA5120_E1316N0807__m_4311620_se_11_060_20190719,POINT (-116.525639 43.664948),val
NA5120_E1316N0847__m_4511739_ne_11_060_20200725,POINT (-117.156226 45.433945),train
NA5120_E1316N0849__m_4511731_sw_11_060_20200725,POINT (-117.189117 45.522226),train
NA5120_E1317N0578__m_3311335_ne_12_060_20211127,POINT (-113.657062 33.44654),train
NA5120_E1317N0616__m_3511456_se_11_060_20211104,POINT (-114.04623 35.153832),train
NA5120_E1317N0617__m_3511456_ne_11_060_20211104,POINT (-114.056822 35.198716),test
NA5120_E1317N0619__m_3511448_sw_11_060_20211104,POINT (-114.078063 35.288476),train
NA5120_E1317N0634__m_3511406_ne_11_060_20211026,POINT (-114.239773 35.961367),train
NA5120_E1317N0726__m_4011562_nw_11_060_20190813,POINT (-115.332923 40.075511),train
NA5120_E1317N0726__m_4011562_nw_11_060_20220707,POINT (-115.332923 40.075511),train
NA5120_E1317N0806__m_4311621_sw_11_060_20210604,POINT (-116.449209 43.632096),train
NA5120_E1317N0816__m_4411660_nw_11_060_20210517,POINT (-116.601397 44.075085),train
NA5120_E1317N0849__m_4511731_se_11_060_20200725,POINT (-117.125894 45.534177),test
NA5120_E1318N0551__m_3211354_nw_12_060_20211114,POINT (-113.343276 32.240632),val
NA5120_E1318N0585__m_3311311_se_12_060_20211204,POINT (-113.673523 33.770652),train
NA5120_E1318N0592__m_3411359_nw_12_060_20211204,POINT (-113.743937 34.085344),train
NA5120_E1318N0797__m_4311646_se_11_060_20190714,POINT (-116.253855 43.244403),train
NA5120_E1318N0805__m_4311629_ne_11_060_20190714,POINT (-116.372871 43.599182),train
NA5120_E1318N0805__m_4311629_ne_11_060_20210604,POINT (-116.372871 43.599182),train
NA5120_E1318N0892__m_4711734_ne_11_060_20190726,POINT (-117.799668 47.440974),train
NA5120_E1319N0576__m_3311336_se_12_060_20211127,POINT (-113.531165 33.375154),train
NA5120_E1319N0577__m_3311336_se_12_060_20211127,POINT (-113.540989 33.420144),train
NA5120_E1319N0585__m_3311311_se_12_060_20211204,POINT (-113.620189 33.779986),train
NA5120_E1319N0592__m_3411359_nw_12_060_20211204,POINT (-113.69039 34.094733),train
NA5120_E1319N0745__m_4011505_nw_11_060_20220707,POINT (-115.465075 40.943633),train
NA5120_E1319N0799__m_4311647_nw_11_060_20190714,POINT (-116.222381 43.344423),train
NA5120_E1319N0807__m_4311622_nw_11_060_20190719,POINT (-116.341526 43.699231),train
NA5120_E1319N0807__m_4311622_nw_11_060_20210604,POINT (-116.341526 43.699231),train
NA5120_E1319N0809__m_4311613_se_11_060_20210604,POINT (-116.371608 43.787896),val
NA5120_E1319N0841__m_4511649_ne_11_060_20200805,POINT (-116.86971 45.204462),train
NA5120_E1319N0856__m_4511715_ne_11_030_20221002,POINT (-117.114575 45.867072),train
NA5120_E1319N0856__m_4511715_ne_11_060_20200725,POINT (-117.114575 45.867072),train
NA5120_E1319N0884__m_4711760_nw_11_060_20190726,POINT (-117.592522 47.101376),train
NA5120_E1319N0891__m_4711735_sw_11_060_20190726,POINT (-117.716464 47.409405),train
NA5120_E1320N0614__m_3511358_nw_12_060_20211201,POINT (-113.862404 35.092748),test
NA5120_E1320N0785__m_4211517_nw_11_060_20190622,POINT (-115.957867 42.734071),test
NA5120_E1320N0785__m_4211517_nw_11_060_20210531,POINT (-115.957867 42.734071),test
NA5120_E1320N0806__m_4311622_se_11_060_20210604,POINT (-116.265153 43.666238),test
NA5120_E1320N0807__m_4311622_ne_11_060_20210604,POINT (-116.280106 43.710588),train
NA5120_E1320N0870__m_4611730_se_11_060_20190630,POINT (-117.285758 46.496751),train
NA5120_E1321N0547__m_3211363_ne_12_060_20211114,POINT (-113.148979 32.087532),val
NA5120_E1321N0570__m_3311353_se_12_060_20211114,POINT (-113.366767 33.12352),train
NA5120_E1321N0570__m_3311354_sw_12_060_20211202,POINT (-113.366767 33.12352),train
NA5120_E1321N0587__m_3311304_se_12_060_20211127,POINT (-113.533331 33.888535),train
NA5120_E1321N0597__m_3411343_ne_12_060_20211204,POINT (-113.633614 34.33825),train
NA5120_E1321N0599__m_3411335_se_12_060_20211204,POINT (-113.65388 34.428167),train
NA5120_E1321N0609__m_3411302_se_12_060_20211201,POINT (-113.756273 34.877613),train
NA5120_E1321N0707__m_3911442_sw_11_060_20190811,POINT (-114.86218 39.269216),train
NA5120_E1321N0804__m_4311631_ne_11_060_20190714,POINT (-116.174022 43.588816),train
NA5120_E1321N0804__m_4311631_ne_11_060_20210604,POINT (-116.174022 43.588816),train
NA5120_E1321N0805__m_4311623_sw_11_060_20210604,POINT (-116.188873 43.633184),train
NA5120_E1321N0807__m_4311623_nw_11_060_20210604,POINT (-116.218663 43.721908),train
NA5120_E1321N0865__m_4611747_se_11_060_20190630,POINT (-117.137022 46.288219),test
NA5120_E1321N0878__m_4611714_nw_11_060_20190630,POINT (-117.358331 46.861532),train
NA5120_E1322N0546__m_3211364_sw_12_060_20211114,POINT (-113.087477 32.051419),train
NA5120_E1322N0739__m_4011523_nw_11_060_20220707,POINT (-115.209723 40.708119),train
NA5120_E1322N0806__m_4311623_ne_11_060_20210604,POINT (-116.142329 43.688821),val
NA5120_E1322N0842__m_4511643_sw_11_030_20220829,POINT (-116.696777 45.283827),train
NA5120_E1322N0843__m_4511643_nw_11_030_20220829,POINT (-116.712763 45.328061),train
NA5120_E1322N0843__m_4511643_nw_11_060_20200725,POINT (-116.712763 45.328061),train
NA5120_E1322N0866__m_4611748_nw_11_060_20190729,POINT (-117.089669 46.344319),train
NA5120_E1322N0866__m_4611748_nw_11_060_20210629,POINT (-117.089669 46.344319),train
NA5120_E1322N0867__m_4611740_sw_11_060_20190630,POINT (-117.106467 46.388454),train
NA5120_E1322N0893__m_4711728_se_11_060_20190726,POINT (-117.555835 47.53443),train
NA5120_E1323N0698__m_3811403_se_11_060_20220709,POINT (-114.637948 38.887309),train
NA5120_E1323N0740__m_4011515_se_11_060_20220707,POINT (-115.164046 40.763268),train
NA5120_E1323N0866__m_4611748_ne_11_060_20210629,POINT (-117.025476 46.356254),train
NA5120_E1323N0878__m_4611707_sw_11_060_20190630,POINT (-117.228808 46.885739),train
NA5120_E1323N0884__m_4711754_sw_11_060_20190726,POINT (-117.332414 47.150246),train
NA5120_E1324N0582__m_3311322_nw_12_060_20190622,POINT (-113.323949 33.69117),train
NA5120_E1324N0582__m_3311322_nw_12_060_20211204,POINT (-113.323949 33.69117),train
NA5120_E1324N0618__m_3511343_nw_12_060_20211019,POINT (-113.686719 35.310337),train
NA5120_E1324N0620__m_3511335_sw_12_060_20211019,POINT (-113.707549 35.400205),train
NA5120_E1324N0866__m_4611633_sw_11_060_20190729,POINT (-116.961255 46.368152),train
NA5120_E1324N0866__m_4611633_sw_11_060_20210517,POINT (-116.961255 46.368152),train
NA5120_E1324N0902__m_4711704_nw_11_060_20190726,POINT (-117.585258 47.955148),train
NA5120_E1325N0580__m_3311330_ne_12_060_20190622,POINT (-113.25119 33.61025),train
NA5120_E1325N0580__m_3311330_ne_12_060_20211204,POINT (-113.25119 33.61025),train
NA5120_E1325N0816__m_4411656_sw_11_060_20210604,POINT (-116.106603 44.166308),train
NA5120_E1325N0853__m_4511611_nw_11_030_20220829,POINT (-116.683633 45.805401),val
NA5120_E1325N0878__m_4611708_sw_11_060_20190630,POINT (-117.099167 46.909793),val
NA5120_E1325N0895__m_4711721_se_11_060_20190726,POINT (-117.394473 47.659245),train
NA5120_E1326N0606__m_3411313_sw_12_060_20211204,POINT (-113.45512 34.789536),train
NA5120_E1326N0618__m_3511344_nw_12_060_20211018,POINT (-113.577815 35.329128),train
NA5120_E1326N0662__m_3711448_ne_11_060_20211002,POINT (-114.050651 37.304755),train
NA5120_E1326N0792__m_4311559_nw_11_060_20190727,POINT (-115.69374 43.111377),train
NA5120_E1326N0792__m_4311559_nw_11_060_20210530,POINT (-115.69374 43.111377),train
NA5120_E1326N0794__m_4311551_nw_11_060_20190727,POINT (-115.722348 43.200302),train
NA5120_E1326N0831__m_4411614_ne_11_060_20210916,POINT (-116.272679 44.842847),train
NA5120_E1326N0866__m_4611634_sw_11_060_20210517,POINT (-116.832726 46.391833),train
NA5120_E1327N0552__m_3211233_se_12_060_20211113,POINT (-112.881045 32.366389),train
NA5120_E1327N0590__m_3411362_ne_12_060_20211204,POINT (-113.24188 34.078718),train
NA5120_E1327N0653__m_3611301_se_12_060_20190624,POINT (-113.895258 36.910664),train
NA5120_E1327N0654__m_3611301_ne_12_060_20211002,POINT (-113.906229 36.955541),train
NA5120_E1327N0658__m_3711349_sw_12_060_20211002,POINT (-113.950311 37.135023),train
NA5120_E1327N0869__m_4611626_sw_11_060_20190729,POINT (-116.818193 46.536194),train
NA5120_E1327N0870__m_4611626_nw_11_060_20210517,POINT (-116.834854 46.580377),train
NA5120_E1328N0553__m_3211234_sw_12_060_20211113,POINT (-112.837746 32.420317),train
NA5120_E1328N0564__m_3211201_sw_12_060_20211113,POINT (-112.939647 32.916351),train
NA5120_E1328N0566__m_3311257_sw_12_060_20211113,POINT (-112.958381 33.006513),train
NA5120_E1328N0577__m_3311332_sw_12_060_20211218,POINT (-113.062571 33.50226),train
NA5120_E1328N0599__m_3411330_se_12_060_20211204,POINT (-113.276971 34.492998),train
NA5120_E1328N0656__m_3711357_ne_12_060_20211002,POINT (-113.872481 37.054915),train
NA5120_E1328N0666__m_3711325_sw_12_060_20211002,POINT (-113.983339 37.503581),train
NA5120_E1328N0668__m_3711432_ne_11_060_20211002,POINT (-114.005752 37.593284),train
NA5120_E1328N0740__m_4011409_ne_11_060_20220728,POINT (-114.870098 40.815525),test
NA5120_E1328N0823__m_4411632_se_11_060_20210617,POINT (-116.02558 44.510653),train
NA5120_E1328N0866__m_4611635_sw_11_060_20210517,POINT (-116.704085 46.415364),val
NA5120_E1328N0886__m_4711748_se_11_060_20210704,POINT (-117.040929 47.298732),train
NA5120_E1329N0615__m_3511353_ne_12_060_20211019,POINT (-113.383725 35.222144),val
NA5120_E1329N0619__m_3511337_se_12_060_20211019,POINT (-113.424597 35.402057),train
NA5120_E1329N0658__m_3711350_sw_12_060_20211002,POINT (-113.83866 37.15428),train
NA5120_E1329N0674__m_3711408_se_11_060_20211002,POINT (-114.017091 37.872082),train
NA5120_E1329N0695__m_3811414_ne_11_060_20220708,POINT (-114.259314 38.813208),train
NA5120_E1329N0795__m_4311544_se_11_060_20190727,POINT (-115.553427 43.27758),train
NA5120_E1329N0872__m_4611618_ne_11_060_20190729,POINT (-116.738996 46.692334),val
NA5120_E1329N0893__m_4711724_sw_11_060_20190731,POINT (-117.096529 47.619548),train
NA5120_E1330N0587__m_3311308_ne_12_060_20211204,POINT (-113.05195 33.97079),train
NA5120_E1330N0587__m_3311308_nw_12_060_20211218,POINT (-113.05195 33.97079),train
NA5120_E1330N0745__m_4111458_nw_11_060_20190816,POINT (-114.816449 41.05951),train
NA5120_E1330N0827__m_4411517_nw_11_060_20210916,POINT (-115.961128 44.710605),test
NA5120_E1330N0860__m_4611653_sw_11_060_20210517,POINT (-116.477584 46.173263),train
NA5120_E1330N0924__m_4911760_sw_11_060_20190827,POINT (-117.587286 48.997106),train
NA5120_E1331N0562__m_3211210_ne_12_060_20211113,POINT (-112.762621 32.852686),train
NA5120_E1331N0680__m_3811349_sw_12_060_20210921,POINT (-113.972094 38.160596),test
NA5120_E1331N0698__m_3811407_nw_11_060_20190705,POINT (-114.180127 38.96738),train
NA5120_E1331N0797__m_4311537_sw_11_060_20210915,POINT (-115.459481 43.388293),val
NA5120_E1331N0800__m_4311528_se_11_060_20190727,POINT (-115.502212 43.521783),train
NA5120_E1331N0800__m_4311528_se_11_060_20210915,POINT (-115.502212 43.521783),train
NA5120_E1331N0804__m_4311520_nw_11_060_20210615,POINT (-115.559584 43.699722),val
NA5120_E1331N0833__m_4411608_ne_11_060_20210617,POINT (-115.989596 44.988099),train
NA5120_E1332N0545__m_3211260_ne_12_060_20211113,POINT (-112.555643 32.094212),train
NA5120_E1332N0551__m_3211244_nw_12_060_20211113,POINT (-112.609547 32.365069),val
NA5120_E1332N0602__m_3411324_sw_12_060_20211204,POINT (-113.090798 34.664487),train
NA5120_E1332N0631__m_3511305_ne_12_060_20211019,POINT (-113.384095 35.969566),train
NA5120_E1332N0727__m_4011445_sw_11_060_20190811,POINT (-114.471845 40.275501),train
NA5120_E1332N0839__m_4511648_se_11_060_20190804,POINT (-116.018606 45.265558),train
NA5120_E1332N0851__m_4511615_sw_11_060_20190804,POINT (-116.205814 45.797646),test
NA5120_E1333N0564__m_3211203_ne_12_060_20211113,POINT (-112.675364 32.960449),train
NA5120_E1333N0565__m_3311259_sw_12_060_20211113,POINT (-112.684574 33.005568),train
NA5120_E1333N0576__m_3311226_se_12_060_20211114,POINT (-112.786937 33.501737),train
NA5120_E1333N0655__m_3711360_nw_12_060_20210905,POINT (-113.582698 37.057654),train
NA5120_E1333N0683__m_3811341_ne_12_060_20210921,POINT (-113.892754 38.314543),train
NA5120_E1333N0757__m_4111418_se_11_060_20190816,POINT (-114.79397 41.626406),train
NA5120_E1333N0811__m_4411560_se_11_060_20210915,POINT (-115.537307 44.032883),train
NA5120_E1333N0852__m_4511615_ne_11_060_20190804,POINT (-116.157827 45.853354),train
NA5120_E1333N0896__m_4711609_se_11_060_20210602,POINT (-116.885172 47.799791),test
NA5120_E1334N0547__m_3211253_nw_12_060_20211113,POINT (-112.468774 32.201756),val
NA5120_E1334N0566__m_3311259_ne_12_060_20211113,POINT (-112.640847 33.059428),test
NA5120_E1334N0590__m_3411249_se_12_060_20211204,POINT (-112.86637 34.141794),train
NA5120_E1334N0590__m_3411250_sw_12_060_20211114,POINT (-112.86637 34.141794),train
NA5120_E1334N0755__m_4111427_sw_11_060_20190816,POINT (-114.708369 41.547423),train
NA5120_E1334N0853__m_4511608_sw_11_060_20190804,POINT (-116.10975 45.909043),train
NA5120_E1334N0886__m_4711635_se_11_060_20190828,POINT (-116.648365 47.369885),train
NA5120_E1334N0895__m_4711610_se_11_060_20190804,POINT (-116.801913 47.767518),train
NA5120_E1334N0905__m_4811649_nw_11_060_20211019,POINT (-116.976042 48.208922),train
NA5120_E1335N0587__m_3411258_se_12_060_20211114,POINT (-112.784062 34.015429),train
NA5120_E1335N0841__m_4511534_sw_11_060_20190804,POINT (-115.859578 45.38796),train
NA5120_E1335N0856__m_4611664_sw_11_060_20190804,POINT (-116.093147 46.053389),test
NA5120_E1336N0567__m_3311252_se_12_060_20211113,POINT (-112.544058 33.121964),val
NA5120_E1336N0572__m_3311244_nw_12_060_20211114,POINT (-112.590055 33.347614),train
NA5120_E1336N0640__m_3611338_se_12_060_20211019,POINT (-113.256998 36.41137),train
NA5120_E1336N0657__m_3711353_sw_12_060_20210905,POINT (-113.436652 37.175733),val
NA5120_E1336N0658__m_3711353_nw_12_060_20210905,POINT (-113.447392 37.220675),train
NA5120_E1336N0860__m_4611656_nw_11_060_20190804,POINT (-116.092405 46.242064),train
NA5120_E1337N0589__m_3411251_sw_12_060_20211114,POINT (-112.695751 34.123274),train
NA5120_E1337N0595__m_3411234_se_12_060_20211114,POINT (-112.752948 34.393829),train
NA5120_E1337N0784__m_4211401_se_11_060_20210607,POINT (-114.912638 42.873058),test
NA5120_E1337N0790__m_4311449_sw_11_060_20210915,POINT (-114.994636 43.140638),train
NA5120_E1337N0857__m_4611549_sw_11_060_20190804,POINT (-115.980713 46.120357),train
NA5120_E1337N0859__m_4611656_ne_11_060_20190804,POINT (-116.01228 46.209055),train
NA5120_E1337N0917__m_4811609_sw_11_060_20211019,POINT (-116.988486 48.774255),train
NA5120_E1338N0555__m_3211230_nw_12_060_20211113,POINT (-112.329922 32.597335),train
NA5120_E1338N0580__m_3311220_nw_12_060_20211114,POINT (-112.557639 33.726032),val
NA5120_E1338N0591__m_3411251_ne_12_060_20211114,POINT (-112.660985 34.222273),train
NA5120_E1338N0630__m_3511308_ne_12_060_20211019,POINT (-113.043816 35.979671),test
NA5120_E1338N0663__m_3711337_ne_12_060_20210916,POINT (-113.389106 37.464112),train
NA5120_E1338N0774__m_4211435_nw_11_060_20190728,POINT (-114.717691 42.437211),train
NA5120_E1338N0796__m_4311540_se_11_060_20210915,POINT (-115.016255 43.418697),train
NA5120_E1338N0814__m_4411554_ne_11_060_20210915,POINT (-115.270426 44.220571),val
NA5120_E1338N0834__m_4511560_nw_11_060_20190720,POINT (-115.563871 45.110253),train
NA5120_E1338N0856__m_4611557_ne_11_060_20190804,POINT (-115.900855 46.087252),train
NA5120_E1338N0921__m_4811601_nw_11_060_20211019,POINT (-116.992959 48.962684),train
NA5120_E1338N0921__m_4811708_ne_11_060_20190827,POINT (-116.992959 48.962684),train
NA5120_E1339N0587__m_3411260_sw_12_060_20211114,POINT (-112.569523 34.050596),test
NA5120_E1339N0631__m_3611364_se_12_060_20211019,POINT (-112.998914 36.033768),val
NA5120_E1339N0666__m_3711329_ne_12_060_20210916,POINT (-113.365259 37.608295),train
NA5120_E1339N0667__m_3711321_se_12_060_20210916,POINT (-113.37607 37.65324),train
NA5120_E1339N0817__m_4411546_ne_11_060_20210930,POINT (-115.25137 44.36489),train
NA5120_E1339N0856__m_4611558_nw_11_060_20210628,POINT (-115.836704 46.098464),test
NA5120_E1339N0902__m_4811652_sw_11_060_20190828,POINT (-116.591313 48.135776),train
NA5120_E1340N0600__m_3411219_se_12_060_20211114,POINT (-112.638885 34.64576),train
NA5120_E1340N0665__m_3711330_ne_12_060_20210916,POINT (-113.29822 37.572665),train
NA5120_E1340N0767__m_4211452_se_11_060_20210519,POINT (-114.505062 42.145103),train
NA5120_E1340N0770__m_4211444_se_11_060_20210519,POINT (-114.544225 42.279153),train
NA5120_E1340N0776__m_4211427_se_11_060_20190728,POINT (-114.623243 42.547174),train
NA5120_E1340N0785__m_4211402_ne_11_060_20210607,POINT (-114.743526 42.948999),train
NA5120_E1340N0785__m_4211403_nw_11_060_20190728,POINT (-114.743526 42.948999),train
NA5120_E1340N0805__m_4311516_ne_11_060_20210915,POINT (-115.018617 43.841034),train
NA5120_E1340N0845__m_4511520_sw_11_060_20210628,POINT (-115.603181 45.621111),val
NA5120_E1340N0905__m_4811644_sw_11_060_20190828,POINT (-116.576486 48.280108),train
NA5120_E1341N0545__m_3211256_sw_12_060_20190616,POINT (-112.084313 32.170788),test
NA5120_E1341N0666__m_3711322_se_12_060_20210916,POINT (-113.252678 37.626915),train
NA5120_E1341N0826__m_4411514_se_11_060_20210930,POINT (-115.256797 44.787064),test
NA5120_E1342N0544__m_3211256_se_12_060_20190616,POINT (-112.023245 32.133931),test
NA5120_E1343N0651__m_3611201_nw_12_060_20190621,POINT (-112.982298 36.970464),train
NA5120_E1343N0652__m_3711257_sw_12_060_20210905,POINT (-112.992681 37.015475),train
NA5120_E1343N0652__m_3711364_se_12_060_20211019,POINT (-112.992681 37.015475),train
NA5120_E1343N0744__m_4111456_se_11_060_20211003,POINT (-114.034481 41.146333),train
NA5120_E1343N0776__m_4211429_nw_11_060_20190725,POINT (-114.441496 42.57792),test
NA5120_E1344N0571__m_3311239_se_12_060_20211112,POINT (-112.155371 33.371175),train
NA5120_E1344N0571__m_3311247_ne_12_060_20211103,POINT (-112.155371 33.371175),train
NA5120_E1344N0572__m_3311239_se_12_060_20211112,POINT (-112.164359 33.416358),train
NA5120_E1344N0574__m_3311231_se_12_060_20211112,POINT (-112.182382 33.506717),train
NA5120_E1344N0652__m_3711257_sw_12_060_20190621,POINT (-112.936827 37.02456),train
NA5120_E1344N0749__m_4111440_se_11_060_20211003,POINT (-114.03693 41.380131),train
NA5120_E1344N0764__m_4211463_sw_11_060_20190718,POINT (-114.225778 42.051483),train
NA5120_E1344N0765__m_4211462_ne_11_060_20190725,POINT (-114.238564 42.096217),train
NA5120_E1344N0765__m_4211462_ne_11_060_20210621,POINT (-114.238564 42.096217),train
NA5120_E1344N0765__m_4211463_nw_11_060_20190718,POINT (-114.238564 42.096217),train
NA5120_E1344N0826__m_4411516_nw_11_060_20210930,POINT (-115.068317 44.819248),train
NA5120_E1345N0580__m_3311215_se_12_060_20211112,POINT (-112.183316 33.786265),train
NA5120_E1345N0660__m_3711233_sw_12_060_20210907,POINT (-112.964145 37.393754),test
NA5120_E1345N0765__m_4211463_ne_11_060_20190718,POINT (-114.178385 42.106253),train
NA5120_E1345N0765__m_4211463_ne_11_060_20210621,POINT (-114.178385 42.106253),train
NA5120_E1345N0815__m_4411442_nw_11_060_20190826,POINT (-114.848736 44.339619),test
NA5120_E1345N0815__m_4411442_nw_11_060_20210929,POINT (-114.848736 44.339619),test
NA5120_E1346N0578__m_3311224_nw_12_060_20211112,POINT (-112.111704 33.704383),train
NA5120_E1346N0581__m_3311215_ne_12_060_20211112,POINT (-112.138859 33.839928),train
NA5120_E1346N0583__m_3311207_ne_12_060_20211112,POINT (-112.157041 33.930282),train
NA5120_E1346N0803__m_4311412_nw_11_060_20190826,POINT (-114.619866 43.814692),train
NA5120_E1347N0570__m_3311141_nw_12_060_20211014,POINT (-111.986746 33.351232),train
NA5120_E1347N0572__m_3311240_ne_12_060_20211014,POINT (-112.004525 33.44164),train
NA5120_E1347N0582__m_3311208_sw_12_060_20211112,POINT (-112.094345 33.893574),train
NA5120_E1347N0586__m_3411263_ne_12_060_20211112,POINT (-112.13071 34.074295),train
NA5120_E1347N0587__m_3411255_se_12_060_20211103,POINT (-112.139841 34.11947),train
NA5120_E1347N0633__m_3611252_nw_12_060_20190621,POINT (-112.577647 36.195428),val
NA5120_E1347N0657__m_3711242_sw_12_060_20210828,POINT (-112.820679 37.276805),train
NA5120_E1347N0780__m_4211414_se_11_060_20210519,POINT (-114.250875 42.797315),train
NA5120_E1347N0864__m_4611529_sw_11_060_20190827,POINT (-115.445403 46.542448),train
NA5120_E1348N0567__m_3311149_ne_12_060_20211014,POINT (-111.907044 33.223938),train
NA5120_E1348N0570__m_3311141_ne_12_060_20211014,POINT (-111.933506 33.359585),train
NA5120_E1348N0571__m_3311133_sw_12_060_20211014,POINT (-111.942357 33.404797),train
NA5120_E1348N0574__m_3311125_sw_12_060_20211014,POINT (-111.969002 33.540423),train
NA5120_E1348N0581__m_3311216_ne_12_060_20211014,POINT (-112.031714 33.856819),train
NA5120_E1348N0589__m_3411256_nw_12_060_20211014,POINT (-112.104322 34.218302),train
NA5120_E1348N0679__m_3811348_se_12_060_20210914,POINT (-112.996056 38.276127),train
NA5120_E1349N0560__m_3211102_se_12_060_20211106,POINT (-111.792877 32.915619),val
NA5120_E1349N0568__m_3311142_sw_12_060_20211014,POINT (-111.862658 33.277465),val
NA5120_E1349N0569__m_3311141_ne_12_060_20211014,POINT (-111.871448 33.322688),test
NA5120_E1349N0573__m_3311125_se_12_060_20211014,POINT (-111.906761 33.503561),train
NA5120_E1349N0575__m_3311125_ne_12_060_20211014,POINT (-111.924509 33.593986),train
NA5120_E1349N0580__m_3311109_nw_12_060_20211014,POINT (-111.969148 33.820018),train
NA5120_E1349N0585__m_3411264_se_12_060_20211014,POINT (-112.014176 34.046003),train
NA5120_E1349N0772__m_4211440_ne_11_060_20190725,POINT (-114.026193 42.459438),train
NA5120_E1349N0788__m_4311455_sw_11_060_20210621,POINT (-114.233638 43.175235),train
NA5120_E1349N0796__m_4311430_sw_11_060_20210915,POINT (-114.339852 43.53285),train
NA5120_E1349N0799__m_4311421_se_11_060_20190826,POINT (-114.380121 43.666906),train
NA5120_E1349N0799__m_4311421_se_11_060_20210915,POINT (-114.380121 43.666906),train
NA5120_E1349N0813__m_4411444_sw_11_060_20190826,POINT (-114.571284 44.292134),train
NA5120_E1349N0818__m_4411427_se_11_060_20210930,POINT (-114.640876 44.515281),train
NA5120_E1349N0846__m_4511516_se_11_060_20190827,POINT (-115.044014 45.763391),train
NA5120_E1349N0850__m_4511508_nw_11_060_20190827,POINT (-115.103532 45.941477),train
NA5120_E1349N0850__m_4511508_nw_11_060_20210924,POINT (-115.103532 45.941477),train
NA5120_E1350N0569__m_3311142_nw_12_060_20211014,POINT (-111.818214 33.330974),val
NA5120_E1350N0571__m_3311134_sw_12_060_20211014,POINT (-111.835779 33.421428),train
NA5120_E1350N0575__m_3311125_ne_12_060_20211014,POINT (-111.871092 33.602314),train
NA5120_E1350N0577__m_3311117_ne_12_060_20211014,POINT (-111.888839 33.692746),train
NA5120_E1350N0583__m_3311101_nw_12_060_20211014,POINT (-111.942453 33.963998),train
NA5120_E1350N0761__m_4111302_nw_12_060_20190718,POINT (-113.827198 41.976726),train
NA5120_E1350N0761__m_4111302_nw_12_060_20210616,POINT (-113.827198 41.976726),train
NA5120_E1350N0793__m_4311438_se_11_060_20210915,POINT (-114.238334 43.408898),train
NA5120_E1350N0794__m_4311438_ne_11_060_20190826,POINT (-114.251606 43.453606),train
NA5120_E1350N0794__m_4311438_ne_11_060_20210915,POINT (-114.251606 43.453606),train
NA5120_E1350N0795__m_4311430_se_11_060_20190826,POINT (-114.264905 43.49831),val
NA5120_E1350N0795__m_4311430_se_11_060_20210915,POINT (-114.264905 43.49831),val
NA5120_E1350N0800__m_4311422_nw_11_060_20190826,POINT (-114.331797 43.721786),train
NA5120_E1350N0800__m_4311422_nw_11_060_20210915,POINT (-114.331797 43.721786),train
NA5120_E1350N0803__m_4311413_ne_11_060_20210915,POINT (-114.372255 43.855836),train
NA5120_E1351N0556__m_3211111_se_12_060_20211202,POINT (-111.652651 32.75102),train
NA5120_E1351N0563__m_3311159_nw_12_060_20211014,POINT (-111.712818 33.067786),train
NA5120_E1351N0593__m_3411133_sw_12_060_20211014,POINT (-111.979068 34.424359),train
NA5120_E1351N0601__m_3411216_se_12_060_20211014,POINT (-112.052445 34.785831),train
NA5120_E1351N0667__m_3711211_sw_12_060_20210916,POINT (-112.69924 37.763115),train
NA5120_E1351N0760__m_4111302_ne_12_060_20190718,POINT (-113.754673 41.941702),train
NA5120_E1351N0838__m_4511434_se_11_060_20210930,POINT (-114.799302 45.428212),train
NA5120_E1352N0570__m_3311135_sw_12_060_20211014,POINT (-111.720426 33.392698),train
NA5120_E1352N0575__m_3311118_se_12_060_20190614,POINT (-111.764221 33.618878),train
NA5120_E1352N0575__m_3311118_se_12_060_20211014,POINT (-111.764221 33.618878),train
NA5120_E1352N0599__m_3411117_nw_12_060_20211014,POINT (-111.979809 34.703909),test
NA5120_E1352N0667__m_3711211_se_12_060_20210916,POINT (-112.642739 37.77206),train
NA5120_E1352N0792__m_4311440_sw_11_060_20190826,POINT (-114.102135 43.384322),train
NA5120_E1352N0792__m_4311440_sw_11_060_20210915,POINT (-114.102135 43.384322),train
NA5120_E1352N0811__m_4411454_nw_11_060_20210915,POINT (-114.356679 44.233682),test
NA5120_E1353N0564__m_3311152_sw_12_060_20211202,POINT (-111.615252 33.129386),train
NA5120_E1353N0567__m_3311143_se_12_060_20211014,POINT (-111.641123 33.265152),train
NA5120_E1353N0575__m_3311119_sw_12_060_20211014,POINT (-111.710769 33.627115),train
NA5120_E1353N0577__m_3311119_nw_12_060_20190614,POINT (-111.728331 33.717589),train
NA5120_E1353N0577__m_3311119_nw_12_060_20211014,POINT (-111.728331 33.717589),train
NA5120_E1353N0578__m_3311111_sw_12_060_20190614,POINT (-111.737135 33.762822),train
NA5120_E1353N0599__m_3411117_ne_12_060_20211014,POINT (-111.925601 34.712313),val
NA5120_E1353N0811__m_4411446_se_11_060_20210915,POINT (-114.294313 44.243884),train
NA5120_E1353N0840__m_4511427_sw_11_060_20210924,POINT (-114.700878 45.538408),val
NA5120_E1354N0577__m_3311119_ne_12_060_20211014,POINT (-111.674805 33.725809),train
NA5120_E1354N0581__m_3311103_sw_12_060_20211014,POINT (-111.709988 33.906761),train
NA5120_E1354N0590__m_3411142_ne_12_060_20211014,POINT (-111.790051 34.313798),train
NA5120_E1354N0673__m_3811260_nw_12_060_20210915,POINT (-112.591749 38.060202),train
NA5120_E1354N0678__m_3811243_se_12_060_20210915,POINT (-112.643987 38.285433),train
NA5120_E1354N0763__m_4211360_nw_12_060_20210616,POINT (-113.611171 42.105336),train
NA5120_E1354N0773__m_4211327_sw_12_060_20190718,POINT (-113.735674 42.553524),train
NA5120_E1355N0567__m_3311144_se_12_060_20211013,POINT (-111.534674 33.281427),train
NA5120_E1355N0597__m_3411118_se_12_060_20211014,POINT (-111.799027 34.638608),train
NA5120_E1355N0816__m_4411438_ne_11_060_20190826,POINT (-114.237442 44.487664),train
NA5120_E1355N0816__m_4411438_ne_11_060_20210915,POINT (-114.237442 44.487664),train
NA5120_E1355N0867__m_4611409_sw_11_060_20210925,POINT (-114.971773 46.762641),val
NA5120_E1356N0548__m_3211138_sw_12_060_20211211,POINT (-111.321526 32.429031),test
NA5120_E1356N0600__m_3411110_se_12_060_20211014,POINT (-111.771953 34.782554),train
NA5120_E1356N0602__m_3411102_se_12_060_20211014,POINT (-111.790104 34.872978),val
NA5120_E1356N0667__m_3711213_ne_12_060_20210905,POINT (-112.416586 37.807515),train
NA5120_E1356N0676__m_3811252_ne_12_060_20210915,POINT (-112.509276 38.213152),train
NA5120_E1356N0682__m_3811236_nw_12_060_20210915,POINT (-112.571926 38.483479),val
NA5120_E1356N0684__m_3811228_nw_12_060_20210915,POINT (-112.592963 38.57357),train
NA5120_E1356N0843__m_4511420_ne_11_060_20210924,POINT (-114.552556 45.703555),train
NA5120_E1357N0547__m_3211138_se_12_060_20190615,POINT (-111.260603 32.391656),train
NA5120_E1357N0570__m_3311137_nw_12_060_20211013,POINT (-111.453817 33.433411),test
NA5120_E1357N0586__m_3411152_sw_12_060_20211013,POINT (-111.592819 34.157574),train
NA5120_E1357N0677__m_3811245_sw_12_060_20210914,POINT (-112.462731 38.267073),train
NA5120_E1357N0680__m_3811236_se_12_060_20210915,POINT (-112.493917 38.402263),train
NA5120_E1357N0800__m_4311309_se_12_060_20191006,POINT (-113.898582 43.792176),train
NA5120_E1357N0800__m_4311309_se_12_060_20210619,POINT (-113.898582 43.792176),train
NA5120_E1358N0590__m_3411144_nw_12_060_20190618,POINT (-111.574196 34.346731),train
NA5120_E1358N0674__m_3811253_se_12_060_20210913,POINT (-112.374873 38.140667),train
NA5120_E1359N0548__m_3211139_ne_12_060_20190615,POINT (-111.163453 32.452754),train
NA5120_E1359N0576__m_3311121_ne_12_060_20190617,POINT (-111.398396 33.721179),train
NA5120_E1359N0576__m_3311121_ne_12_060_20211013,POINT (-111.398396 33.721179),train
NA5120_E1359N0701__m_3911244_nw_12_060_20211001,POINT (-112.601415 39.366047),train
NA5120_E1359N0755__m_4111315_sw_12_060_20211017,POINT (-113.213337 41.794199),val
NA5120_E1359N0821__m_4411416_se_11_060_20210925,POINT (-114.054334 44.751625),train
NA5120_E1359N0840__m_4511430_nw_11_060_20210901,POINT (-114.317973 45.600648),train
NA5120_E1359N0863__m_4611419_se_11_060_20210924,POINT (-114.651371 46.626864),val
NA5120_E1359N0896__m_4811563_ne_11_060_20211018,POINT (-115.159089 48.096093),train
NA5120_E1360N0546__m_3211140_sw_12_060_20190615,POINT (-111.094447 32.369938),train
NA5120_E1360N0609__m_3511151_ne_12_060_20211108,POINT (-111.635732 35.222619),train
NA5120_E1360N0638__m_3611125_se_12_060_20190627,POINT (-111.905742 36.533357),train
NA5120_E1360N0638__m_3611125_se_12_060_20211015,POINT (-111.905742 36.533357),train
NA5120_E1360N0798__m_4311319_nw_12_060_20191006,POINT (-113.686661 43.732217),train
NA5120_E1360N0798__m_4311319_nw_12_060_20210912,POINT (-113.686661 43.732217),train
NA5120_E1360N0841__m_4511422_se_11_060_20210901,POINT (-114.268187 45.655553),train
NA5120_E1361N0544__m_3211148_se_12_060_20211211,POINT (-111.025603 32.287061),train
NA5120_E1361N0545__m_3211148_ne_12_060_20211211,POINT (-111.033686 32.332403),train
NA5120_E1361N0628__m_3611158_ne_12_060_20190627,POINT (-111.755786 36.089921),train
NA5120_E1361N0628__m_3611158_ne_12_060_20211015,POINT (-111.755786 36.089921),train
NA5120_E1361N0635__m_3611134_sw_12_060_20211015,POINT (-111.821651 36.40625),train
NA5120_E1361N0646__m_3611101_se_12_060_20190627,POINT (-111.926839 36.903148),train
NA5120_E1361N0646__m_3611101_se_12_060_20211015,POINT (-111.926839 36.903148),train
NA5120_E1361N0803__m_4311303_nw_12_060_20210912,POINT (-113.689521 43.965972),train
NA5120_E1361N0807__m_4411350_se_12_060_20210925,POINT (-113.741839 44.145099),train
NA5120_E1361N0808__m_4411350_ne_12_060_20210925,POINT (-113.754985 44.189874),test
NA5120_E1362N0572__m_3311131_nw_12_060_20190703,POINT (-111.203779 33.56398),train
NA5120_E1362N0587__m_3411146_sw_12_060_20211014,POINT (-111.332084 34.243346),train
NA5120_E1362N0683__m_3811231_nw_12_060_20210915,POINT (-112.239249 38.581482),train
NA5120_E1362N0719__m_4011251_ne_12_060_20210925,POINT (-112.622643 40.203416),train
NA5120_E1362N0803__m_4311303_ne_12_060_20191006,POINT (-113.627325 43.975764),train
NA5120_E1363N0545__m_3211041_ne_12_060_20211211,POINT (-110.928387 32.347913),test
NA5120_E1363N0584__m_3411162_ne_12_060_20211014,POINT (-111.252304 34.115497),train
NA5120_E1363N0587__m_3411146_se_12_060_20190618,POINT (-111.278138 34.251359),test
NA5120_E1363N0587__m_3411146_se_12_060_20211014,POINT (-111.278138 34.251359),test
NA5120_E1363N0609__m_3511145_sw_12_060_20211015,POINT (-111.471797 35.247204),test
NA5120_E1363N0630__m_3611151_ne_12_060_20211015,POINT (-111.663811 36.196966),train
NA5120_E1363N0631__m_3611143_se_12_060_20211015,POINT (-111.673135 36.242173),train
NA5120_E1363N0704__m_3911229_se_12_060_20211021,POINT (-112.401699 39.536839),train
NA5120_E1363N0760__m_4211364_ne_12_060_20190823,POINT (-113.032119 42.056296),train
NA5120_E1363N0764__m_4211356_nw_12_060_20190823,POINT (-113.07981 42.235965),train
NA5120_E1363N0830__m_4511349_ne_12_060_20190827,POINT (-113.92412 45.194257),train
NA5120_E1363N0860__m_4611430_sw_11_060_20210924,POINT (-114.347226 46.534698),val
NA5120_E1363N0897__m_4811449_ne_11_060_20211018,POINT (-114.907529 48.183809),train
NA5120_E1364N0535__m_3111002_se_12_060_20211030,POINT (-110.796393 31.901938),train
NA5120_E1364N0536__m_3111002_ne_12_060_20211030,POINT (-110.804265 31.947314),train
NA5120_E1364N0544__m_3211042_nw_12_060_20211030,POINT (-110.867727 32.310262),val
NA5120_E1364N0594__m_3411130_ne_12_060_20190705,POINT (-111.284766 34.576341),test
NA5120_E1364N0622__m_3511112_ne_12_060_20211015,POINT (-111.534712 35.843472),train
NA5120_E1364N0684__m_3811223_se_12_060_20210915,POINT (-112.134964 38.643977),train
NA5120_E1364N0723__m_4011236_se_12_060_20211021,POINT (-112.549266 40.401485),val
NA5120_E1364N0812__m_4411335_se_12_060_20210925,POINT (-113.619934 44.398475),train
NA5120_E1364N0812__m_4411336_sw_12_060_20190922,POINT (-113.619934 44.398475),train
NA5120_E1364N0830__m_4511350_nw_12_060_20210925,POINT (-113.86061 45.204243),train
NA5120_E1364N0834__m_4511333_se_12_060_20190827,POINT (-113.915314 45.383172),test
NA5120_E1364N0834__m_4511333_se_12_060_20210925,POINT (-113.915314 45.383172),test
NA5120_E1364N0853__m_4611455_ne_11_060_20210901,POINT (-114.181467 46.232409),train
NA5120_E1364N0884__m_4711427_ne_11_060_20210924,POINT (-114.63931 47.615498),val
NA5120_E1365N0523__m_3111043_ne_12_060_20190615,POINT (-110.650927 31.364858),train
NA5120_E1365N0536__m_3111002_ne_12_060_20211030,POINT (-110.751855 31.954938),train
NA5120_E1365N0626__m_3611160_se_12_060_20211015,POINT (-111.516192 36.032595),train
NA5120_E1365N0684__m_3811224_sw_12_060_20210915,POINT (-112.077646 38.652628),train
NA5120_E1365N0768__m_4211340_ne_12_060_20190823,POINT (-113.006499 42.434341),train
NA5120_E1365N0831__m_4511342_sw_12_060_20210925,POINT (-113.810662 45.258939),train
NA5120_E1366N0537__m_3211059_sw_12_060_20211030,POINT (-110.707262 32.00792),train
NA5120_E1366N0542__m_3211050_ne_12_060_20211030,POINT (-110.746597 32.234828),val
NA5120_E1366N0543__m_3211042_se_12_060_20211030,POINT (-110.754504 32.280205),train
NA5120_E1366N0593__m_3411131_se_12_060_20190625,POINT (-111.167732 34.547014),train
NA5120_E1366N0593__m_3411131_se_12_060_20211014,POINT (-111.167732 34.547014),train
NA5120_E1366N0617__m_3511121_se_12_060_20211015,POINT (-111.379257 35.633585),train
NA5120_E1366N0786__m_4311347_se_12_060_20190922,POINT (-113.164463 43.251962),test
NA5120_E1366N0807__m_4411353_ne_12_060_20210917,POINT (-113.429725 44.193889),train
NA5120_E1366N0854__m_4611448_sw_11_060_20210901,POINT (-114.066309 46.297431),train
NA5120_E1366N0869__m_4611406_ne_11_060_20210924,POINT (-114.282994 46.967342),train
NA5120_E1366N0901__m_4811434_se_11_060_20211018,POINT (-114.76924 48.393962),train
NA5120_E1367N0641__m_3611120_ne_12_060_20211015,POINT (-111.544208 36.727378),test
NA5120_E1367N0643__m_3611112_nw_12_060_20190623,POINT (-111.562967 36.817805),train
NA5120_E1367N0643__m_3611112_nw_12_060_20211015,POINT (-111.562967 36.817805),train
NA5120_E1367N0695__m_3911256_sw_12_060_20211029,POINT (-112.075523 39.166136),train
NA5120_E1367N0698__m_3911248_sw_12_060_20211029,POINT (-112.106623 39.301447),train
NA5120_E1367N0709__m_3911215_sw_12_060_20211029,POINT (-112.222167 39.797423),train
NA5120_E1367N0859__m_4611432_sw_11_060_20210901,POINT (-114.072751 46.530989),train
NA5120_E1367N0869__m_4611407_nw_11_060_20190915,POINT (-114.217456 46.977623),train
NA5120_E1367N0869__m_4611407_nw_11_060_20210902,POINT (-114.217456 46.977623),train
NA5120_E1367N0870__m_4711463_sw_11_060_20190915,POINT (-114.232097 47.022268),train
NA5120_E1368N0549__m_3211027_nw_12_060_20211030,POINT (-110.696589 32.567697),train
NA5120_E1368N0567__m_3311034_sw_12_060_20190704,POINT (-110.84166 33.384272),train
NA5120_E1368N0643__m_3611112_ne_12_060_20211015,POINT (-111.50709 36.826051),val
NA5120_E1368N0677__m_3811142_nw_12_060_20210913,POINT (-111.835422 38.362369),train
NA5120_E1368N0689__m_3811101_sw_12_060_20210913,POINT (-111.95629 38.904047),train
NA5120_E1368N0704__m_3911232_nw_12_060_20211029,POINT (-112.111225 39.580721),val
NA5120_E1368N0759__m_4211259_nw_12_060_20210620,POINT (-112.718604 42.057574),test
NA5120_E1368N0810__m_4411346_nw_12_060_20210917,POINT (-113.343271 44.347666),val
NA5120_E1369N0534__m_3111004_se_12_060_20211030,POINT (-110.526676 31.894327),train
NA5120_E1369N0539__m_3211052_sw_12_060_20211030,POINT (-110.565369 32.12135),train
NA5120_E1369N0549__m_3211027_ne_12_060_20211030,POINT (-110.643752 32.575283),train
NA5120_E1369N0552__m_3211019_ne_12_060_20211030,POINT (-110.667529 32.711433),train
NA5120_E1369N0560__m_3311059_nw_12_060_20211030,POINT (-110.731538 33.074431),train
NA5120_E1369N0564__m_3311042_se_12_060_20190704,POINT (-110.763875 33.255892),test
NA5120_E1369N0589__m_3411033_sw_12_060_20190625,POINT (-110.971136 34.389441),train
NA5120_E1369N0623__m_3511106_se_12_060_20211015,POINT (-111.267995 35.929379),val
NA5120_E1369N0643__m_3611113_nw_12_060_20211015,POINT (-111.4512 36.834265),train
NA5120_E1369N0644__m_3611105_sw_12_060_20190703,POINT (-111.460535 36.87949),train
NA5120_E1369N0644__m_3611105_sw_12_060_20211015,POINT (-111.460535 36.87949),train
NA5120_E1369N0645__m_3611105_sw_12_060_20190703,POINT (-111.469886 36.924713),val
NA5120_E1369N0680__m_3811126_sw_12_060_20210913,POINT (-111.80816 38.506304),train
NA5120_E1369N0693__m_3911157_nw_12_060_20211029,POINT (-111.939464 39.093128),train
NA5120_E1369N0701__m_3911240_ne_12_060_20211029,POINT (-112.021863 39.454076),train
NA5120_E1369N0702__m_3911232_se_12_060_20211029,POINT (-112.03225 39.499185),val
NA5120_E1369N0727__m_4011222_se_12_060_20211113,POINT (-112.298406 40.626201),train
NA5120_E1369N0757__m_4111203_ne_12_060_20211016,POINT (-112.635069 41.976748),train
NA5120_E1370N0523__m_3111037_se_12_060_20190615,POINT (-110.390617 31.402144),test
NA5120_E1370N0536__m_3111005_nw_12_060_20211030,POINT (-110.489653 31.992618),test
NA5120_E1370N0552__m_3211020_nw_12_060_20211030,POINT (-110.614591 32.719008),train
NA5120_E1370N0565__m_3311043_nw_12_060_20190704,POINT (-110.718658 33.30891),train
NA5120_E1370N0604__m_3511164_ne_12_060_20211014,POINT (-111.04533 35.076983),train
NA5120_E1370N0623__m_3511107_nw_12_060_20211015,POINT (-111.212783 35.93742),train
NA5120_E1370N0627__m_3611154_se_12_060_20211015,POINT (-111.248763 36.118483),val
NA5120_E1370N0642__m_3611113_se_12_060_20211015,POINT (-111.386015 36.797213),test
NA5120_E1370N0690__m_3811102_nw_12_060_20210913,POINT (-111.851261 38.96627),train
NA5120_E1370N0703__m_3911125_sw_12_060_20211029,POINT (-111.984538 39.552925),train
NA5120_E1370N0753__m_4111212_ne_12_060_20211016,POINT (-112.528894 41.805844),train
NA5120_E1370N0773__m_4211218_ne_12_060_20210620,POINT (-112.761818 42.705378),train
NA5120_E1370N0774__m_4211210_se_12_060_20210620,POINT (-112.773707 42.750329),train
NA5120_E1370N0884__m_4711423_sw_11_060_20210902,POINT (-114.241251 47.678057),train
NA5120_E1371N0533__m_3111013_ne_12_060_20211030,POINT (-110.414222 31.863806),train
NA5120_E1371N0536__m_3211061_sw_12_060_20211030,POINT (-110.437182 32.000065),train
NA5120_E1371N0616__m_3511124_sw_12_060_20211015,POINT (-111.095442 35.628451),train
NA5120_E1371N0628__m_3611155_sw_12_060_20211015,POINT (-111.202403 36.171788),train
NA5120_E1371N0644__m_3611106_sw_12_060_20211015,POINT (-111.348645 36.895835),train
NA5120_E1371N0880__m_4711431_se_11_060_20210902,POINT (-114.115513 47.509753),train
NA5120_E1371N0882__m_4711431_ne_11_060_20210902,POINT (-114.145099 47.599055),train
NA5120_E1372N0546__m_3211037_nw_12_060_20211030,POINT (-110.461793 32.461643),train
NA5120_E1372N0684__m_3811119_ne_12_060_20210914,POINT (-111.676002 38.712258),train
NA5120_E1373N0524__m_3111038_ne_12_060_20190615,POINT (-110.241768 31.469611),test
NA5120_E1373N0626__m_3611164_nw_12_060_20211015,POINT (-111.073724 36.097214),train
NA5120_E1373N0634__m_3611139_ne_12_060_20211015,POINT (-111.145507 36.459436),train
NA5120_E1374N0552__m_3211013_se_12_060_20211030,POINT (-110.402735 32.749007),train
NA5120_E1374N0620__m_3511009_nw_12_060_20211015,POINT (-110.965396 35.833367),train
NA5120_E1374N0625__m_3611164_ne_12_060_20211015,POINT (-111.009492 36.059856),train
NA5120_E1374N0688__m_3811104_sw_12_060_20210914,POINT (-111.60072 38.909714),test
NA5120_E1374N0712__m_4011158_sw_12_060_20211113,POINT (-111.844687 39.993339),train
NA5120_E1374N0806__m_4411249_ne_12_060_20191006,POINT (-112.916727 44.225129),train
NA5120_E1374N0806__m_4411249_ne_12_060_20210914,POINT (-112.916727 44.225129),train
NA5120_E1375N0588__m_3411035_se_12_060_20211025,POINT (-110.638149 34.390484),train
NA5120_E1375N0624__m_3611057_sw_12_060_20211015,POINT (-110.945332 36.022451),train
NA5120_E1375N0633__m_3611140_ne_12_060_20211015,POINT (-111.025253 36.430098),train
NA5120_E1375N0637__m_3611132_nw_12_060_20211015,POINT (-111.06119 36.611229),test
NA5120_E1375N0713__m_4011158_se_12_060_20211128,POINT (-111.796504 40.047007),train
NA5120_E1375N0739__m_4111256_nw_12_060_20210812,POINT (-112.073107 41.219711),train
NA5120_E1375N0755__m_4111206_ne_12_060_20210812,POINT (-112.250345 41.940629),train
NA5120_E1375N0776__m_4211204_se_12_060_20210620,POINT (-112.491555 42.885928),train
NA5120_E1376N0551__m_3211022_ne_12_060_20190615,POINT (-110.289018 32.718402),val
NA5120_E1376N0551__m_3211022_ne_12_060_20211030,POINT (-110.289018 32.718402),val
NA5120_E1376N0561__m_3311053_se_12_060_20211030,POINT (-110.366894 33.172582),train
NA5120_E1376N0641__m_3611116_se_12_060_20211015,POINT (-111.041477 36.800305),test
NA5120_E1376N0722__m_4011134_nw_12_060_20211113,POINT (-111.831732 40.461688),val
NA5120_E1376N0723__m_4011126_sw_12_060_20211113,POINT (-111.842258 40.506808),test
NA5120_E1376N0725__m_4011126_nw_12_060_20211113,POINT (-111.86337 40.597041),train
NA5120_E1376N0731__m_4011101_se_12_060_20211113,POINT (-111.927193 40.867688),val
NA5120_E1376N0741__m_4111248_ne_12_060_20210812,POINT (-112.035214 41.318592),train
NA5120_E1376N0749__m_4111223_se_12_060_20210812,POINT (-112.123149 41.679154),val
NA5120_E1376N0776__m_4211205_se_12_060_20210620,POINT (-112.430298 42.894961),train
NA5120_E1376N0804__m_4411250_se_12_060_20210914,POINT (-112.766726 44.153926),train
NA5120_E1377N0529__m_3111024_nw_12_060_20211128,POINT (-110.069992 31.725917),train
NA5120_E1377N0688__m_3811105_ne_12_060_20210913,POINT (-111.427823 38.93466),train
NA5120_E1377N0688__m_3811105_nw_12_060_20210915,POINT (-111.427823 38.93466),train
NA5120_E1377N0720__m_4011134_se_12_060_20211128,POINT (-111.751839 40.379971),train
NA5120_E1377N0721__m_4011134_se_12_060_20211128,POINT (-111.762284 40.425103),train
NA5120_E1377N0727__m_4011118_nw_12_060_20211113,POINT (-111.825376 40.69585),train
NA5120_E1377N0732__m_4011101_se_12_060_20211113,POINT (-111.87851 40.921413),train
NA5120_E1377N0733__m_4011101_ne_12_060_20211113,POINT (-111.889198 40.96652),train
NA5120_E1377N0741__m_4111141_nw_12_060_20210812,POINT (-111.97545 41.327291),val
NA5120_E1377N0744__m_4111240_ne_12_060_20210812,POINT (-112.008139 41.462543),val
NA5120_E1377N0746__m_4111232_se_12_060_20210812,POINT (-112.030039 41.5527),train
NA5120_E1377N0748__m_4111224_se_12_060_20210812,POINT (-112.052023 41.642849),train
NA5120_E1377N0774__m_4211214_nw_12_060_20210620,POINT (-112.345795 42.81394),train
NA5120_E1377N0821__m_4411201_se_12_060_20190901,POINT (-112.917129 44.926719),val
NA5120_E1378N0585__m_3411045_sw_12_060_20190625,POINT (-110.451297 34.277099),train
NA5120_E1378N0585__m_3411045_sw_12_060_20211025,POINT (-110.451297 34.277099),train
NA5120_E1378N0651__m_3711148_se_12_060_20210827,POINT (-111.020199 37.268997),val
NA5120_E1378N0669__m_3811163_nw_12_060_20210913,POINT (-111.187472 38.083652),train
NA5120_E1378N0676__m_3811138_se_12_060_20210915,POINT (-111.254031 38.4003),val
NA5120_E1378N0739__m_4111141_se_12_060_20210813,POINT (-111.894064 41.245758),train
NA5120_E1378N0763__m_4211247_ne_12_060_20210620,POINT (-112.15895 42.327518),train
NA5120_E1378N0778__m_4311262_sw_12_060_20210620,POINT (-112.33096 43.002944),train
NA5120_E1379N0583__m_3411053_ne_12_060_20211025,POINT (-110.381076 34.193819),train
NA5120_E1379N0736__m_4111150_se_12_060_20210813,POINT (-111.802224 41.119036),train
NA5120_E1379N0741__m_4111142_nw_12_060_20210813,POINT (-111.85587 41.344583),train
NA5120_E1379N0782__m_4311254_nw_12_060_20190923,POINT (-112.316119 43.191943),train
NA5120_E1379N0783__m_4311254_nw_12_060_20190923,POINT (-112.327818 43.236952),train
NA5120_E1380N0549__m_3211024_sw_12_060_20190615,POINT (-110.061866 32.656755),train
NA5120_E1380N0564__m_3311047_ne_12_060_20211030,POINT (-110.176943 33.338377),train
NA5120_E1380N0613__m_3511028_nw_12_060_20190708,POINT (-110.57452 35.562625),train
NA5120_E1380N0627__m_3611051_nw_12_060_20211020,POINT (-110.694584 36.197418),train
NA5120_E1380N0670__m_3811156_sw_12_060_20210913,POINT (-111.082917 38.145025),train
NA5120_E1380N0758__m_4211149_sw_12_060_20210621,POINT (-111.981674 42.119764),train
NA5120_E1380N0800__m_4411261_sw_12_060_20191007,POINT (-112.467904 44.010821),train
NA5120_E1380N0848__m_4611356_sw_12_060_20210829,POINT (-113.076871 46.166576),train
NA5120_E1381N0645__m_3711058_se_12_060_20190705,POINT (-110.79734 37.020933),val
NA5120_E1381N0645__m_3711058_se_12_060_20210825,POINT (-110.79734 37.020933),val
NA5120_E1381N0645__m_3711058_se_12_060_20211020,POINT (-110.79734 37.020933),val
NA5120_E1381N0681__m_3811123_se_12_060_20210913,POINT (-111.129832 38.650809),train
NA5120_E1381N0749__m_4111118_nw_12_060_20210813,POINT (-111.822468 41.722627),train
NA5120_E1381N0761__m_4211141_sw_12_060_20190711,POINT (-111.954389 42.2637),train
NA5120_E1381N0791__m_4311230_ne_12_060_20190923,POINT (-112.298214 43.614935),train
NA5120_E1381N0827__m_4511250_ne_12_060_20190721,POINT (-112.739247 45.233506),train
NA5120_E1381N0827__m_4511250_ne_12_060_20210927,POINT (-112.739247 45.233506),train
NA5120_E1381N0830__m_4511234_se_12_060_20190721,POINT (-112.777494 45.368235),train
NA5120_E1381N0830__m_4511234_se_12_060_20210927,POINT (-112.777494 45.368235),train
NA5120_E1382N0643__m_3611003_nw_12_060_20211020,POINT (-110.723444 36.93811),val
NA5120_E1382N0650__m_3711042_se_12_060_20210825,POINT (-110.78591 37.255286),train
NA5120_E1382N0685__m_3811116_nw_12_060_20210913,POINT (-111.110554 38.83985),train
NA5120_E1382N0753__m_4111102_se_12_060_20210813,POINT (-111.805739 41.911642),train
NA5120_E1382N0794__m_4311214_se_12_060_20190923,POINT (-112.271557 43.758914),train
NA5120_E1383N0684__m_3811116_se_12_060_20210913,POINT (-111.043403 38.802659),train
NA5120_E1383N0721__m_4011137_ne_12_060_20210924,POINT (-111.408297 40.4756),test
NA5120_E1383N0727__m_4011113_sw_12_060_20210924,POINT (-111.469922 40.746631),train
NA5120_E1383N0762__m_4211142_nw_12_060_20190711,POINT (-111.844007 42.326132),test
NA5120_E1383N0762__m_4211142_nw_12_060_20210621,POINT (-111.844007 42.326132),test
NA5120_E1383N0763__m_4211134_sw_12_060_20190711,POINT (-111.855076 42.371221),train
NA5120_E1383N0763__m_4211134_sw_12_060_20210621,POINT (-111.855076 42.371221),train
NA5120_E1383N0785__m_4311248_nw_12_060_20190923,POINT (-112.104224 43.362609),train
NA5120_E1383N0800__m_4411262_se_12_060_20190923,POINT (-112.280502 44.037902),train
NA5120_E1383N0850__m_4611241_se_12_060_20210628,POINT (-112.908831 46.284762),train
NA5120_E1384N0556__m_3310957_se_12_060_20190704,POINT (-109.902446 33.003778),train
NA5120_E1384N0715__m_4011154_ne_12_060_20210924,POINT (-111.288565 40.212745),train
NA5120_E1384N0728__m_4011113_se_12_060_20210924,POINT (-111.420922 40.800146),train
NA5120_E1384N0729__m_4011113_ne_12_060_20210924,POINT (-111.43124 40.845316),train
NA5120_E1384N0745__m_4111128_nw_12_060_20210812,POINT (-111.599076 41.56776),train
NA5120_E1384N0759__m_4211150_ne_12_060_20190711,POINT (-111.750279 42.19945),train
NA5120_E1384N0798__m_4311207_nw_12_060_20190923,POINT (-112.194275 43.956829),train
NA5120_E1384N0803__m_4411254_ne_12_060_20191007,POINT (-112.253756 44.181875),train
NA5120_E1384N0825__m_4511252_se_12_060_20190721,POINT (-112.522822 45.171332),train
NA5120_E1384N0825__m_4511252_se_12_060_20210927,POINT (-112.522822 45.171332),train
NA5120_E1384N0830__m_4511236_sw_12_060_20190721,POINT (-112.585695 45.396036),train
NA5120_E1384N0830__m_4511236_sw_12_060_20210927,POINT (-112.585695 45.396036),train
NA5120_E1385N0651__m_3711043_ne_12_060_20210823,POINT (-110.625789 37.323942),val
NA5120_E1385N0711__m_4011163_sw_12_060_20210924,POINT (-111.189832 40.040122),train
NA5120_E1385N0787__m_4311240_ne_12_060_20190902,POINT (-112.003594 43.470319),val
NA5120_E1385N0820__m_4411205_ne_12_060_20190721,POINT (-112.397113 44.955661),train
NA5120_E1385N0841__m_4511203_se_12_060_20190721,POINT (-112.661818 45.899447),train
NA5120_E1385N0841__m_4511203_se_12_060_20210927,POINT (-112.661818 45.899447),train
NA5120_E1385N0843__m_4511203_nw_12_060_20190721,POINT (-112.68764 45.98927),test
NA5120_E1385N0843__m_4511203_nw_12_060_20210628,POINT (-112.68764 45.98927),test
NA5120_E1386N0552__m_3210910_ne_12_060_20190704,POINT (-109.766191 32.83612),train
NA5120_E1386N0560__m_3310950_nw_12_060_20190704,POINT (-109.826034 33.199943),train
NA5120_E1386N0633__m_3611029_se_12_060_20211020,POINT (-110.412621 36.51544),train
NA5120_E1386N0634__m_3611029_ne_12_060_20211020,POINT (-110.421197 36.560799),train
NA5120_E1386N0716__m_4011147_se_12_060_20210924,POINT (-111.180884 40.274351),train
NA5120_E1386N0719__m_4011139_sw_12_060_20210924,POINT (-111.210951 40.409975),test
NA5120_E1386N0724__m_4011122_se_12_060_20210924,POINT (-111.261448 40.635976),train
NA5120_E1386N0726__m_4011122_ne_12_060_20210924,POINT (-111.281782 40.726362),test
NA5120_E1387N0641__m_3611005_se_12_060_20190708,POINT (-110.425616 36.88589),train
NA5120_E1387N0662__m_3711012_nw_12_060_20210827,POINT (-110.61095 37.837953),test
NA5120_E1387N0716__m_4011147_se_12_060_20210924,POINT (-111.121988 40.282504),train
NA5120_E1387N0752__m_4111104_se_12_060_20210812,POINT (-111.493007 41.909071),test
NA5120_E1387N0774__m_4211103_sw_12_060_20190926,POINT (-111.732918 42.901741),train
NA5120_E1387N0774__m_4211103_sw_12_060_20210629,POINT (-111.732918 42.901741),train
NA5120_E1387N0778__m_4311158_ne_12_060_20190926,POINT (-111.777673 43.082111),train
NA5120_E1387N0791__m_4311117_se_12_060_20210614,POINT (-111.92563 43.668062),train
NA5120_E1387N0823__m_4511262_ne_12_060_20210927,POINT (-112.306901 45.108694),train
NA5120_E1388N0551__m_3210911_ne_12_060_20190929,POINT (-109.6526 32.804722),train
NA5120_E1388N0631__m_3611038_ne_12_060_20211020,POINT (-110.284109 36.439788),train
NA5120_E1388N0634__m_3611030_nw_12_060_20211020,POINT (-110.30958 36.575912),train
NA5120_E1388N0635__m_3611022_sw_12_060_20190708,POINT (-110.318101 36.621283),train
NA5120_E1388N0717__m_4011148_nw_12_060_20210924,POINT (-111.072999 40.335848),train
NA5120_E1388N0747__m_4111121_ne_12_060_20210812,POINT (-111.379713 41.691679),test
NA5120_E1388N0752__m_4111105_sw_12_060_20210812,POINT (-111.43259 41.917471),test
NA5120_E1388N0768__m_4211120_sw_12_060_20190718,POINT (-111.60533 42.639648),train
NA5120_E1388N0778__m_4311159_nw_12_060_20190926,POINT (-111.716105 43.090725),train
NA5120_E1388N0778__m_4311159_nw_12_060_20210629,POINT (-111.716105 43.090725),train
NA5120_E1388N0822__m_4511263_nw_12_060_20210927,POINT (-112.230959 45.072714),train
NA5120_E1388N0851__m_4611236_sw_12_060_20210628,POINT (-112.596765 46.3764),train
NA5120_E1389N0638__m_3611014_se_12_060_20190708,POINT (-110.28779 36.764921),train
NA5120_E1389N0645__m_3711062_nw_12_060_20210825,POINT (-110.34795 37.082487),train
NA5120_E1389N0776__m_4311159_se_12_060_20210629,POINT (-111.632278 43.009089),train
NA5120_E1390N0532__m_3110905_ne_12_060_20211219,POINT (-109.410052 31.953795),train
NA5120_E1390N0656__m_3711029_ne_12_060_20210827,POINT (-110.387422 37.588976),train
NA5120_E1390N0759__m_4211145_se_12_060_20210629,POINT (-111.385998 42.250297),train
NA5120_E1390N0800__m_4411158_nw_12_060_20190902,POINT (-111.842545 44.099791),train
NA5120_E1390N0818__m_4411208_se_12_060_20190721,POINT (-112.05526 44.910544),train
NA5120_E1390N0828__m_4511247_ne_12_060_20210927,POINT (-112.17689 45.360621),train
NA5120_E1391N0587__m_3410934_ne_12_060_20190703,POINT (-109.763069 34.463218),test
NA5120_E1391N0666__m_3811061_se_12_060_20210916,POINT (-110.419103 38.050039),train
NA5120_E1391N0701__m_3911018_se_12_060_20211028,POINT (-110.741465 39.635829),val
NA5120_E1391N0701__m_3911019_sw_12_060_20210621,POINT (-110.741465 39.635829),val
NA5120_E1391N0746__m_4111123_sw_12_060_20210904,POINT (-111.188621 41.671356),train
NA5120_E1391N0751__m_4111106_se_12_060_20210813,POINT (-111.240749 41.897278),train
NA5120_E1391N0751__m_4111107_sw_12_060_20210904,POINT (-111.240749 41.897278),train
NA5120_E1391N0765__m_4211129_se_12_060_20210629,POINT (-111.389462 42.529583),train
NA5120_E1391N0801__m_4411150_se_12_060_20210618,POINT (-111.791469 44.153554),train
NA5120_E1391N0825__m_4511256_nw_12_060_20190721,POINT (-112.076282 45.234539),train
NA5120_E1391N0825__m_4511256_nw_12_060_20210927,POINT (-112.076282 45.234539),train
NA5120_E1391N0847__m_4611254_nw_12_060_20210628,POINT (-112.350136 46.224191),train
NA5120_E1392N0650__m_3711047_nw_12_060_20210825,POINT (-110.222125 37.331915),train
NA5120_E1392N0651__m_3711039_sw_12_060_20210825,POINT (-110.230752 37.377287),train
NA5120_E1392N0664__m_3711006_nw_12_060_20210916,POINT (-110.344359 37.966968),train
NA5120_E1392N0760__m_4211146_ne_12_060_20210904,POINT (-111.275044 42.312128),test
NA5120_E1392N0761__m_4211146_ne_12_060_20210904,POINT (-111.285675 42.357296),train
NA5120_E1392N0773__m_4211105_se_12_060_20190711,POINT (-111.414894 42.89914),train
NA5120_E1392N0775__m_4211105_nw_12_060_20210629,POINT (-111.436732 42.989418),val
NA5120_E1392N0812__m_4411118_sw_12_060_20190721,POINT (-111.857027 44.657938),val
NA5120_E1392N0848__m_4611246_se_12_060_20210628,POINT (-112.297846 46.278237),train
NA5120_E1393N0656__m_3711031_nw_12_060_20210825,POINT (-110.21746 37.611644),train
NA5120_E1393N0660__m_3711014_se_12_060_20210825,POINT (-110.2523 37.793108),train
NA5120_E1393N0737__m_4111041_sw_12_060_20220705,POINT (-110.976361 41.280812),train
NA5120_E1393N0747__m_4111124_nw_12_060_20210904,POINT (-111.078453 41.732944),train
NA5120_E1393N0769__m_4211122_nw_12_060_20210904,POINT (-111.310228 42.726918),train
NA5120_E1393N0770__m_4211114_sw_12_060_20190711,POINT (-111.321004 42.772074),train
NA5120_E1393N0826__m_4511141_sw_12_060_20190721,POINT (-111.96059 45.297285),val
NA5120_E1393N0839__m_4511207_se_12_060_20210927,POINT (-112.119907 45.882435),train
NA5120_E1393N0846__m_4611255_nw_12_060_20210628,POINT (-112.207513 46.197339),train
NA5120_E1393N0865__m_4711261_sw_12_060_20210628,POINT (-112.451975 47.051437),train
NA5120_E1393N0870__m_4711244_se_12_060_20210907,POINT (-112.51798 47.276039),train
NA5120_E1393N0876__m_4711228_sw_12_060_20210921,POINT (-112.598134 47.545471),train
NA5120_E1394N0555__m_3310962_sw_12_060_20211219,POINT (-109.362643 33.028365),train
NA5120_E1394N0566__m_3310929_sw_12_060_20211029,POINT (-109.442826 33.529062),train
NA5120_E1394N0746__m_4111124_ne_12_060_20210904,POINT (-111.007896 41.695879),train
NA5120_E1394N0813__m_4411118_ne_12_060_20190721,POINT (-111.742202 44.720415),train
NA5120_E1394N0847__m_4611247_se_12_060_20210628,POINT (-112.1551 46.251319),train
NA5120_E1394N0858__m_4611214_se_12_060_20210628,POINT (-112.295142 46.745989),train
NA5120_E1394N0859__m_4611214_sw_12_060_20210628,POINT (-112.308037 46.790944),train
NA5120_E1395N0554__m_3210906_ne_12_060_20190928,POINT (-109.30218 32.989673),train
NA5120_E1395N0554__m_3210906_ne_12_060_20211219,POINT (-109.30218 32.989673),train
NA5120_E1395N0554__m_3210906_nw_12_060_20190929,POINT (-109.30218 32.989673),train
NA5120_E1395N0555__m_3310962_sw_12_060_20211219,POINT (-109.309363 33.035204),train
NA5120_E1395N0756__m_4211156_se_12_060_20210904,POINT (-111.050657 42.156089),val
NA5120_E1395N0756__m_4211156_se_12_060_20220705,POINT (-111.050657 42.156089),val
NA5120_E1395N0794__m_4311105_sw_12_060_20210614,POINT (-111.461373 43.872202),test
NA5120_E1395N0849__m_4611247_ne_12_060_20210628,POINT (-112.115159 46.350266),train
NA5120_E1396N0526__m_3110924_ne_12_060_20200517,POINT (-109.053579 31.720909),train
NA5120_E1396N0555__m_3310962_se_12_060_20190928,POINT (-109.256073 33.042013),train
NA5120_E1396N0555__m_3310962_se_12_060_20211219,POINT (-109.256073 33.042013),train
NA5120_E1396N0655__m_3711032_ne_12_060_20210822,POINT (-110.038825 37.588626),train
NA5120_E1396N0767__m_4211124_sw_12_060_20190711,POINT (-111.105151 42.661405),train
NA5120_E1396N0767__m_4211124_sw_12_060_20210904,POINT (-111.105151 42.661405),train
NA5120_E1396N0774__m_4211107_ne_12_060_20190711,POINT (-111.179793 42.977657),train
NA5120_E1396N0774__m_4211107_ne_12_060_20210904,POINT (-111.179793 42.977657),train
NA5120_E1396N0795__m_4311105_se_12_060_20210614,POINT (-111.410111 43.925784),train
NA5120_E1396N0821__m_4511159_nw_12_060_20190721,POINT (-111.709244 45.098296),train
NA5120_E1396N0859__m_4611215_ne_12_060_20210628,POINT (-112.176641 46.809062),train
NA5120_E1397N0612__m_3510919_se_12_060_20190703,POINT (-109.629936 35.642487),train
NA5120_E1397N0652__m_3710933_nw_12_060_20210822,POINT (-109.95667 37.459812),train
NA5120_E1397N0654__m_3710925_sw_12_060_20210822,POINT (-109.973638 37.550613),train
NA5120_E1397N0695__m_3911038_sw_12_060_20211015,POINT (-110.335688 39.410586),train
NA5120_E1397N0698__m_3911030_sw_12_060_20211015,POINT (-110.363284 39.54657),train
NA5120_E1397N0764__m_4211132_se_12_060_20210904,POINT (-111.012382 42.534011),train
NA5120_E1397N0767__m_4211124_se_12_060_20210904,POINT (-111.043921 42.669602),train
NA5120_E1397N0768__m_4211124_ne_12_060_20190826,POINT (-111.054476 42.714795),train
NA5120_E1397N0768__m_4211124_ne_12_060_20210904,POINT (-111.054476 42.714795),train
NA5120_E1397N0842__m_4611157_se_12_060_20190721,POINT (-111.898063 46.053004),train
NA5120_E1397N0856__m_4611224_nw_12_060_20210628,POINT (-112.072785 46.683104),train
NA5120_E1397N0857__m_4611224_nw_12_060_20210628,POINT (-112.085466 46.728093),train
NA5120_E1397N0862__m_4611207_ne_12_060_20210628,POINT (-112.149279 46.952995),train
NA5120_E1397N0888__m_4811260_ne_12_060_20210907,POINT (-112.492474 48.121412),train
NA5120_E1398N0578__m_3410962_nw_12_060_20211115,POINT (-109.315976 34.102788),train
NA5120_E1398N0587__m_3410929_se_12_060_20211115,POINT (-109.382975 34.512387),train
NA5120_E1398N0671__m_3811048_nw_12_060_20210916,POINT (-110.063129 38.329619),train
NA5120_E1398N0773__m_4211108_ne_12_060_20210904,POINT (-111.046048 42.948937),val
NA5120_E1398N0815__m_4411112_ne_12_060_20210917,POINT (-111.511805 44.845013),train
NA5120_E1398N0833__m_4511119_sw_12_060_20190721,POINT (-111.724045 45.656401),train
NA5120_E1398N0857__m_4611224_ne_12_060_20210628,POINT (-112.019818 46.737034),train
NA5120_E1399N0572__m_3310915_nw_12_060_20190928,POINT (-109.218039 33.836473),train
NA5120_E1399N0579__m_3410954_se_12_060_20190703,POINT (-109.269289 34.155157),val
NA5120_E1399N0579__m_3410954_se_12_060_20211115,POINT (-109.269289 34.155157),val
NA5120_E1399N0587__m_3410930_sw_12_060_20211115,POINT (-109.328635 34.519286),train
NA5120_E1399N0645__m_3710950_se_12_060_20210822,POINT (-109.785101 37.156499),train
NA5120_E1399N0647__m_3710942_se_12_060_20210822,POINT (-109.801708 37.247348),train
NA5120_E1399N0665__m_3810957_nw_12_060_20210917,POINT (-109.953948 38.064706),train
NA5120_E1399N0690__m_3911055_ne_12_060_20210621,POINT (-110.173986 39.199054),val
NA5120_E1399N0705__m_3911006_sw_12_060_20211015,POINT (-110.311047 39.879155),train
NA5120_E1399N0753__m_4211058_se_12_060_20220705,POINT (-110.777061 42.052751),val
NA5120_E1399N0765__m_4211025_ne_12_060_20190826,POINT (-110.900543 42.595462),train
NA5120_E1399N0765__m_4211025_ne_12_060_20220705,POINT (-110.900543 42.595462),train
NA5120_E1399N0768__m_4211017_ne_12_060_20190826,POINT (-110.931875 42.731095),val
NA5120_E1399N0768__m_4211017_ne_12_060_20220705,POINT (-110.931875 42.731095),val
NA5120_E1399N0768__m_4211017_nw_12_060_20220717,POINT (-110.931875 42.731095),val
NA5120_E1399N0864__m_4711264_ne_12_060_20210628,POINT (-112.042929 47.060913),train
NA5120_E1400N0670__m_3810941_sw_12_060_20210917,POINT (-109.939864 38.299043),train
NA5120_E1400N0735__m_4111044_se_12_060_20190826,POINT (-110.537331 41.245998),train
NA5120_E1400N0736__m_4111044_se_12_060_20190826,POINT (-110.547115 41.291277),train
NA5120_E1400N0745__m_4111019_ne_12_060_20190826,POINT (-110.636037 41.698703),train
NA5120_E1400N0746__m_4111011_se_12_060_20190826,POINT (-110.646014 41.743963),train
NA5120_E1400N0880__m_4711215_sw_12_060_20190730,POINT (-112.184028 47.789465),train
NA5120_E1400N0888__m_4811254_se_12_060_20190730,POINT (-112.290357 48.149022),train
NA5120_E1400N0892__m_4811246_nw_12_060_20190730,POINT (-112.344228 48.328734),train
NA5120_E1401N0559__m_3310948_se_12_060_20211112,POINT (-109.017591 33.257846),train
NA5120_E1401N0635__m_3610920_nw_12_060_20190709,POINT (-109.590969 36.716446),test
NA5120_E1401N0747__m_4111012_sw_12_060_20190826,POINT (-110.595598 41.797118),train
NA5120_E1401N0835__m_4511112_se_12_060_20190720,POINT (-111.554495 45.772488),train
NA5120_E1401N0865__m_4711149_se_12_060_20210703,POINT (-111.923455 47.123735),train
NA5120_E1401N0894__m_4811238_se_12_060_20210710,POINT (-112.303578 48.427756),train
NA5120_E1402N0711__m_4011055_sw_12_060_20211105,POINT (-110.190275 40.173984),train
NA5120_E1402N0713__m_4011047_sw_12_060_20211105,POINT (-110.208815 40.264655),train
NA5120_E1402N0729__m_4011006_nw_12_060_20190826,POINT (-110.35972 40.989776),val
NA5120_E1402N0770__m_4211010_ne_12_060_20190826,POINT (-110.768569 42.845732),train
NA5120_E1402N0770__m_4211010_ne_12_060_20220705,POINT (-110.768569 42.845732),train
NA5120_E1402N0816__m_4411106_se_12_060_20190720,POINT (-111.268995 44.924004),test
NA5120_E1402N0816__m_4411106_se_12_060_20210917,POINT (-111.268995 44.924004),test
NA5120_E1402N0892__m_4811247_nw_12_060_20210710,POINT (-112.208905 48.347017),train
NA5120_E1403N0575__m_3410964_se_12_060_20211112,POINT (-109.024025 34.000072),train
NA5120_E1403N0678__m_3810918_nw_12_060_20210917,POINT (-109.836685 38.684248),train
NA5120_E1403N0709__m_4011064_nw_12_060_20211105,POINT (-110.11296 40.090854),train
NA5120_E1403N0715__m_4011047_ne_12_060_20211105,POINT (-110.168334 40.362912),test
NA5120_E1403N0735__m_4111046_sw_12_060_20190826,POINT (-110.357594 41.269313),train
NA5120_E1403N0771__m_4211003_sw_12_060_20190831,POINT (-110.717449 42.898968),test
NA5120_E1403N0779__m_4311042_se_12_060_20190826,POINT (-110.800967 43.260771),train
NA5120_E1403N0779__m_4311042_se_12_060_20220719,POINT (-110.800967 43.260771),train
NA5120_E1403N0780__m_4311042_nw_12_060_20190826,POINT (-110.811502 43.305987),train
NA5120_E1403N0783__m_4311034_nw_12_060_20190826,POINT (-110.843232 43.441624),train
NA5120_E1403N0784__m_4311034_nw_12_060_20190826,POINT (-110.853852 43.486832),train
NA5120_E1403N0785__m_4311025_se_12_060_20190826,POINT (-110.864493 43.532038),train
NA5120_E1403N0829__m_4511130_sw_12_060_20190720,POINT (-111.3549 45.518999),val
NA5120_E1403N0830__m_4511129_ne_12_060_20190720,POINT (-111.366573 45.564107),val
NA5120_E1403N0894__m_4811239_ne_12_060_20210710,POINT (-112.167977 48.445996),val
NA5120_E1403N0896__m_4811231_sw_12_060_20190730,POINT (-112.194866 48.535885),test
NA5120_E1403N0896__m_4811231_sw_12_060_20210710,POINT (-112.194866 48.535885),test
NA5120_E1404N0735__m_4111046_se_12_060_20190826,POINT (-110.297652 41.277014),train
NA5120_E1404N0735__m_4111046_se_12_060_20220625,POINT (-110.297652 41.277014),train
NA5120_E1404N0782__m_4311034_se_12_060_20190826,POINT (-110.7706 43.404474),test
NA5120_E1404N0782__m_4311034_se_12_060_20220719,POINT (-110.7706 43.404474),test
NA5120_E1404N0783__m_4311034_ne_12_060_20190826,POINT (-110.781151 43.449692),train
NA5120_E1404N0784__m_4311026_se_12_060_20190826,POINT (-110.791724 43.494908),train
NA5120_E1404N0784__m_4311026_se_12_060_20220719,POINT (-110.791724 43.494908),train
NA5120_E1404N0791__m_4311009_ne_12_060_20220712,POINT (-110.866337 43.811364),train
NA5120_E1404N0793__m_4311001_se_12_060_20190818,POINT (-110.88785 43.901762),train
NA5120_E1404N0810__m_4411124_sw_12_060_20190720,POINT (-111.074303 44.669799),train
NA5120_E1404N0847__m_4611144_ne_12_060_20190720,POINT (-111.503575 46.339207),test
NA5120_E1405N0557__m_3310850_ne_12_060_20220521,POINT (-108.789823 33.193091),train
NA5120_E1405N0597__m_3510964_sw_12_060_20211107,POINT (-109.075758 35.015414),train
NA5120_E1405N0662__m_3710904_nw_12_060_20210921,POINT (-109.586181 37.972009),train
NA5120_E1405N0674__m_3810927_sw_12_060_20210917,POINT (-109.687222 38.517156),train
NA5120_E1405N0696__m_3910925_se_12_060_20211015,POINT (-109.878444 39.515998),train
NA5120_E1405N0710__m_4011056_se_12_060_20211105,POINT (-110.00433 40.15121),train
NA5120_E1405N0712__m_4011056_ne_12_060_20211105,POINT (-110.02259 40.241928),train
NA5120_E1405N0841__m_4611161_ne_12_060_20190720,POINT (-111.36672 46.077225),test
NA5120_E1405N0841__m_4611162_nw_12_060_20210901,POINT (-111.36672 46.077225),test
NA5120_E1405N0844__m_4611153_ne_12_060_20190720,POINT (-111.402399 46.212513),train
NA5120_E1405N0845__m_4611145_se_12_060_20190720,POINT (-111.414342 46.257605),train
NA5120_E1405N0873__m_4711126_se_12_060_20210703,POINT (-111.759365 47.519183),train
NA5120_E1406N0611__m_3510923_se_12_060_20190703,POINT (-109.12548 35.659546),train
NA5120_E1406N0613__m_3510915_se_12_060_20190705,POINT (-109.140618 35.750581),test
NA5120_E1406N0640__m_3610906_nw_12_060_20210822,POINT (-109.350406 36.978995),train
NA5120_E1406N0654__m_3710929_nw_12_060_20210822,POINT (-109.463304 37.615536),val
NA5120_E1406N0662__m_3710904_ne_12_060_20210921,POINT (-109.529132 37.979141),train
NA5120_E1406N0681__m_3810911_nw_12_060_20210917,POINT (-109.689438 38.84231),test
NA5120_E1406N0688__m_3910950_se_12_060_20210922,POINT (-109.749946 39.160176),train
NA5120_E1406N0726__m_4011008_sw_12_060_20211122,POINT (-110.092793 40.884322),train
NA5120_E1406N0829__m_4511131_se_12_060_20190720,POINT (-111.161887 45.544241),train
NA5120_E1406N0832__m_4511123_sw_12_060_20190720,POINT (-111.19652 45.679638),train
NA5120_E1406N0895__m_4811125_sw_12_060_20210703,POINT (-111.977647 48.518024),train
NA5120_E1407N0621__m_3610955_se_12_060_20190705,POINT (-109.14614 36.12151),train
NA5120_E1407N0659__m_3710913_nw_12_060_20210822,POINT (-109.447383 37.849881),test
NA5120_E1407N0674__m_3810928_sw_12_060_20210921,POINT (-109.5722 38.531543),train
NA5120_E1407N0676__m_3810920_sw_12_060_20210921,POINT (-109.589107 38.622405),train
NA5120_E1407N0702__m_3910910_sw_12_060_20211015,POINT (-109.814764 39.803032),train
NA5120_E1407N0704__m_3910902_sw_12_060_20211015,POINT (-109.832586 39.893804),val
NA5120_E1407N0802__m_4411042_ne_12_060_20220719,POINT (-110.796698 44.332889),train
NA5120_E1407N0884__m_4811158_se_12_060_20210703,POINT (-111.766095 48.031985),val
NA5120_E1408N0573__m_3310802_ne_12_060_20220521,POINT (-108.739906 33.941983),train
NA5120_E1408N0611__m_3510924_se_12_060_20190705,POINT (-109.015011 35.67309),test
NA5120_E1408N0616__m_3510908_se_12_060_20190705,POINT (-109.052612 35.900724),val
NA5120_E1408N0616__m_3510908_se_12_060_20220525,POINT (-109.052612 35.900724),val
NA5120_E1408N0648__m_3710946_ne_12_060_20210822,POINT (-109.301468 37.356758),train
NA5120_E1408N0658__m_3710913_ne_12_060_20210822,POINT (-109.38226 37.811465),val
NA5120_E1408N0660__m_3710905_se_12_060_20210822,POINT (-109.398598 37.902389),train
NA5120_E1408N0675__m_3810928_ne_12_060_20210921,POINT (-109.523077 38.584124),test
NA5120_E1408N0683__m_3810904_nw_12_060_20210921,POINT (-109.590902 38.947574),train
NA5120_E1408N0736__m_4111048_nw_12_060_20220625,POINT (-110.067176 41.352801),train
NA5120_E1408N0832__m_4511124_nw_12_060_20190720,POINT (-111.067439 45.696324),train
NA5120_E1408N0894__m_4811134_nw_12_060_20190729,POINT (-111.828546 48.490878),test
NA5120_E1408N0894__m_4811134_nw_12_060_20210703,POINT (-111.828546 48.490878),test
NA5120_E1409N0689__m_3910952_nw_12_060_20210922,POINT (-109.584316 39.227303),train
NA5120_E1409N0800__m_4411043_se_12_060_20220719,POINT (-110.649144 44.258555),train
NA5120_E1409N0835__m_4511116_ne_12_060_20190720,POINT (-111.037258 45.840064),test
NA5120_E1409N0893__m_4811134_ne_12_060_20190729,POINT (-111.747534 48.454723),train
NA5120_E1409N0893__m_4811134_ne_12_060_20210703,POINT (-111.747534 48.454723),train
NA5120_E1410N0598__m_3510858_nw_12_060_20200520,POINT (-108.80918 35.09435),test
NA5120_E1410N0691__m_3910944_ne_12_060_20210922,POINT (-109.543329 39.32533),val
NA5120_E1410N0702__m_3910911_ne_12_060_20210922,POINT (-109.638831 39.824915),train
NA5120_E1410N0772__m_4311062_se_12_060_20220711,POINT (-110.29645 42.999299),train
NA5120_E1410N0799__m_4411052_nw_12_060_20190720,POINT (-110.575518 44.221303),train
NA5120_E1410N0799__m_4411052_nw_12_060_20220719,POINT (-110.575518 44.221303),train
NA5120_E1410N0800__m_4411044_sw_12_060_20220719,POINT (-110.586151 44.266535),train
NA5120_E1410N0897__m_4811119_sw_12_060_20210703,POINT (-111.731763 48.643579),test
NA5120_E1411N0660__m_3710907_sw_12_060_20210822,POINT (-109.227529 37.92335),train
NA5120_E1411N0672__m_3810938_nw_12_060_20210921,POINT (-109.32547 38.468993),train
NA5120_E1411N0686__m_3910961_nw_12_060_20210922,POINT (-109.442538 39.105302),train
NA5120_E1411N0694__m_3910936_ne_12_060_20210922,POINT (-109.510828 39.468771),train
NA5120_E1411N0794__m_4411061_sw_12_060_20190818,POINT (-110.459956 44.00301),train
NA5120_E1411N0794__m_4411061_sw_12_060_20220719,POINT (-110.459956 44.00301),train
NA5120_E1411N0823__m_4511042_ne_12_060_20210930,POINT (-110.772711 45.314428),train
NA5120_E1411N0831__m_4511018_sw_12_060_20210930,POINT (-110.862358 45.67589),val
NA5120_E1411N0832__m_4511017_ne_12_060_20210930,POINT (-110.87367 45.721063),train
NA5120_E1411N0891__m_4811136_sw_12_060_20210703,POINT (-111.585874 48.382224),train
NA5120_E1412N0766__m_4211016_sw_12_060_20190827,POINT (-110.113624 42.742874),train
NA5120_E1412N0808__m_4411020_se_12_060_20220719,POINT (-110.545185 44.644293),test
NA5120_E1412N0865__m_4711155_nw_12_060_20190720,POINT (-111.1944 47.218977),val
NA5120_E1412N0892__m_4811136_ne_12_060_20210703,POINT (-111.530839 48.435966),train
NA5120_E1413N0547__m_3210814_se_12_060_20220517,POINT (-108.296078 32.788035),train
NA5120_E1413N0549__m_3210806_se_12_060_20220517,POINT (-108.309172 32.879309),train
NA5120_E1413N0822__m_4511043_se_12_060_20210930,POINT (-110.633356 45.285367),val
NA5120_E1413N0846__m_4611033_se_12_060_20190803,POINT (-110.903834 46.369793),train
NA5120_E1413N0885__m_4811153_se_12_060_20210703,POINT (-111.374153 48.129224),test
NA5120_E1413N0890__m_4811145_nw_12_060_20210703,POINT (-111.437404 48.354529),train
NA5120_E1414N0594__m_3410804_nw_12_060_20200515,POINT (-108.561459 34.938169),train
NA5120_E1414N0757__m_4210941_ne_12_060_20190827,POINT (-109.903704 42.350037),train
NA5120_E1414N0825__m_4511036_sw_12_060_20210930,POINT (-110.602115 45.42902),train
NA5120_E1414N0828__m_4511027_ne_12_060_20210930,POINT (-110.635237 45.564646),train
NA5120_E1414N0831__m_4511019_ne_12_060_20210930,POINT (-110.668568 45.700254),train
NA5120_E1415N0713__m_4010945_nw_12_060_20211004,POINT (-109.440613 40.360453),train
NA5120_E1415N0770__m_4210901_nw_12_060_20190827,POINT (-109.968228 42.946904),train
NA5120_E1415N0773__m_4311064_ne_12_060_20190827,POINT (-109.997678 43.082877),train
NA5120_E1415N0830__m_4511020_sw_12_060_20210930,POINT (-110.592851 45.663089),train
NA5120_E1415N0839__m_4611059_nw_12_060_20210830,POINT (-110.693438 46.069892),train
NA5120_E1415N0843__m_4611043_sw_12_060_20210830,POINT (-110.738763 46.250638),train
NA5120_E1416N0656__m_3710809_se_12_060_20210822,POINT (-108.910764 37.775568),train
NA5120_E1416N0658__m_3710809_ne_12_060_20210822,POINT (-108.926443 37.866596),test
NA5120_E1416N0669__m_3810940_se_12_060_20210905,POINT (-109.013724 38.36715),train
NA5120_E1416N0674__m_3810932_ne_12_060_20190827,POINT (-109.053991 38.594617),train
NA5120_E1416N0706__m_4010962_sw_12_060_20211004,POINT (-109.320856 40.049526),train
NA5120_E1416N0708__m_4010954_sw_12_060_20211004,POINT (-109.338078 40.140406),train
NA5120_E1416N0768__m_4210909_ne_12_060_20190827,POINT (-109.887107 42.863758),test
NA5120_E1416N0830__m_4511020_se_12_060_20210930,POINT (-110.528248 45.671085),train
NA5120_E1417N0655__m_3710818_nw_12_060_20210822,POINT (-108.846029 37.736775),test
NA5120_E1417N0710__m_4010954_ne_12_060_20210904,POINT (-109.29629 40.23835),train
NA5120_E1417N0782__m_4310925_sw_12_060_20190827,POINT (-109.962614 43.505889),train
NA5120_E1417N0836__m_4511004_ne_12_060_20210930,POINT (-110.529849 45.950364),test
NA5120_E1417N0901__m_4811106_se_12_060_20210701,POINT (-111.304957 48.884586),train
NA5120_E1417N0901__m_4811106_sw_12_060_20210703,POINT (-111.304957 48.884586),train
NA5120_E1418N0647__m_3710835_sw_12_060_20190902,POINT (-108.727667 37.37919),train
NA5120_E1418N0647__m_3710835_sw_12_060_20210822,POINT (-108.727667 37.37919),train
NA5120_E1418N0778__m_4310942_nw_12_060_20190827,POINT (-109.860964 43.332106),val
NA5120_E1418N0840__m_4611052_se_12_060_20210830,POINT (-110.509304 46.139204),test
NA5120_E1418N0897__m_4811123_nw_12_060_20190727,POINT (-111.185642 48.712813),val
NA5120_E1418N0897__m_4811123_nw_12_060_20210701,POINT (-111.185642 48.712813),val
NA5120_E1418N0903__m_4811106_ne_12_060_20210701,POINT (-111.261908 48.983278),train
NA5120_E1419N0676__m_3810817_ne_12_060_20190827,POINT (-108.897017 38.706049),train
NA5120_E1419N0784__m_4310926_nw_12_060_20190827,POINT (-109.857776 43.611601),train
NA5120_E1419N0787__m_4310909_se_12_060_20190827,POINT (-109.8875 43.747586),train
NA5120_E1420N0646__m_3710844_nw_12_060_20190902,POINT (-108.60683 37.346824),train
NA5120_E1420N0646__m_3710844_nw_12_060_20210822,POINT (-108.60683 37.346824),train
NA5120_E1420N0691__m_3910833_sw_12_060_20210905,POINT (-108.960451 39.395312),train
NA5120_E1420N0698__m_3910924_ne_12_060_20210905,POINT (-109.01819 39.713705),train
NA5120_E1420N0719__m_4010923_sw_12_060_20210904,POINT (-109.196106 40.668443),train
NA5120_E1420N0772__m_4310959_ne_12_060_20190827,POINT (-109.678835 43.07489),val
NA5120_E1420N0772__m_4310959_ne_12_060_20220710,POINT (-109.678835 43.07489),val
NA5120_E1421N0595__m_3510863_sw_12_060_20200520,POINT (-108.184962 35.028193),train
NA5120_E1421N0631__m_3610821_sw_12_060_20200515,POINT (-108.439259 36.669833),train
NA5120_E1421N0631__m_3610821_sw_12_060_20220525,POINT (-108.439259 36.669833),train
NA5120_E1421N0646__m_3710844_ne_12_060_20210822,POINT (-108.550204 37.353362),train
NA5120_E1421N0648__m_3710836_nw_12_060_20190902,POINT (-108.565228 37.444477),train
NA5120_E1421N0648__m_3710836_nw_12_060_20210822,POINT (-108.565228 37.444477),train
NA5120_E1421N0650__m_3710828_sw_12_060_20190902,POINT (-108.580307 37.535587),train
NA5120_E1421N0650__m_3710828_sw_12_060_20210822,POINT (-108.580307 37.535587),train
NA5120_E1421N0810__m_4410909_nw_12_060_20190720,POINT (-109.994207 44.804908),train
NA5120_E1421N0822__m_4511047_ne_12_060_20210915,POINT (-110.119595 45.348347),train
NA5120_E1421N0822__m_4511048_nw_12_060_20210930,POINT (-110.119595 45.348347),train
NA5120_E1421N0849__m_4611029_ne_12_060_20210830,POINT (-110.41357 46.57004),train
NA5120_E1422N0634__m_3610813_ne_12_060_20200515,POINT (-108.405008 36.812998),test
NA5120_E1422N0667__m_3810843_ne_12_060_20190828,POINT (-108.653325 38.316429),train
NA5120_E1422N0686__m_3910850_ne_12_060_20210905,POINT (-108.803348 39.181367),train
NA5120_E1422N0827__m_4511032_nw_12_060_20190821,POINT (-110.108216 45.582436),train
NA5120_E1422N0849__m_4611030_nw_12_060_20210830,POINT (-110.347849 46.577959),train
NA5120_E1422N0895__m_4811017_se_12_060_20190729,POINT (-110.8873 48.656183),train
NA5120_E1423N0632__m_3610822_nw_12_060_20200515,POINT (-108.334299 36.728228),train
NA5120_E1423N0632__m_3610822_nw_12_060_20220525,POINT (-108.334299 36.728228),train
NA5120_E1423N0685__m_3910851_sw_12_060_20210905,POINT (-108.737176 39.142561),val
NA5120_E1423N0687__m_3910850_ne_12_060_20190828,POINT (-108.753171 39.233592),train
NA5120_E1423N0713__m_4010833_sw_12_060_20190827,POINT (-108.966738 40.416476),test
NA5120_E1423N0713__m_4010833_sw_12_060_20210811,POINT (-108.966738 40.416476),test
NA5120_E1423N0733__m_4110947_ne_12_060_20220711,POINT (-109.138431 41.325698),train
NA5120_E1423N0738__m_4110931_se_12_060_20220711,POINT (-109.182408 41.552907),train
NA5120_E1423N0738__m_4110931_sw_12_060_20190728,POINT (-109.182408 41.552907),train
NA5120_E1423N0785__m_4310919_ne_12_060_20190827,POINT (-109.617793 43.686664),test
NA5120_E1423N0785__m_4310919_ne_12_060_20220710,POINT (-109.617793 43.686664),test
NA5120_E1423N0870__m_4711028_se_12_060_20190729,POINT (-110.520489 47.535351),train
NA5120_E1424N0629__m_3610830_ne_12_060_20220525,POINT (-108.256609 36.5978),train
NA5120_E1424N0639__m_3710862_sw_12_060_20210824,POINT (-108.328879 37.053714),train
NA5120_E1424N0684__m_3910859_ne_12_060_20210905,POINT (-108.671086 39.103707),train
NA5120_E1424N0691__m_3910835_sw_12_060_20190828,POINT (-108.726951 39.422345),train
NA5120_E1424N0691__m_3910835_sw_12_060_20210905,POINT (-108.726951 39.422345),train
NA5120_E1424N0704__m_4010858_sw_12_060_20190827,POINT (-108.832689 40.013917),train
NA5120_E1424N0760__m_4210930_nw_12_060_20190827,POINT (-109.319788 42.559307),train
NA5120_E1424N0760__m_4210930_nw_12_060_20220711,POINT (-109.319788 42.559307),train
NA5120_E1424N0780__m_4310936_ne_12_060_20190827,POINT (-109.507231 43.467151),test
NA5120_E1424N0780__m_4310936_ne_12_060_20220710,POINT (-109.507231 43.467151),test
NA5120_E1424N0824__m_4510933_nw_12_060_20210921,POINT (-109.947531 45.46192),train
NA5120_E1424N0863__m_4711053_ne_12_060_20210617,POINT (-110.373291 47.226908),train
NA5120_E1424N0882__m_4811060_nw_12_060_20190729,POINT (-110.594087 48.085625),test
NA5120_E1425N0683__m_3910860_nw_12_060_20210905,POINT (-108.605079 39.064805),train
NA5120_E1425N0700__m_3910810_ne_12_060_20190827,POINT (-108.741106 39.838649),val
NA5120_E1425N0766__m_4210914_nw_12_060_20190827,POINT (-109.313601 42.838898),train
NA5120_E1425N0846__m_4611039_ne_12_060_20210616,POINT (-110.117712 46.465708),train
NA5120_E1425N0846__m_4611040_nw_12_060_20190903,POINT (-110.117712 46.465708),train
NA5120_E1425N0900__m_4811002_se_12_060_20210701,POINT (-110.743315 48.906648),train
NA5120_E1426N0563__m_3310727_nw_13_060_20220614,POINT (-107.703216 33.597618),train
NA5120_E1426N0595__m_3510757_ne_13_060_20200517,POINT (-107.910703 35.058987),test
NA5120_E1426N0595__m_3510757_ne_13_060_20220525,POINT (-107.910703 35.058987),test
NA5120_E1426N0625__m_3610839_ne_12_060_20220524,POINT (-108.116245 36.427942),train
NA5120_E1426N0625__m_3610840_sw_12_060_20220525,POINT (-108.116245 36.427942),train
NA5120_E1426N0683__m_3910860_ne_12_060_20190828,POINT (-108.546981 39.071394),train
NA5120_E1426N0692__m_3910835_ne_12_060_20210905,POINT (-108.61809 39.481182),train
NA5120_E1426N0706__m_4010851_sw_12_060_20190827,POINT (-108.731146 40.118403),train
NA5120_E1426N0707__m_4010850_se_12_060_20190827,POINT (-108.739338 40.163908),train
NA5120_E1426N0707__m_4010850_se_12_060_20210811,POINT (-108.739338 40.163908),train
NA5120_E1426N0708__m_4010850_ne_12_060_20190827,POINT (-108.747545 40.209412),train
NA5120_E1426N0708__m_4010850_ne_12_060_20210811,POINT (-108.747545 40.209412),train
NA5120_E1426N0730__m_4110849_ne_12_060_20190728,POINT (-108.932168 41.210117),train
NA5120_E1426N0730__m_4110849_ne_12_060_20220711,POINT (-108.932168 41.210117),train
NA5120_E1426N0776__m_4310946_sw_12_060_20190827,POINT (-109.344927 43.300074),train
NA5120_E1426N0802__m_4410936_nw_12_060_20220710,POINT (-109.595672 44.479796),train
NA5120_E1426N0832__m_4510909_ne_12_060_20190821,POINT (-109.902239 45.839501),train
NA5120_E1426N0838__m_4610957_nw_12_060_20210616,POINT (-109.965908 46.111238),train
NA5120_E1426N0861__m_4711055_sw_12_060_20210616,POINT (-110.217684 47.152233),train
NA5120_E1426N0895__m_4811020_nw_12_060_20190729,POINT (-110.613787 48.689062),train
NA5120_E1427N0559__m_3310735_se_13_060_20220614,POINT (-107.624397 33.420749),train
NA5120_E1427N0664__m_3810854_nw_12_060_20210905,POINT (-108.343384 38.212364),train
NA5120_E1427N0683__m_3910861_nw_12_060_20190828,POINT (-108.488871 39.07795),train
NA5120_E1427N0683__m_3910861_nw_12_060_20210905,POINT (-108.488871 39.07795),train
NA5120_E1427N0685__m_3910852_se_12_060_20210905,POINT (-108.504489 39.169035),train
NA5120_E1427N0708__m_4010851_nw_12_060_20210811,POINT (-108.688422 40.216121),val
NA5120_E1427N0709__m_4010843_sw_12_060_20210811,POINT (-108.696603 40.261629),train
NA5120_E1427N0716__m_4010826_ne_12_060_20190827,POINT (-108.754317 40.580148),train
NA5120_E1427N0716__m_4010826_ne_12_060_20210811,POINT (-108.754317 40.580148),train
NA5120_E1427N0861__m_4711055_se_12_060_20210616,POINT (-110.151207 47.160052),train
NA5120_E1428N0597__m_3510750_sw_13_060_20220525,POINT (-107.814159 35.1624),train
NA5120_E1428N0630__m_3610824_se_12_060_20200515,POINT (-108.039375 36.668465),train
NA5120_E1428N0630__m_3610824_se_12_060_20220525,POINT (-108.039375 36.668465),train
NA5120_E1428N0683__m_3910861_ne_12_060_20190828,POINT (-108.430749 39.084471),train
NA5120_E1428N0683__m_3910861_ne_12_060_20210905,POINT (-108.430749 39.084471),train
NA5120_E1428N0746__m_4110801_nw_12_060_20220711,POINT (-108.949967 41.951317),train
NA5120_E1428N0867__m_4711039_ne_12_060_20210616,POINT (-110.151804 47.439319),train
NA5120_E1428N0869__m_4711031_se_12_060_20190728,POINT (-110.174365 47.529798),train
NA5120_E1428N0869__m_4711031_se_12_060_20210616,POINT (-110.174365 47.529798),train
NA5120_E1429N0597__m_3510750_se_13_060_20200517,POINT (-107.759193 35.16841),train
NA5120_E1429N0597__m_3510750_se_13_060_20220525,POINT (-107.759193 35.16841),train
NA5120_E1429N0633__m_3610816_ne_12_060_20220525,POINT (-108.004289 36.811517),train
NA5120_E1429N0683__m_3910861_ne_12_060_20210905,POINT (-108.372615 39.090958),val
NA5120_E1429N0741__m_4110818_nw_12_060_20220711,POINT (-108.845839 41.730855),train
NA5120_E1429N0819__m_4510944_sw_12_060_20210830,POINT (-109.574264 45.27283),train
NA5120_E1429N0842__m_4610942_nw_12_060_20210616,POINT (-109.812429 46.315228),train
NA5120_E1429N0845__m_4610934_nw_12_060_20190903,POINT (-109.844361 46.451118),train
NA5120_E1429N0846__m_4610926_sw_12_060_20190903,POINT (-109.855051 46.496412),train
NA5120_E1430N0597__m_3510751_sw_13_060_20220525,POINT (-107.704218 35.174389),train
NA5120_E1430N0758__m_4210825_se_12_060_20190813,POINT (-108.933639 42.510601),train
NA5120_E1430N0758__m_4210825_se_12_060_20220717,POINT (-108.933639 42.510601),train
NA5120_E1430N0877__m_4711007_se_12_060_20210616,POINT (-110.130737 47.907338),train
NA5120_E1431N0594__m_3510759_se_13_060_20220601,POINT (-107.629719 35.043312),train
NA5120_E1431N0604__m_3510727_sw_13_060_20220525,POINT (-107.695175 35.50002),train
NA5120_E1431N0770__m_4310857_nw_12_060_20190813,POINT (-108.979533 43.0629),train
NA5120_E1431N0828__m_4510920_ne_12_060_20210830,POINT (-109.536553 45.695673),train
NA5120_E1431N0837__m_4610959_ne_12_060_20210615,POINT (-109.629184 46.103675),train
NA5120_E1431N0856__m_4610902_nw_12_060_20210616,POINT (-109.830686 46.964509),train
NA5120_E1432N0594__m_3510760_sw_13_060_20200520,POINT (-107.574827 35.049212),train
NA5120_E1432N0594__m_3510760_sw_13_060_20220525,POINT (-107.574827 35.049212),train
NA5120_E1432N0642__m_3710749_ne_13_060_20190913,POINT (-107.89835 37.240606),train
NA5120_E1432N0642__m_3710749_ne_13_060_20210824,POINT (-107.89835 37.240606),train
NA5120_E1432N0684__m_3910855_sw_12_060_20190828,POINT (-108.205749 39.155787),train
NA5120_E1432N0684__m_3910855_sw_12_060_20210905,POINT (-108.205749 39.155787),train
NA5120_E1432N0688__m_3910847_nw_12_060_20210905,POINT (-108.236305 39.338066),train
NA5120_E1432N0759__m_4210826_nw_12_060_20190813,POINT (-108.819713 42.569812),train
NA5120_E1432N0765__m_4210809_ne_12_060_20190813,POINT (-108.872844 42.842576),train
NA5120_E1432N0765__m_4210809_ne_12_060_20220808,POINT (-108.872844 42.842576),train
NA5120_E1432N0824__m_4510929_sw_12_060_20190821,POINT (-109.431364 45.521617),train
NA5120_E1432N0832__m_4510904_se_12_060_20210830,POINT (-109.512503 45.884413),train
NA5120_E1432N0852__m_4610911_sw_12_060_20210616,POINT (-109.7215 46.790884),test
NA5120_E1433N0721__m_4010813_nw_12_060_20210811,POINT (-108.437736 40.847623),train
NA5120_E1433N0742__m_4110812_sw_12_060_20190813,POINT (-108.611914 41.803394),test
NA5120_E1433N0816__m_4510954_se_12_060_20210611,POINT (-109.287395 45.165932),test
NA5120_E1433N0870__m_4710926_nw_12_060_20210616,POINT (-109.850366 47.6137),train
NA5120_E1433N0880__m_4810957_nw_12_060_20190726,POINT (-109.962046 48.066372),test
NA5120_E1433N0880__m_4810957_nw_12_060_20210616,POINT (-109.962046 48.066372),test
NA5120_E1434N0723__m_4010805_ne_12_060_20210811,POINT (-108.394174 40.945233),train
NA5120_E1434N0725__m_4110861_se_12_060_20210811,POINT (-108.410434 41.036293),train
NA5120_E1434N0740__m_4110820_ne_12_060_20190813,POINT (-108.53443 41.71906),val
NA5120_E1434N0764__m_4210810_ne_12_060_20190813,POINT (-108.740616 42.810799),train
NA5120_E1434N0769__m_4310858_se_12_060_20190813,POINT (-108.784829 43.038134),test
NA5120_E1434N0771__m_4310850_se_12_060_20220710,POINT (-108.802638 43.129058),train
NA5120_E1434N0771__m_4310850_sw_12_060_20220712,POINT (-108.802638 43.129058),train
NA5120_E1434N0777__m_4310834_sw_12_060_20220712,POINT (-108.856501 43.40179),train
NA5120_E1434N0816__m_4510955_sw_12_060_20210611,POINT (-109.223191 45.17312),train
NA5120_E1434N0817__m_4510955_nw_12_060_20210611,POINT (-109.232988 45.218505),test
NA5120_E1434N0875__m_4710910_nw_12_060_20190726,POINT (-109.838488 47.847714),train
NA5120_E1434N0875__m_4710910_nw_12_060_20210616,POINT (-109.838488 47.847714),train
NA5120_E1435N0633__m_3610711_ne_13_060_20220525,POINT (-107.666674 36.848039),train
NA5120_E1435N0634__m_3610703_se_13_060_20220525,POINT (-107.673494 36.893691),train
NA5120_E1435N0690__m_3910840_nw_12_060_20190828,POINT (-108.076256 39.448269),train
NA5120_E1435N0690__m_3910840_nw_12_060_20210905,POINT (-108.076256 39.448269),train
NA5120_E1435N0694__m_3910824_sw_12_060_20210905,POINT (-108.106675 39.630587),val
NA5120_E1435N0696__m_3910823_ne_12_060_20190828,POINT (-108.121971 39.721738),train
NA5120_E1435N0763__m_4210811_se_12_060_20190813,POINT (-108.670188 42.772105),test
NA5120_E1435N0763__m_4210811_se_12_060_20220717,POINT (-108.670188 42.772105),test
NA5120_E1435N0768__m_4310859_sw_12_060_20190813,POINT (-108.714079 42.999482),train
NA5120_E1435N0769__m_4310859_sw_12_060_20190813,POINT (-108.72291 43.044952),val
NA5120_E1435N0783__m_4310818_nw_12_060_20190813,POINT (-108.848441 43.681378),test
NA5120_E1435N0822__m_4510939_nw_12_060_20210611,POINT (-109.217754 45.452598),train
NA5120_E1435N0879__m_4810958_sw_12_060_20210616,POINT (-109.815463 48.036445),train
NA5120_E1436N0672__m_3810717_se_13_060_20190913,POINT (-107.884404 38.633765),train
NA5120_E1436N0672__m_3810717_se_13_060_20210906,POINT (-107.884404 38.633765),train
NA5120_E1436N0690__m_3910840_ne_12_060_20210905,POINT (-108.017762 39.454557),train
NA5120_E1436N0696__m_3910824_nw_12_060_20210905,POINT (-108.063233 39.728061),train
NA5120_E1436N0720__m_4010814_ne_12_060_20210811,POINT (-108.250432 40.821602),train
NA5120_E1436N0771__m_4310851_se_12_060_20220710,POINT (-108.678599 43.142683),train
NA5120_E1436N0853__m_4610913_nw_12_060_20210615,POINT (-109.467471 46.865997),val
NA5120_E1437N0603__m_3510738_nw_13_060_20220525,POINT (-107.35724 35.489549),train
NA5120_E1437N0641__m_3710752_nw_13_060_20190909,POINT (-107.608379 37.225219),train
NA5120_E1437N0693__m_3910725_nw_13_060_20210828,POINT (-107.981805 39.597586),train
NA5120_E1437N0695__m_3910824_ne_12_060_20190828,POINT (-107.99691 39.688763),train
NA5120_E1437N0695__m_3910824_ne_12_060_20210905,POINT (-107.99691 39.688763),train
NA5120_E1437N0700__m_3910808_se_12_060_20190827,POINT (-108.034924 39.916683),train
NA5120_E1437N0700__m_3910808_se_12_060_20210905,POINT (-108.034924 39.916683),train
NA5120_E1437N0756__m_4210837_nw_12_060_20220626,POINT (-108.486797 42.467067),train
NA5120_E1437N0763__m_4210812_se_12_060_20190812,POINT (-108.546867 42.78555),train
NA5120_E1437N0763__m_4210812_se_12_060_20220626,POINT (-108.546867 42.78555),train
NA5120_E1437N0789__m_4310802_ne_12_060_20220712,POINT (-108.777552 43.967835),train
NA5120_E1437N0812__m_4510857_sw_12_060_20190821,POINT (-108.992108 45.012807),train
NA5120_E1437N0840__m_4610946_se_12_060_20190815,POINT (-109.267629 46.283744),train
NA5120_E1437N0857__m_4710961_nw_12_060_20210616,POINT (-109.443118 47.054704),test
NA5120_E1437N0870__m_4710920_sw_12_060_20210616,POINT (-109.581754 47.643898),train
NA5120_E1437N0875__m_4710903_se_12_060_20190726,POINT (-109.636136 47.870424),train
NA5120_E1437N0875__m_4710903_se_12_060_20210616,POINT (-109.636136 47.870424),train
NA5120_E1437N0892__m_4810918_sw_12_060_20190726,POINT (-109.825615 48.640244),train
NA5120_E1437N0892__m_4810918_sw_12_060_20210703,POINT (-109.825615 48.640244),train
NA5120_E1438N0665__m_3810743_nw_13_060_20190913,POINT (-107.718704 38.326648),train
NA5120_E1438N0767__m_4210804_ne_12_060_20190812,POINT (-108.519704 42.974201),train
NA5120_E1438N0767__m_4210804_ne_12_060_20220626,POINT (-108.519704 42.974201),train
NA5120_E1438N0788__m_4310803_nw_12_060_20220712,POINT (-108.705583 43.929217),train
NA5120_E1438N0790__m_4410859_sw_12_060_20220712,POINT (-108.723703 44.020135),train
NA5120_E1438N0819__m_4510841_nw_12_060_20190821,POINT (-108.995046 45.337723),train
NA5120_E1438N0819__m_4510841_nw_12_060_20210611,POINT (-108.995046 45.337723),train
NA5120_E1438N0869__m_4710928_ne_12_060_20210616,POINT (-109.503804 47.606026),train
NA5120_E1439N0679__m_3810702_ne_13_060_20210906,POINT (-107.7615 38.971479),train
NA5120_E1439N0685__m_3910742_se_13_060_20210906,POINT (-107.805316 39.245171),train
NA5120_E1439N0685__m_3910742_sw_13_060_20210812,POINT (-107.805316 39.245171),train
NA5120_E1439N0702__m_4010757_se_13_060_20210813,POINT (-107.932203 40.020385),train
NA5120_E1439N0765__m_4210805_sw_12_060_20190812,POINT (-108.440622 42.889856),train
NA5120_E1439N0788__m_4310803_ne_12_060_20220712,POINT (-108.642698 43.936014),train
NA5120_E1439N0823__m_4510825_sw_12_060_20190821,POINT (-108.969128 45.526395),train
NA5120_E1439N0888__m_4810935_ne_12_060_20190726,POINT (-109.643855 48.474312),train
NA5120_E1440N0691__m_3910726_se_13_060_20190913,POINT (-107.791052 39.524974),train
NA5120_E1440N0691__m_3910726_se_13_060_20210906,POINT (-107.791052 39.524974),train
NA5120_E1440N0696__m_3910710_sw_13_060_20210812,POINT (-107.828165 39.753006),train
NA5120_E1440N0702__m_4010757_se_13_060_20210813,POINT (-107.873171 40.026604),train
NA5120_E1440N0707__m_4010741_se_13_060_20210813,POINT (-107.911074 40.254566),val
NA5120_E1440N0758__m_4210830_nw_12_060_20190812,POINT (-108.319481 42.577863),train
NA5120_E1440N0760__m_4210822_sw_12_060_20190812,POINT (-108.33635 42.668899),val
NA5120_E1440N0760__m_4210822_sw_12_060_20220626,POINT (-108.33635 42.668899),val
NA5120_E1440N0874__m_4710913_ne_12_060_20190722,POINT (-109.422856 47.847439),train
NA5120_E1440N0874__m_4710913_ne_12_060_20210616,POINT (-109.422856 47.847439),train
NA5120_E1440N0881__m_4810952_se_12_060_20190726,POINT (-109.498614 48.164679),train
NA5120_E1440N0885__m_4810944_ne_12_060_20190726,POINT (-109.542436 48.345917),val
NA5120_E1441N0593__m_3510764_nw_13_060_20200517,POINT (-107.074268 35.055156),train
NA5120_E1441N0691__m_3910727_sw_13_060_20210906,POINT (-107.73246 39.531095),test
NA5120_E1441N0706__m_4010750_nw_13_060_20210813,POINT (-107.844254 40.215183),train
NA5120_E1441N0765__m_4210806_sw_12_060_20190812,POINT (-108.317003 42.903032),train
NA5120_E1441N0819__m_4510842_ne_12_060_20210611,POINT (-108.801673 45.358654),val
NA5120_E1441N0880__m_4810953_se_12_060_20190722,POINT (-109.419878 48.126769),train
NA5120_E1442N0522__m_3110612_nw_13_060_20200904,POINT (-106.612109 31.811307),train
NA5120_E1442N0524__m_3110603_se_13_060_20200904,POINT (-106.622906 31.902905),train
NA5120_E1442N0676__m_3810712_nw_13_060_20190913,POINT (-107.565809 38.852728),val
NA5120_E1442N0676__m_3810712_nw_13_060_20210906,POINT (-107.565809 38.852728),val
NA5120_E1442N0691__m_3910727_se_13_060_20190913,POINT (-107.673858 39.537181),test
NA5120_E1442N0691__m_3910727_se_13_060_20210906,POINT (-107.673858 39.537181),test
NA5120_E1442N0695__m_3910719_nw_13_060_20210906,POINT (-107.703194 39.719655),train
NA5120_E1442N0708__m_4010742_ne_13_060_20210813,POINT (-107.800099 40.312557),train
NA5120_E1442N0716__m_4010718_sw_13_060_20210813,POINT (-107.860948 40.677312),train
NA5120_E1442N0880__m_4810954_sw_12_060_20190722,POINT (-109.352017 48.134133),train
NA5120_E1443N0525__m_3110604_nw_13_060_20200904,POINT (-106.575563 31.953941),test
NA5120_E1443N0678__m_3810704_ne_13_060_20210906,POINT (-107.521949 38.949984),train
NA5120_E1443N0761__m_4210823_ne_12_060_20190812,POINT (-108.159878 42.733935),val
NA5120_E1443N0891__m_4810921_se_12_060_20210703,POINT (-109.403363 48.640075),train
NA5120_E1444N0670__m_3810729_ne_13_060_20190913,POINT (-107.407879 38.590709),train
NA5120_E1444N0670__m_3810729_ne_13_060_20210906,POINT (-107.407879 38.590709),train
NA5120_E1444N0677__m_3810705_sw_13_060_20190913,POINT (-107.456806 38.910281),train
NA5120_E1444N0677__m_3810705_sw_13_060_20210906,POINT (-107.456806 38.910281),train
NA5120_E1444N0691__m_3910728_se_13_060_20190913,POINT (-107.55662 39.54925),train
NA5120_E1444N0691__m_3910728_sw_13_060_20210906,POINT (-107.55662 39.54925),train
NA5120_E1444N0762__m_4210816_sw_12_060_20190812,POINT (-108.106498 42.785908),train
NA5120_E1444N0767__m_4310863_se_12_060_20190812,POINT (-108.148204 43.013585),train
NA5120_E1444N0856__m_4710857_nw_12_060_20210615,POINT (-108.967353 47.059868),test
NA5120_E1444N0861__m_4710948_se_12_060_20210615,POINT (-109.018128 47.286801),train
NA5120_E1445N0616__m_3610649_sw_13_060_20220525,POINT (-106.995279 36.129159),train
NA5120_E1445N0616__m_3610756_se_13_060_20200515,POINT (-106.995279 36.129159),train
NA5120_E1445N0616__m_3610756_se_13_060_20220601,POINT (-106.995279 36.129159),train
NA5120_E1445N0624__m_3610732_se_13_060_20200609,POINT (-107.045652 36.494903),test
NA5120_E1445N0627__m_3610724_sw_13_060_20200609,POINT (-107.064732 36.63204),train
NA5120_E1445N0627__m_3610724_sw_13_060_20220601,POINT (-107.064732 36.63204),train
NA5120_E1445N0781__m_4310823_sw_12_060_20190812,POINT (-108.204616 43.657414),train
NA5120_E1445N0795__m_4410846_sw_12_060_20190722,POINT (-108.32642 44.294523),train
NA5120_E1445N0875__m_4710908_sw_12_060_20210615,POINT (-109.095667 47.929174),train
NA5120_E1445N0890__m_4810930_ne_12_060_20210703,POINT (-109.255391 48.609436),val
NA5120_E1445N0891__m_4810922_se_12_060_20210703,POINT (-109.266231 48.654772),train
NA5120_E1446N0710__m_4010736_sw_13_060_20190922,POINT (-107.577551 40.428183),train
NA5120_E1446N0710__m_4010736_sw_13_060_20210906,POINT (-107.577551 40.428183),train
NA5120_E1446N0711__m_4010736_nw_13_060_20190922,POINT (-107.584966 40.473802),val
NA5120_E1446N0799__m_4410838_ne_12_060_20190722,POINT (-108.298338 44.483106),test
NA5120_E1446N0807__m_4410813_ne_12_060_20190722,POINT (-108.369723 44.847041),train
NA5120_E1446N0895__m_4810914_ne_12_060_20190725,POINT (-109.240997 48.843415),val
NA5120_E1446N0895__m_4810914_ne_12_060_20210703,POINT (-109.240997 48.843415),val
NA5120_E1447N0596__m_3510650_ne_13_060_20220526,POINT (-106.762312 35.225404),train
NA5120_E1447N0599__m_3510642_ne_13_060_20220526,POINT (-106.780244 35.362656),train
NA5120_E1447N0633__m_3610601_sw_13_060_20200609,POINT (-106.990398 36.917538),val
NA5120_E1447N0633__m_3610708_se_13_060_20220601,POINT (-106.990398 36.917538),val
NA5120_E1447N0635__m_3710764_se_13_060_20200609,POINT (-107.003169 37.008964),train
NA5120_E1447N0674__m_3810714_se_13_060_20210907,POINT (-107.261869 38.790895),train
NA5120_E1447N0708__m_4010744_ne_13_060_20190922,POINT (-107.503401 40.342948),train
NA5120_E1447N0708__m_4010744_ne_13_060_20210906,POINT (-107.503401 40.342948),train
NA5120_E1447N0710__m_4010736_ne_13_060_20190922,POINT (-107.518104 40.434202),train
NA5120_E1447N0710__m_4010736_ne_13_060_20210906,POINT (-107.518104 40.434202),train
NA5120_E1447N0712__m_4010728_se_13_060_20190922,POINT (-107.532863 40.525451),train
NA5120_E1447N0712__m_4010728_se_13_060_20210906,POINT (-107.532863 40.525451),train
NA5120_E1447N0862__m_4710842_nw_12_060_20210615,POINT (-108.827661 47.353354),train
NA5120_E1447N0879__m_4810956_se_12_060_20210904,POINT (-109.00196 48.124956),train
NA5120_E1448N0516__m_3110630_ne_13_060_20200904,POINT (-106.264939 31.567244),train
NA5120_E1448N0690__m_3910730_sw_13_060_20210906,POINT (-107.314959 39.527318),train
NA5120_E1448N0694__m_3910722_nw_13_060_20190922,POINT (-107.343258 39.70993),train
NA5120_E1448N0716__m_4010720_ne_13_060_20210827,POINT (-107.502841 40.713952),train
NA5120_E1448N0810__m_4510862_se_12_060_20190831,POINT (-108.268575 44.996737),train
NA5120_E1448N0828__m_4510813_ne_12_060_20190831,POINT (-108.43279 45.815395),train
NA5120_E1449N0516__m_3110631_nw_13_060_20200904,POINT (-106.212415 31.572265),train
NA5120_E1449N0595__m_3510651_ne_13_060_20220526,POINT (-106.646221 35.190411),train
NA5120_E1449N0598__m_3510643_ne_13_060_20220526,POINT (-106.663914 35.327694),train
NA5120_E1449N0605__m_3510619_sw_13_060_20220526,POINT (-106.705569 35.647986),val
NA5120_E1449N0687__m_3910739_sw_13_060_20190914,POINT (-107.23536 39.396169),train
NA5120_E1449N0687__m_3910739_sw_13_060_20210906,POINT (-107.23536 39.396169),train
NA5120_E1449N0828__m_4510813_ne_12_060_20190831,POINT (-108.367713 45.822083),train
NA5120_E1449N0838__m_4610845_sw_12_060_20190802,POINT (-108.46115 46.276744),test
NA5120_E1449N0862__m_4710835_sw_12_060_20210615,POINT (-108.693779 47.367265),train
NA5120_E1450N0687__m_3910739_se_13_060_20190914,POINT (-107.176834 39.401957),val
NA5120_E1450N0689__m_3910731_sw_13_060_20190914,POINT (-107.190713 39.493294),train
NA5120_E1450N0689__m_3910731_sw_13_060_20210906,POINT (-107.190713 39.493294),train
NA5120_E1450N0783__m_4310709_se_13_060_20190814,POINT (-107.907945 43.780569),train
NA5120_E1450N0838__m_4610845_se_12_060_20190802,POINT (-108.395519 46.283463),train
NA5120_E1450N0869__m_4710819_nw_12_060_20190722,POINT (-108.696583 47.692098),train
NA5120_E1450N0869__m_4710819_nw_12_060_20210615,POINT (-108.696583 47.692098),train
NA5120_E1451N0594__m_3510652_se_13_060_20220601,POINT (-106.530246 35.155271),train
NA5120_E1451N0597__m_3510644_se_13_060_20220601,POINT (-106.547699 35.292584),train
NA5120_E1451N0616__m_3610651_se_13_060_20220526,POINT (-106.660452 36.162031),train
NA5120_E1451N0626__m_3610619_sw_13_060_20200610,POINT (-106.721369 36.61949),train
NA5120_E1451N0626__m_3610619_sw_13_060_20220526,POINT (-106.721369 36.61949),train
NA5120_E1451N0687__m_3910739_se_13_060_20190914,POINT (-107.118297 39.40771),train
NA5120_E1451N0687__m_3910739_se_13_060_20210906,POINT (-107.118297 39.40771),train
NA5120_E1451N0696__m_3910715_ne_13_060_20190922,POINT (-107.180804 39.818738),train
NA5120_E1451N0696__m_3910715_ne_13_060_20210906,POINT (-107.180804 39.818738),train
NA5120_E1451N0708__m_4010746_ne_13_060_20190922,POINT (-107.265839 40.366628),train
NA5120_E1451N0711__m_4010730_se_13_060_20190922,POINT (-107.287406 40.503574),train
NA5120_E1451N0853__m_4610805_nw_12_060_20190802,POINT (-108.472185 46.972046),train
NA5120_E1451N0895__m_4810801_se_12_060_20210701,POINT (-108.8965 48.879373),train
NA5120_E1452N0590__m_3410605_nw_13_060_20220527,POINT (-106.452195 34.977418),test
NA5120_E1452N0594__m_3510653_sw_13_060_20200608,POINT (-106.475184 35.160534),train
NA5120_E1452N0633__m_3610603_nw_13_060_20200610,POINT (-106.708222 36.945096),train
NA5120_E1452N0686__m_3910740_se_13_060_20190914,POINT (-107.052912 39.367748),train
NA5120_E1452N0686__m_3910740_se_13_060_20210906,POINT (-107.052912 39.367748),train
NA5120_E1452N0796__m_4410733_se_13_060_20190814,POINT (-107.89127 44.385317),train
NA5120_E1452N0808__m_4410701_sw_13_060_20190814,POINT (-107.994487 44.931716),train
NA5120_E1452N0844__m_4610830_nw_12_060_20190802,POINT (-108.320252 46.569629),train
NA5120_E1452N0865__m_4710828_se_12_060_20210615,POINT (-108.522248 47.524139),test
NA5120_E1452N0886__m_4810835_nw_12_060_20210701,POINT (-108.733794 48.477913),train
NA5120_E1453N0588__m_3410605_se_13_060_20220611,POINT (-106.385898 34.891059),val
NA5120_E1453N0597__m_3510645_sw_13_060_20200608,POINT (-106.437361 35.303106),train
NA5120_E1453N0597__m_3510645_sw_13_060_20220531,POINT (-106.437361 35.303106),train
NA5120_E1453N0624__m_3610628_sw_13_060_20220526,POINT (-106.596841 36.538779),train
NA5120_E1453N0849__m_4610814_se_12_060_20190802,POINT (-108.301227 46.803636),train
NA5120_E1454N0692__m_3910617_sw_13_060_20190922,POINT (-106.976605 39.653202),train
NA5120_E1454N0707__m_4010748_nw_13_060_20190922,POINT (-107.080516 40.338351),train
NA5120_E1454N0707__m_4010748_nw_13_060_20210813,POINT (-107.080516 40.338351),train
NA5120_E1454N0709__m_4010740_nw_13_060_20190922,POINT (-107.094598 40.429684),train
NA5120_E1454N0709__m_4010740_nw_13_060_20210813,POINT (-107.094598 40.429684),train
NA5120_E1454N0722__m_4110763_sw_13_060_20210813,POINT (-107.187477 41.023238),train
NA5120_E1454N0722__m_4110763_sw_13_060_20220809,POINT (-107.187477 41.023238),train
NA5120_E1454N0826__m_4510816_se_12_060_20190831,POINT (-108.024175 45.763913),train
NA5120_E1454N0839__m_4610847_ne_12_060_20190802,POINT (-108.142014 46.355434),train
NA5120_E1454N0880__m_4810852_ne_12_060_20190722,POINT (-108.536178 48.219254),test
NA5120_E1455N0579__m_3410639_nw_13_060_20220527,POINT (-106.226112 34.489171),train
NA5120_E1455N0594__m_3510654_sw_13_060_20200608,POINT (-106.309952 35.176133),train
NA5120_E1455N0692__m_3910617_se_13_060_20190922,POINT (-106.917822 39.658843),test
NA5120_E1455N0692__m_3910617_se_13_060_20210906,POINT (-106.917822 39.658843),test
NA5120_E1455N0840__m_4610840_sw_12_060_20210613,POINT (-108.085393 46.407458),test
NA5120_E1455N0868__m_4710822_nw_12_060_20190722,POINT (-108.349714 47.680763),val
NA5120_E1455N0868__m_4710822_nw_12_060_20210615,POINT (-108.349714 47.680763),val
NA5120_E1455N0896__m_4810803_ne_12_060_20190722,POINT (-108.630896 48.952784),train
NA5120_E1455N0896__m_4810803_ne_12_060_20210701,POINT (-108.630896 48.952784),train
NA5120_E1456N0682__m_3910650_ne_13_060_20190914,POINT (-106.792207 39.207438),train
NA5120_E1456N0730__m_4110739_se_13_060_20190723,POINT (-107.124995 41.400061),train
NA5120_E1456N0730__m_4110739_se_13_060_20220809,POINT (-107.124995 41.400061),train
NA5120_E1456N0796__m_4410735_se_13_060_20220622,POINT (-107.637248 44.410359),train
NA5120_E1456N0801__m_4410719_se_13_060_20220712,POINT (-107.678934 44.638179),val
NA5120_E1456N0804__m_4410711_sw_13_060_20190819,POINT (-107.704154 44.774854),train
NA5120_E1456N0885__m_4810837_nw_12_060_20190722,POINT (-108.449897 48.460039),train
NA5120_E1457N0591__m_3510663_se_13_060_20200607,POINT (-106.183017 35.04897),train
NA5120_E1457N0591__m_3510663_sw_13_060_20200608,POINT (-106.183017 35.04897),train
NA5120_E1457N0609__m_3510606_se_13_060_20220614,POINT (-106.284824 35.873258),test
NA5120_E1457N0636__m_3710661_nw_13_060_20190909,POINT (-106.443886 37.109112),train
NA5120_E1457N0648__m_3710620_se_13_060_20190909,POINT (-106.517143 37.658151),train
NA5120_E1457N0693__m_3910618_ne_13_060_20190924,POINT (-106.806937 39.715721),train
NA5120_E1458N0590__m_3510663_se_13_060_20220526,POINT (-106.122485 35.008222),train
NA5120_E1458N0596__m_3510647_se_13_060_20220526,POINT (-106.155789 35.28305),train
NA5120_E1458N0615__m_3610654_se_13_060_20200610,POINT (-106.26365 36.153118),train
NA5120_E1458N0628__m_3610614_sw_13_060_20200610,POINT (-106.339616 36.748231),train
NA5120_E1458N0628__m_3610614_sw_13_060_20220614,POINT (-106.339616 36.748231),train
NA5120_E1458N0696__m_3910610_ne_13_060_20190924,POINT (-106.768169 39.858372),train
NA5120_E1458N0710__m_4010625_se_13_060_20210906,POINT (-106.863451 40.498085),train
NA5120_E1458N0715__m_4010617_ne_13_060_20210906,POINT (-106.898109 40.7265),train
NA5120_E1458N0728__m_4110641_nw_13_060_20190723,POINT (-106.989814 41.320247),train
NA5120_E1458N0728__m_4110641_nw_13_060_20220809,POINT (-106.989814 41.320247),train
NA5120_E1458N0773__m_4310738_sw_13_060_20190901,POINT (-107.326096 43.373962),val
NA5120_E1458N0773__m_4310738_sw_13_060_20220708,POINT (-107.326096 43.373962),val
NA5120_E1459N0540__m_3210518_ne_13_060_20200523,POINT (-105.804949 32.721572),train
NA5120_E1459N0540__m_3210518_nw_13_060_20220529,POINT (-105.804949 32.721572),train
NA5120_E1459N0545__m_3210502_nw_13_060_20200523,POINT (-105.830182 32.950835),train
NA5120_E1459N0545__m_3210502_nw_13_060_20220527,POINT (-105.830182 32.950835),train
NA5120_E1459N0692__m_3910619_se_13_060_20210907,POINT (-106.682589 39.681059),train
NA5120_E1459N0694__m_3910611_sw_13_060_20190924,POINT (-106.695859 39.772479),train
NA5120_E1459N0694__m_3910611_sw_13_060_20210907,POINT (-106.695859 39.772479),train
NA5120_E1459N0709__m_4010634_ne_13_060_20190924,POINT (-106.797023 40.457988),train
NA5120_E1459N0709__m_4010634_ne_13_060_20210828,POINT (-106.797023 40.457988),train
NA5120_E1459N0834__m_4610750_se_13_060_20210613,POINT (-107.768673 46.160019),train
NA5120_E1459N0874__m_4710807_ne_12_060_20190722,POINT (-108.137304 47.980146),train
NA5120_E1459N0874__m_4710807_ne_12_060_20210615,POINT (-108.137304 47.980146),train
NA5120_E1460N0648__m_3710622_sw_13_060_20190909,POINT (-106.345908 37.674005),train
NA5120_E1460N0691__m_3910619_se_13_060_20190924,POINT (-106.61718 39.640809),val
NA5120_E1460N0693__m_3910619_ne_13_060_20190924,POINT (-106.630342 39.732241),train
NA5120_E1460N0693__m_3910619_ne_13_060_20210907,POINT (-106.630342 39.732241),train
NA5120_E1460N0714__m_4010618_ne_13_060_20190924,POINT (-106.771638 40.692017),train
NA5120_E1460N0714__m_4010618_ne_13_060_20210828,POINT (-106.771638 40.692017),train
NA5120_E1460N0773__m_4310739_sw_13_060_20190719,POINT (-107.201212 43.385821),train
NA5120_E1460N0877__m_4810856_sw_12_060_20190722,POINT (-108.098259 48.123148),train
NA5120_E1461N0604__m_3510624_se_13_060_20220526,POINT (-106.034333 35.664589),val
NA5120_E1461N0612__m_3610664_sw_13_060_20220526,POINT (-106.079099 36.031021),train
NA5120_E1461N0613__m_3610664_nw_13_060_20200610,POINT (-106.08474 36.07682),train
NA5120_E1461N0637__m_3710655_sw_13_060_20190909,POINT (-106.223258 37.175737),train
NA5120_E1461N0691__m_3910620_sw_13_060_20190924,POINT (-106.558378 39.646236),test
NA5120_E1461N0731__m_4110634_nw_13_060_20190825,POINT (-106.829795 41.474254),test
NA5120_E1461N0731__m_4110634_nw_13_060_20220809,POINT (-106.829795 41.474254),test
NA5120_E1461N0746__m_4210649_sw_13_060_20220730,POINT (-106.937175 42.159296),train
NA5120_E1461N0784__m_4310707_sw_13_060_20220712,POINT (-107.224088 43.893524),train
NA5120_E1461N0798__m_4410730_sw_13_060_20190829,POINT (-107.335525 44.531993),train
NA5120_E1461N0873__m_4710701_nw_13_060_20190713,POINT (-107.992104 47.947758),train
NA5120_E1461N0873__m_4710701_nw_13_060_20210630,POINT (-107.992104 47.947758),train
NA5120_E1461N0891__m_4810815_se_12_060_20190722,POINT (-108.16635 48.766289),train
NA5120_E1462N0609__m_3510608_se_13_060_20200607,POINT (-106.006569 35.898624),train
NA5120_E1462N0609__m_3510608_se_13_060_20220526,POINT (-106.006569 35.898624),train
NA5120_E1462N0708__m_4010636_sw_13_060_20190924,POINT (-106.611642 40.428838),train
NA5120_E1462N0715__m_4010611_se_13_060_20210828,POINT (-106.65887 40.748774),test
NA5120_E1462N0724__m_4110651_sw_13_060_20190812,POINT (-106.720543 41.160042),train
NA5120_E1462N0746__m_4210649_se_13_060_20220730,POINT (-106.87597 42.164978),test
NA5120_E1463N0553__m_3310543_ne_13_060_20220527,POINT (-105.655961 33.336772),train
NA5120_E1463N0563__m_3310511_sw_13_060_20200523,POINT (-105.706507 33.79533),val
NA5120_E1463N0604__m_3510517_se_13_060_20220526,POINT (-105.923346 35.67453),val
NA5120_E1463N0614__m_3610549_sw_13_060_20200610,POINT (-105.978692 36.132648),val
NA5120_E1463N0614__m_3610549_sw_13_060_20220526,POINT (-105.978692 36.132648),val
NA5120_E1463N0646__m_3710631_ne_13_060_20190909,POINT (-106.162727 37.598006),train
NA5120_E1463N0761__m_4210609_ne_13_060_20190719,POINT (-106.923993 42.855567),train
NA5120_E1463N0765__m_4310657_sw_13_060_20190719,POINT (-106.953684 43.038173),train
NA5120_E1463N0814__m_4510746_sw_13_060_20190816,POINT (-107.337832 45.273485),train
NA5120_E1464N0611__m_3610557_se_13_060_20220526,POINT (-105.906229 36.000174),train
NA5120_E1464N0613__m_3610557_ne_13_060_20220526,POINT (-105.917287 36.091801),train
NA5120_E1464N0634__m_3710664_se_13_060_20210905,POINT (-106.035852 37.053662),train
NA5120_E1464N0635__m_3710664_ne_13_060_20210905,POINT (-106.041612 37.099455),train
NA5120_E1464N0711__m_4010628_ne_13_060_20190924,POINT (-106.512465 40.576842),train
NA5120_E1464N0732__m_4110627_se_13_060_20220809,POINT (-106.655107 41.53664),train
NA5120_E1464N0836__m_4610745_sw_13_060_20210613,POINT (-107.457792 46.282214),test
NA5120_E1465N0621__m_3610533_ne_13_060_20200610,POINT (-105.905797 36.463235),train
NA5120_E1465N0621__m_3610533_ne_13_060_20220526,POINT (-105.905797 36.463235),train
NA5120_E1465N0661__m_3810647_se_13_060_20210907,POINT (-106.137544 38.294878),train
NA5120_E1465N0715__m_4010613_sw_13_060_20190924,POINT (-106.479329 40.765106),test
NA5120_E1465N0715__m_4010613_sw_13_060_20210828,POINT (-106.479329 40.765106),test
NA5120_E1465N0745__m_4210651_sw_13_060_20190812,POINT (-106.685213 42.136121),val
NA5120_E1465N0771__m_4310641_ne_13_060_20190719,POINT (-106.873856 43.323507),train
NA5120_E1465N0843__m_4610729_nw_13_060_20210613,POINT (-107.452204 46.607275),train
NA5120_E1465N0870__m_4710711_nw_13_060_20190713,POINT (-107.69307 47.836873),val
NA5120_E1466N0673__m_3810615_ne_13_060_20210907,POINT (-106.152376 38.849239),train
NA5120_E1466N0717__m_4010613_nw_13_060_20190924,POINT (-106.432727 40.861921),train
NA5120_E1466N0718__m_4010605_sw_13_060_20190924,POINT (-106.439379 40.90764),train
NA5120_E1466N0718__m_4010605_sw_13_060_20210828,POINT (-106.439379 40.90764),train
NA5120_E1466N0773__m_4310634_sw_13_060_20190719,POINT (-106.826258 43.420496),train
NA5120_E1466N0776__m_4310626_nw_13_060_20190719,POINT (-106.848615 43.557461),train
NA5120_E1466N0787__m_4410657_ne_13_060_20190829,POINT (-106.931774 44.059571),train
NA5120_E1466N0806__m_4410708_sw_13_060_20220712,POINT (-107.079937 44.9265),train
NA5120_E1466N0807__m_4410708_nw_13_060_20190828,POINT (-107.087899 44.972115),train
NA5120_E1466N0807__m_4410708_nw_13_060_20220712,POINT (-107.087899 44.972115),train
NA5120_E1466N0841__m_4610729_se_13_060_20190722,POINT (-107.36887 46.52225),train
NA5120_E1466N0844__m_4610721_se_13_060_20210613,POINT (-107.394658 46.658952),train
NA5120_E1466N0868__m_4710712_sw_13_060_20190713,POINT (-107.607142 47.752107),train
NA5120_E1467N0601__m_3510527_sw_13_060_20220607,POINT (-105.685293 35.556521),train
NA5120_E1467N0616__m_3610542_se_13_060_20200608,POINT (-105.7661 36.24396),val
NA5120_E1467N0804__m_4410716_ne_13_060_20190829,POINT (-106.999979 44.841093),train
NA5120_E1468N0672__m_3810616_ne_13_060_20210909,POINT (-106.03009 38.813693),train
NA5120_E1468N0739__m_4110605_sw_13_060_20190711,POINT (-106.46023 41.878383),val
NA5120_E1468N0832__m_4610755_se_13_060_20210613,POINT (-107.161349 46.124032),train
NA5120_E1468N0854__m_4710754_sw_13_060_20190722,POINT (-107.34823 47.126779),train
NA5120_E1468N0854__m_4710754_sw_13_060_20210616,POINT (-107.34823 47.126779),train
NA5120_E1468N0864__m_4710729_nw_13_060_20190713,POINT (-107.436183 47.582352),train
NA5120_E1468N0887__m_4810719_se_13_060_20210617,POINT (-107.646031 48.62962),train
NA5120_E1469N0690__m_3910624_sw_13_060_20210825,POINT (-106.081416 39.642635),val
NA5120_E1469N0784__m_4310603_nw_13_060_20190829,POINT (-106.719647 43.939663),train
NA5120_E1469N0858__m_4710746_nw_13_060_20210616,POINT (-107.316122 47.315113),test
NA5120_E1469N0890__m_4810712_sw_13_060_20210617,POINT (-107.605242 48.772469),train
NA5120_E1470N0497__m_3010516_se_13_060_20220905,POINT (-105.024062 30.798263),train
NA5120_E1470N0722__m_4110663_nw_13_060_20190825,POINT (-106.225321 41.111783),train
NA5120_E1470N0892__m_4810704_se_13_060_20210617,POINT (-107.554902 48.869782),train
NA5120_E1471N0619__m_3610536_se_13_060_20220616,POINT (-105.558184 36.400652),train
NA5120_E1471N0619__m_3610536_sw_13_060_20200701,POINT (-105.558184 36.400652),train
NA5120_E1471N0619__m_3610536_sw_13_060_20220607,POINT (-105.558184 36.400652),train
NA5120_E1471N0620__m_3610536_nw_13_060_20200701,POINT (-105.563533 36.446488),train
NA5120_E1471N0620__m_3610536_nw_13_060_20220607,POINT (-105.563533 36.446488),train
NA5120_E1471N0622__m_3610528_sw_13_060_20200701,POINT (-105.574262 36.538159),train
NA5120_E1471N0626__m_3610520_nw_13_060_20200701,POINT (-105.595837 36.721489),train
NA5120_E1471N0711__m_4010632_nw_13_060_20191003,POINT (-106.094458 40.613811),train
NA5120_E1471N0846__m_4610716_sw_13_060_20210613,POINT (-107.080072 46.780128),val
NA5120_E1471N0887__m_4810721_sw_13_060_20210617,POINT (-107.439631 48.64835),train
NA5120_E1472N0699__m_4010557_nw_13_060_20191003,POINT (-105.959855 40.069806),train
NA5120_E1472N0733__m_4110623_se_13_060_20190812,POINT (-106.176548 41.625336),val
NA5120_E1472N0733__m_4110623_se_13_060_20220809,POINT (-106.176548 41.625336),val
NA5120_E1472N0734__m_4110623_sw_13_060_20190825,POINT (-106.183142 41.671069),train
NA5120_E1473N0659__m_3810543_se_13_060_20190922,POINT (-105.664781 38.243186),val
NA5120_E1473N0660__m_3810543_se_13_060_20190922,POINT (-105.670462 38.288996),train
NA5120_E1473N0660__m_3810543_se_13_060_20210824,POINT (-105.670462 38.288996),train
NA5120_E1473N0742__m_4210663_se_13_060_20190812,POINT (-106.175225 42.042152),train
NA5120_E1473N0760__m_4210614_ne_13_060_20190711,POINT (-106.297297 42.865103),train
NA5120_E1473N0866__m_4710723_ne_13_060_20190713,POINT (-107.116232 47.703741),train
NA5120_E1473N0866__m_4710723_ne_13_060_20210616,POINT (-107.116232 47.703741),train
NA5120_E1474N0618__m_3610537_se_13_060_20200708,POINT (-105.384616 36.368879),train
NA5120_E1474N0631__m_3610505_nw_13_060_20200701,POINT (-105.453363 36.96486),train
NA5120_E1474N0631__m_3610505_nw_13_060_20210806,POINT (-105.453363 36.96486),train
NA5120_E1474N0682__m_3910543_sw_13_060_20210825,POINT (-105.739631 39.30151),train
NA5120_E1474N0716__m_4010509_nw_13_060_20191003,POINT (-105.946432 40.857937),train
NA5120_E1474N0718__m_4010501_nw_13_060_20220730,POINT (-105.959026 40.949456),train
NA5120_E1474N0872__m_4710708_nw_13_060_20210616,POINT (-107.100449 47.983173),train
NA5120_E1474N0888__m_4810722_ne_13_060_20210617,POINT (-107.24208 48.712255),train
NA5120_E1475N0506__m_3110450_ne_13_060_20201023,POINT (-104.801603 31.232916),train
NA5120_E1475N0667__m_3810520_sw_13_060_20190922,POINT (-105.59462 38.619333),train
NA5120_E1475N0667__m_3810520_sw_13_060_20210824,POINT (-105.59462 38.619333),train
NA5120_E1475N0735__m_4110624_ne_13_060_20220809,POINT (-106.007242 41.732358),train
NA5120_E1475N0776__m_4310630_ne_13_060_20190711,POINT (-106.284046 43.60708),train
NA5120_E1475N0852__m_4710657_ne_13_060_20190720,POINT (-106.863553 47.077131),train
NA5120_E1475N0852__m_4710657_ne_13_060_20210616,POINT (-106.863553 47.077131),train
NA5120_E1476N0670__m_3810512_se_13_060_20190913,POINT (-105.553627 38.761574),train
NA5120_E1476N0670__m_3810512_se_13_060_20210824,POINT (-105.553627 38.761574),train
NA5120_E1476N0670__m_3810512_sw_13_060_20190922,POINT (-105.553627 38.761574),train
NA5120_E1476N0671__m_3810512_nw_13_060_20210824,POINT (-105.559306 38.807387),train
NA5120_E1476N0840__m_4610627_sw_13_060_20210613,POINT (-106.699559 46.535385),train
NA5120_E1477N0760__m_4210608_se_13_060_20220719,POINT (-106.049254 42.886136),train
NA5120_E1477N0791__m_4410646_se_13_060_20190829,POINT (-106.264132 44.303269),train
NA5120_E1477N0825__m_4510612_ne_13_060_20210607,POINT (-106.516254 45.856305),train
NA5120_E1478N0685__m_3910536_ne_13_060_20190913,POINT (-105.522537 39.458321),test
NA5120_E1478N0770__m_4310648_ne_13_060_20190913,POINT (-106.054569 43.348606),train
NA5120_E1478N0781__m_4310615_ne_13_060_20190829,POINT (-106.13026 43.851518),train
NA5120_E1478N0789__m_4410655_nw_13_060_20190829,POINT (-106.186393 44.21719),train
NA5120_E1478N0863__m_4710626_ne_13_060_20210616,POINT (-106.753118 47.596153),train
NA5120_E1479N0684__m_3910537_sw_13_060_20190913,POINT (-105.458105 39.417279),train
NA5120_E1479N0793__m_4410639_se_13_060_20190829,POINT (-106.151135 44.405301),train
NA5120_E1479N0883__m_4810626_sw_13_060_20190731,POINT (-106.853913 48.514054),train
NA5120_E1480N0469__m_2910429_se_13_060_20201022,POINT (-104.392221 29.552676),train
NA5120_E1480N0630__m_3610508_nw_13_060_20200608,POINT (-105.108704 36.946553),train
NA5120_E1480N0688__m_3910529_ne_13_060_20190913,POINT (-105.422149 39.605278),train
NA5120_E1480N0721__m_4110551_se_13_060_20220721,POINT (-105.616536 41.116671),test
NA5120_E1480N0740__m_4110503_nw_13_060_20190710,POINT (-105.734271 41.9864),train
NA5120_E1480N0740__m_4110503_nw_13_060_20220721,POINT (-105.734271 41.9864),train
NA5120_E1480N0748__m_4210542_ne_13_060_20190710,POINT (-105.785186 42.352495),train
NA5120_E1480N0748__m_4210542_ne_13_060_20220719,POINT (-105.785186 42.352495),train
NA5120_E1480N0756__m_4210518_nw_13_060_20220719,POINT (-105.836923 42.718527),train
NA5120_E1480N0760__m_4210501_se_13_060_20220719,POINT (-105.863106 42.901519),val
NA5120_E1480N0760__m_4210502_sw_13_060_20190729,POINT (-105.863106 42.901519),val
NA5120_E1480N0843__m_4610621_nw_13_060_20210613,POINT (-106.458239 46.694702),train
NA5120_E1480N0872__m_4810659_sw_13_060_20210616,POINT (-106.692368 48.018135),train
NA5120_E1480N0884__m_4810626_ne_13_060_20210617,POINT (-106.793746 48.56545),train
NA5120_E1481N0469__m_2910430_nw_13_060_20201021,POINT (-104.340889 29.556584),train
NA5120_E1481N0472__m_2910422_nw_13_060_20201021,POINT (-104.352414 29.694531),train
NA5120_E1481N0474__m_2910414_sw_13_060_20201021,POINT (-104.36013 29.786492),train
NA5120_E1481N0662__m_3810539_sw_13_060_20190913,POINT (-105.219609 38.418396),train
NA5120_E1481N0662__m_3810539_sw_13_060_20210728,POINT (-105.219609 38.418396),train
NA5120_E1481N0663__m_3810539_nw_13_060_20190913,POINT (-105.225005 38.464237),train
NA5120_E1481N0663__m_3810539_nw_13_060_20210824,POINT (-105.225005 38.464237),train
NA5120_E1481N0689__m_3910521_se_13_060_20190913,POINT (-105.368953 39.655812),train
NA5120_E1481N0694__m_3910505_se_13_060_20190919,POINT (-105.397462 39.884893),train
NA5120_E1481N0727__m_4110536_sw_13_060_20190710,POINT (-105.592693 41.396252),train
NA5120_E1481N0758__m_4210510_ne_13_060_20220719,POINT (-105.788012 42.815068),train
NA5120_E1481N0760__m_4210502_se_13_060_20190729,POINT (-105.801035 42.906572),train
NA5120_E1481N0854__m_4710653_nw_13_060_20190707,POINT (-106.478286 47.202387),train
NA5120_E1481N0876__m_4810651_ne_13_060_20210615,POINT (-106.657549 48.2063),train
NA5120_E1481N0878__m_4810643_se_13_060_20210615,POINT (-106.674285 48.297535),val
NA5120_E1482N0605__m_3510409_ne_13_060_20200603,POINT (-104.872299 35.808408),train
NA5120_E1482N0669__m_3810515_sw_13_060_20190913,POINT (-105.199502 38.743867),train
NA5120_E1482N0669__m_3810515_sw_13_060_20210824,POINT (-105.199502 38.743867),train
NA5120_E1482N0689__m_3910522_sw_13_060_20190913,POINT (-105.310039 39.660497),train
NA5120_E1482N0704__m_4010545_ne_13_060_20190919,POINT (-105.39576 40.347738),val
NA5120_E1482N0740__m_4110504_nw_13_060_20220721,POINT (-105.61199 41.996272),train
NA5120_E1482N0740__m_4210560_sw_13_060_20190710,POINT (-105.61199 41.996272),train
NA5120_E1482N0753__m_4210527_nw_13_060_20220721,POINT (-105.693935 42.591272),train
NA5120_E1482N0879__m_4810643_ne_13_060_20210615,POINT (-106.614175 48.348833),train
NA5120_E1483N0670__m_3810515_se_13_060_20210824,POINT (-105.146784 38.794275),train
NA5120_E1483N0689__m_3910522_se_13_060_20190913,POINT (-105.251115 39.665147),val
NA5120_E1483N0689__m_3910522_se_13_060_20210727,POINT (-105.251115 39.665147),val
NA5120_E1483N0697__m_4010562_se_13_060_20190919,POINT (-105.296189 40.031735),train
NA5120_E1483N0717__m_4010505_ne_13_060_20190919,POINT (-105.411967 40.947956),train
NA5120_E1483N0718__m_4010505_ne_13_060_20190919,POINT (-105.417875 40.993757),train
NA5120_E1483N0753__m_4210527_ne_13_060_20190913,POINT (-105.632175 42.596216),train
NA5120_E1483N0753__m_4210527_ne_13_060_20220721,POINT (-105.632175 42.596216),train
NA5120_E1483N0763__m_4310559_sw_13_060_20220628,POINT (-105.696206 43.053843),test
NA5120_E1483N0803__m_4410501_sw_13_060_20190829,POINT (-105.965832 44.883334),train
NA5120_E1484N0467__m_2910439_ne_13_060_20220918,POINT (-104.17938 29.47615),train
NA5120_E1484N0586__m_3410403_ne_13_060_20200603,POINT (-104.67227 34.94477),train
NA5120_E1484N0627__m_3610410_nw_13_060_20220616,POINT (-104.867483 36.826601),train
NA5120_E1484N0662__m_3810540_ne_13_060_20190919,POINT (-105.046133 38.432002),test
NA5120_E1484N0662__m_3810540_se_13_060_20210824,POINT (-105.046133 38.432002),test
NA5120_E1484N0682__m_3910547_ne_13_060_20210813,POINT (-105.153597 39.34892),train
NA5120_E1484N0690__m_3910523_nw_13_060_20190919,POINT (-105.197738 39.715592),train
NA5120_E1484N0690__m_3910523_nw_13_060_20210727,POINT (-105.197738 39.715592),train
NA5120_E1484N0693__m_3910515_nw_13_060_20190919,POINT (-105.214466 39.85308),train
NA5120_E1484N0694__m_3910507_sw_13_060_20190919,POINT (-105.220064 39.898907),train
NA5120_E1484N0694__m_3910507_sw_13_060_20210727,POINT (-105.220064 39.898907),train
NA5120_E1484N0697__m_4010563_sw_13_060_20190919,POINT (-105.236921 40.036384),train
NA5120_E1484N0701__m_4010554_ne_13_060_20190919,POINT (-105.259549 40.219675),train
NA5120_E1484N0731__m_4110529_nw_13_060_20190710,POINT (-105.434989 41.593894),train
NA5120_E1484N0734__m_4110521_nw_13_060_20190710,POINT (-105.453107 41.73127),train
NA5120_E1484N0792__m_4410534_sw_13_060_20190831,POINT (-105.825767 44.385493),train
NA5120_E1484N0806__m_4510557_se_13_060_20190829,POINT (-105.922565 45.025654),train
NA5120_E1484N0806__m_4510557_se_13_060_20210607,POINT (-105.922565 45.025654),train
NA5120_E1484N0880__m_4810637_sw_13_060_20210904,POINT (-106.485347 48.405704),train
NA5120_E1485N0685__m_3910540_nw_13_060_20210813,POINT (-105.111297 39.490991),train
NA5120_E1485N0688__m_3910523_se_13_060_20190913,POINT (-105.127741 39.628505),train
NA5120_E1485N0689__m_3910523_se_13_060_20190913,POINT (-105.133243 39.674341),train
NA5120_E1485N0689__m_3910523_se_13_060_20210813,POINT (-105.133243 39.674341),train
NA5120_E1485N0692__m_3910515_ne_13_060_20210813,POINT (-105.149814 39.811844),train
NA5120_E1485N0693__m_3910515_ne_13_060_20210813,POINT (-105.155359 39.857676),train
NA5120_E1485N0694__m_3910507_se_13_060_20190919,POINT (-105.160914 39.903508),test
NA5120_E1485N0694__m_3910507_se_13_060_20210813,POINT (-105.160914 39.903508),test
NA5120_E1485N0697__m_4010563_se_13_060_20210813,POINT (-105.177644 40.040998),val
NA5120_E1485N0697__m_4010563_sw_13_060_20210727,POINT (-105.177644 40.040998),val
NA5120_E1485N0698__m_4010563_nw_13_060_20190919,POINT (-105.183243 40.086827),val
NA5120_E1485N0698__m_4010563_nw_13_060_20210726,POINT (-105.183243 40.086827),val
NA5120_E1485N0705__m_4010539_sw_13_060_20190919,POINT (-105.222735 40.4076),train
NA5120_E1485N0717__m_4010506_ne_13_060_20220721,POINT (-105.291696 40.957396),test
NA5120_E1485N0793__m_4410534_ne_13_060_20190829,POINT (-105.768844 44.436295),train
NA5120_E1485N0880__m_4810637_se_13_060_20210904,POINT (-106.416733 48.411267),train
NA5120_E1486N0467__m_2910440_nw_13_060_20201023,POINT (-104.076785 29.483693),train
NA5120_E1486N0546__m_3310461_ne_13_060_20220530,POINT (-104.387748 33.11569),train
NA5120_E1486N0657__m_3810449_ne_13_060_20190921,POINT (-104.904598 38.211579),train
NA5120_E1486N0684__m_3910540_ne_13_060_20210728,POINT (-105.047095 39.449675),train
NA5120_E1486N0687__m_3910532_nw_13_060_20210813,POINT (-105.063384 39.587204),train
NA5120_E1486N0693__m_3910516_nw_13_060_20210813,POINT (-105.096242 39.862238),train
NA5120_E1486N0696__m_4010564_sw_13_060_20190803,POINT (-105.112814 39.999743),train
NA5120_E1486N0709__m_4010531_nw_13_060_20190919,POINT (-105.185744 40.59551),val
NA5120_E1486N0777__m_4310520_nw_13_060_20220628,POINT (-105.599241 43.709315),train
NA5120_E1486N0788__m_4410551_ne_13_060_20220628,POINT (-105.671634 44.2126),train
NA5120_E1487N0644__m_3710418_se_13_060_20190921,POINT (-104.78137 37.619573),train
NA5120_E1487N0651__m_3710402_nw_13_060_20190921,POINT (-104.816479 37.94072),train
NA5120_E1487N0670__m_3810409_ne_13_060_20190908,POINT (-104.914124 38.812205),test
NA5120_E1487N0670__m_3810409_ne_13_060_20210915,POINT (-104.914124 38.812205),test
NA5120_E1487N0671__m_3810409_ne_13_060_20210915,POINT (-104.91936 38.858065),train
NA5120_E1487N0680__m_3910441_sw_13_060_20190908,POINT (-104.966938 39.270764),train
NA5120_E1487N0680__m_3910441_sw_13_060_20210813,POINT (-104.966938 39.270764),train
NA5120_E1487N0681__m_3910441_nw_13_060_20210813,POINT (-104.972275 39.316615),train
NA5120_E1487N0686__m_3910532_se_13_060_20210728,POINT (-104.999112 39.545859),train
NA5120_E1487N0687__m_3910532_ne_13_060_20210728,POINT (-105.00451 39.591705),train
NA5120_E1487N0688__m_3910524_se_13_060_20210728,POINT (-105.009919 39.63755),train
NA5120_E1487N0692__m_3910516_ne_13_060_20210813,POINT (-105.031657 39.820923),train
NA5120_E1487N0703__m_4010548_nw_13_060_20210726,POINT (-105.092306 40.325129),train
NA5120_E1487N0705__m_4010540_sw_13_060_20210726,POINT (-105.103472 40.416791),train
NA5120_E1487N0710__m_4010523_se_13_060_20190919,POINT (-105.131578 40.645932),train
NA5120_E1487N0756__m_4210513_se_13_060_20190710,POINT (-105.403539 42.752975),test
NA5120_E1487N0763__m_4310561_nw_13_060_20190710,POINT (-105.447158 43.07344),train
NA5120_E1487N0779__m_4310512_ne_13_060_20220628,POINT (-105.549221 43.805752),train
NA5120_E1487N0860__m_4710631_se_13_060_20190922,POINT (-106.121872 47.509011),train
NA5120_E1487N0892__m_4810605_ne_13_060_20190922,POINT (-106.377471 48.969983),train
NA5120_E1488N0478__m_3010464_se_13_060_20201023,POINT (-104.014377 29.997141),test
NA5120_E1488N0530__m_3210439_sw_13_060_20200604,POINT (-104.214941 32.388236),train
NA5120_E1488N0531__m_3210439_nw_13_060_20200604,POINT (-104.218976 32.434202),train
NA5120_E1488N0617__m_3610436_sw_13_060_20220606,POINT (-104.593978 36.3847),train
NA5120_E1488N0653__m_3810458_se_13_060_20190921,POINT (-104.769085 38.036798),val
NA5120_E1488N0659__m_3810442_ne_13_060_20210915,POINT (-104.799423 38.312049),val
NA5120_E1488N0667__m_3810418_sw_13_060_20190908,POINT (-104.840409 38.679006),train
NA5120_E1488N0667__m_3810418_sw_13_060_20210915,POINT (-104.840409 38.679006),train
NA5120_E1488N0670__m_3810410_nw_13_060_20190908,POINT (-104.855939 38.816602),train
NA5120_E1488N0670__m_3810410_nw_13_060_20210915,POINT (-104.855939 38.816602),train
NA5120_E1488N0672__m_3810401_se_13_060_20210915,POINT (-104.866341 38.908328),train
NA5120_E1488N0672__m_3810402_sw_13_060_20190908,POINT (-104.866341 38.908328),train
NA5120_E1488N0674__m_3910457_se_13_060_20190912,POINT (-104.876783 39.000051),train
NA5120_E1488N0674__m_3910457_se_13_060_20210915,POINT (-104.876783 39.000051),train
NA5120_E1488N0676__m_3910457_ne_13_060_20210915,POINT (-104.887264 39.091771),train
NA5120_E1488N0677__m_3910449_se_13_060_20210915,POINT (-104.892519 39.13763),train
NA5120_E1488N0686__m_3910425_sw_13_060_20190908,POINT (-104.940272 39.550321),train
NA5120_E1488N0687__m_3910425_nw_13_060_20190908,POINT (-104.945628 39.596171),train
NA5120_E1488N0687__m_3910425_nw_13_060_20210728,POINT (-104.945628 39.596171),train
NA5120_E1488N0690__m_3910417_nw_13_060_20210728,POINT (-104.96176 39.733717),train
NA5120_E1488N0694__m_3910401_sw_13_060_20210728,POINT (-104.983413 39.9171),train
NA5120_E1488N0771__m_4310537_nw_13_060_20190710,POINT (-105.435096 43.444471),test
NA5120_E1488N0772__m_4310537_nw_13_060_20190710,POINT (-105.441432 43.490245),train
NA5120_E1488N0776__m_4310521_sw_13_060_20220628,POINT (-105.466906 43.673331),train
NA5120_E1488N0778__m_4310513_sw_13_060_20220628,POINT (-105.479722 43.764868),test
NA5120_E1488N0785__m_4410560_ne_13_060_20220628,POINT (-105.524994 44.085217),test
NA5120_E1488N0791__m_4410544_nw_13_060_20220628,POINT (-105.564324 44.359763),train
NA5120_E1488N0792__m_4410536_sw_13_060_20220628,POINT (-105.570926 44.405517),train
NA5120_E1488N0841__m_4610517_se_13_060_20190720,POINT (-105.912123 46.646196),train
NA5120_E1488N0858__m_4710640_se_13_060_20190720,POINT (-106.039156 47.422965),train
NA5120_E1488N0885__m_4810622_se_13_060_20190922,POINT (-106.251006 48.655968),train
NA5120_E1489N0617__m_3610436_se_13_060_20220606,POINT (-104.537824 36.388859),val
NA5120_E1489N0633__m_3710452_sw_13_060_20190921,POINT (-104.613622 37.123307),train
NA5120_E1489N0656__m_3810451_sw_13_060_20190921,POINT (-104.726577 38.178733),test
NA5120_E1489N0668__m_3810418_ne_13_060_20190908,POINT (-104.787464 38.729226),train
NA5120_E1489N0668__m_3810418_ne_13_060_20210915,POINT (-104.787464 38.729226),train
NA5120_E1489N0669__m_3810410_se_13_060_20190908,POINT (-104.7926 38.775095),train
NA5120_E1489N0669__m_3810410_se_13_060_20210915,POINT (-104.7926 38.775095),train
NA5120_E1489N0670__m_3810410_ne_13_060_20210915,POINT (-104.797746 38.820964),val
NA5120_E1489N0671__m_3810410_ne_13_060_20190908,POINT (-104.802902 38.866831),val
NA5120_E1489N0671__m_3810410_ne_13_060_20210915,POINT (-104.802902 38.866831),val
NA5120_E1489N0672__m_3810402_sw_13_060_20210915,POINT (-104.808067 38.912698),test
NA5120_E1489N0673__m_3810402_nw_13_060_20190908,POINT (-104.813243 38.958564),train
NA5120_E1489N0673__m_3810402_nw_13_060_20210915,POINT (-104.813243 38.958564),train
NA5120_E1489N0675__m_3910458_sw_13_060_20190908,POINT (-104.823623 39.050294),train
NA5120_E1489N0675__m_3910458_sw_13_060_20210915,POINT (-104.823623 39.050294),train
NA5120_E1489N0676__m_3910458_nw_13_060_20190908,POINT (-104.828827 39.096157),train
NA5120_E1489N0682__m_3910434_sw_13_060_20210728,POINT (-104.860265 39.371321),train
NA5120_E1489N0684__m_3910433_ne_13_060_20210728,POINT (-104.870824 39.463036),train
NA5120_E1489N0685__m_3910425_se_13_060_20190908,POINT (-104.876118 39.508892),train
NA5120_E1489N0685__m_3910425_se_13_060_20210728,POINT (-104.876118 39.508892),train
NA5120_E1489N0686__m_3910425_se_13_060_20210728,POINT (-104.881423 39.554748),train
NA5120_E1489N0689__m_3910417_ne_13_060_20210728,POINT (-104.897399 39.692309),train
NA5120_E1489N0694__m_3910401_se_13_060_20190803,POINT (-104.92423 39.92156),train
NA5120_E1489N0695__m_3910401_ne_13_060_20190803,POINT (-104.929627 39.967408),train
NA5120_E1489N0699__m_4010449_sw_13_060_20190803,POINT (-104.95132 40.150791),train
NA5120_E1489N0699__m_4010449_sw_13_060_20210726,POINT (-104.95132 40.150791),train
NA5120_E1489N0783__m_4410561_sw_13_060_20220628,POINT (-105.44871 43.998558),train
NA5120_E1489N0787__m_4410553_nw_13_060_20220628,POINT (-105.474565 44.18162),train
NA5120_E1489N0787__m_4410553_sw_13_060_20190726,POINT (-105.474565 44.18162),train
NA5120_E1489N0789__m_4410545_sw_13_060_20190831,POINT (-105.487574 44.273146),train
NA5120_E1489N0789__m_4410545_sw_13_060_20220628,POINT (-105.487574 44.273146),train
NA5120_E1489N0791__m_4410544_ne_13_060_20220628,POINT (-105.500636 44.364667),train
NA5120_E1489N0793__m_4410536_ne_13_060_20220628,POINT (-105.513753 44.456184),train
NA5120_E1489N0826__m_4510503_nw_13_060_20190816,POINT (-105.738328 45.965631),val
NA5120_E1489N0826__m_4510503_nw_13_060_20210610,POINT (-105.738328 45.965631),val
NA5120_E1489N0851__m_4710557_ne_13_060_20210613,POINT (-105.91933 47.108383),train
NA5120_E1489N0858__m_4710533_sw_13_060_20190720,POINT (-105.971804 47.428229),test
NA5120_E1489N0869__m_4710608_ne_13_060_20190922,POINT (-106.055921 47.930731),train
NA5120_E1490N0636__m_3710444_sw_13_060_20190921,POINT (-104.571214 37.265191),train
NA5120_E1490N0660__m_3810443_nw_13_060_20190921,POINT (-104.68892 38.366532),train
NA5120_E1490N0667__m_3810419_nw_13_060_20190908,POINT (-104.724258 38.687672),train
NA5120_E1490N0668__m_3810419_nw_13_060_20190908,POINT (-104.729344 38.733546),train
NA5120_E1490N0669__m_3810411_sw_13_060_20190908,POINT (-104.73444 38.779419),train
NA5120_E1490N0671__m_3810402_se_13_060_20190908,POINT (-104.744661 38.871163),train
NA5120_E1490N0671__m_3810402_se_13_060_20210915,POINT (-104.744661 38.871163),train
NA5120_E1490N0685__m_3910426_sw_13_060_20210728,POINT (-104.817304 39.51328),train
NA5120_E1490N0686__m_3910426_nw_13_060_20190908,POINT (-104.822567 39.55914),train
NA5120_E1490N0688__m_3910418_sw_13_060_20210728,POINT (-104.833123 39.650856),val
NA5120_E1490N0693__m_3910402_sw_13_060_20190803,POINT (-104.859693 39.880133),train
NA5120_E1490N0695__m_3910401_ne_13_060_20190803,POINT (-104.870392 39.971837),val
NA5120_E1490N0695__m_3910401_ne_13_060_20210728,POINT (-104.870392 39.971837),val
NA5120_E1490N0698__m_4010457_ne_13_060_20210726,POINT (-104.886519 40.109388),train
NA5120_E1490N0720__m_4110556_se_13_060_20190710,POINT (-105.00769 41.117863),train
NA5120_E1490N0787__m_4410553_ne_13_060_20220627,POINT (-105.41107 44.186466),train
NA5120_E1490N0788__m_4410553_ne_13_060_20220627,POINT (-105.417517 44.232234),train
NA5120_E1490N0790__m_4410545_ne_13_060_20220627,POINT (-105.430451 44.323767),train
NA5120_E1490N0790__m_4410545_nw_13_060_20190831,POINT (-105.430451 44.323767),train
NA5120_E1490N0790__m_4410545_nw_13_060_20220628,POINT (-105.430451 44.323767),train
NA5120_E1490N0803__m_4410504_se_13_060_20190726,POINT (-105.515846 44.918637),val
NA5120_E1490N0803__m_4410504_se_13_060_20220628,POINT (-105.515846 44.918637),val
NA5120_E1490N0812__m_4510544_nw_13_060_20190714,POINT (-105.576344 45.330369),train
NA5120_E1490N0828__m_4610559_nw_13_060_20210610,POINT (-105.686791 46.062133),train
NA5120_E1490N0861__m_4710525_ne_13_060_20190720,POINT (-105.926999 47.570528),train
NA5120_E1490N0861__m_4710525_nw_13_060_20190922,POINT (-105.926999 47.570528),train
NA5120_E1490N0872__m_4810664_ne_13_060_20190922,POINT (-106.011021 48.073056),train
NA5120_E1490N0875__m_4810656_ne_13_060_20190922,POINT (-106.034296 48.210085),train
NA5120_E1491N0575__m_3410439_nw_13_060_20200521,POINT (-104.239654 34.467969),test
NA5120_E1491N0656__m_3810452_nw_13_060_20190921,POINT (-104.611285 38.187244),train
NA5120_E1491N0657__m_3810451_ne_13_060_20190921,POINT (-104.616228 38.233131),test
NA5120_E1491N0657__m_3810451_ne_13_060_20210728,POINT (-104.616228 38.233131),test
NA5120_E1491N0658__m_3810443_se_13_060_20190921,POINT (-104.62118 38.279017),train
NA5120_E1491N0666__m_3810419_se_13_060_20210728,POINT (-104.661134 38.646074),train
NA5120_E1491N0667__m_3810419_ne_13_060_20210728,POINT (-104.666171 38.691953),test
NA5120_E1491N0677__m_3910451_sw_13_060_20190908,POINT (-104.717064 39.150696),train
NA5120_E1491N0683__m_3910434_se_13_060_20210728,POINT (-104.748067 39.425904),train
NA5120_E1491N0684__m_3910434_ne_13_060_20210728,POINT (-104.753269 39.471769),train
NA5120_E1491N0685__m_3910426_se_13_060_20190908,POINT (-104.758481 39.517633),train
NA5120_E1491N0689__m_3910418_ne_13_060_20190912,POINT (-104.779427 39.701082),train
NA5120_E1491N0697__m_4010458_nw_13_060_20190803,POINT (-104.821806 40.067941),val
NA5120_E1491N0700__m_4010450_nw_13_060_20210726,POINT (-104.837867 40.205499),test
NA5120_E1491N0703__m_4010442_nw_13_060_20210726,POINT (-104.854021 40.34305),test
NA5120_E1491N0785__m_4410562_nw_13_060_20220627,POINT (-105.334812 44.099725),train
NA5120_E1491N0786__m_4410554_sw_13_060_20220627,POINT (-105.341182 44.145499),train
NA5120_E1491N0791__m_4410537_se_13_060_20220627,POINT (-105.373228 44.374359),test
NA5120_E1491N0792__m_4410537_se_13_060_20220627,POINT (-105.379678 44.420129),train
NA5120_E1491N0873__m_4810549_sw_13_060_20190922,POINT (-105.950487 48.124001),train
NA5120_E1491N0880__m_4810640_ne_13_060_20190922,POINT (-106.004736 48.443752),train
NA5120_E1492N0465__m_2910334_se_13_060_20220918,POINT (-103.761886 29.41359),train
NA5120_E1492N0656__m_3810452_ne_13_060_20190921,POINT (-104.553629 38.191449),train
NA5120_E1492N0659__m_3810444_nw_13_060_20190921,POINT (-104.568367 38.329117),train
NA5120_E1492N0675__m_3910459_ne_13_060_20190908,POINT (-104.648389 39.063232),test
NA5120_E1492N0682__m_3910435_sw_13_060_20210728,POINT (-104.684169 39.384344),test
NA5120_E1492N0688__m_3910419_sw_13_060_20210728,POINT (-104.71522 39.659551),train
NA5120_E1492N0689__m_3910419_nw_13_060_20190912,POINT (-104.720429 39.705416),test
NA5120_E1492N0689__m_3910419_nw_13_060_20210728,POINT (-104.720429 39.705416),test
NA5120_E1492N0698__m_4010450_se_13_060_20210726,POINT (-104.767771 40.118166),train
NA5120_E1492N0701__m_4010442_se_13_060_20190803,POINT (-104.783735 40.255734),val
NA5120_E1492N0717__m_4010401_ne_13_060_20210726,POINT (-104.870463 40.989305),train
NA5120_E1492N0857__m_4710534_se_13_060_20190713,POINT (-105.762294 47.398066),train
NA5120_E1492N0857__m_4710534_se_13_060_20210613,POINT (-105.762294 47.398066),train
NA5120_E1493N0658__m_3810444_se_13_060_20190921,POINT (-104.505702 38.287407),train
NA5120_E1493N0675__m_3910460_nw_13_060_20190908,POINT (-104.589963 39.067476),val
NA5120_E1493N0675__m_3910460_nw_13_060_20210730,POINT (-104.589963 39.067476),val
NA5120_E1493N0681__m_3910443_ne_13_060_20210813,POINT (-104.620355 39.34274),train
NA5120_E1493N0690__m_3910411_se_13_060_20190912,POINT (-104.666601 39.755584),train
NA5120_E1493N0693__m_3910403_se_13_060_20190912,POINT (-104.682195 39.893184),test
NA5120_E1493N0693__m_3910403_se_13_060_20210728,POINT (-104.682195 39.893184),test
NA5120_E1493N0696__m_4010459_sw_13_060_20210728,POINT (-104.697879 40.030777),train
NA5120_E1493N0699__m_4010451_sw_13_060_20210726,POINT (-104.713653 40.168362),val
NA5120_E1493N0710__m_4010418_se_13_060_20210726,POINT (-104.772283 40.672779),train
NA5120_E1493N0719__m_4110458_nw_13_060_20190824,POINT (-104.821196 41.085409),train
NA5120_E1493N0720__m_4110450_sw_13_060_20190824,POINT (-104.826684 41.131253),train
NA5120_E1493N0753__m_4210524_se_13_060_20220621,POINT (-105.014021 42.643608),train
NA5120_E1493N0757__m_4210516_ne_13_060_20220621,POINT (-105.03758 42.826858),test
NA5120_E1493N0813__m_4510537_se_13_060_20190714,POINT (-105.388526 45.390808),train
NA5120_E1494N0470__m_2910319_se_13_060_20220918,POINT (-103.676602 29.650766),train
NA5120_E1494N0488__m_3010335_nw_13_060_20201017,POINT (-103.739995 30.479044),val
NA5120_E1494N0564__m_3310408_ne_13_060_20200521,POINT (-104.030279 33.974064),train
NA5120_E1494N0606__m_3510407_sw_13_060_20200519,POINT (-104.208117 35.903922),test
NA5120_E1494N0682__m_3910436_sw_13_060_20190908,POINT (-104.566733 39.392851),train
NA5120_E1494N0690__m_3910412_sw_13_060_20210814,POINT (-104.607546 39.759852),train
NA5120_E1494N0697__m_4010459_ne_13_060_20210726,POINT (-104.643775 40.080935),test
NA5120_E1494N0703__m_4010443_ne_13_060_20210726,POINT (-104.67522 40.356118),train
NA5120_E1494N0705__m_4010435_nw_13_060_20210726,POINT (-104.685783 40.44784),train
NA5120_E1494N0707__m_4010427_sw_13_060_20190803,POINT (-104.696387 40.539558),train
NA5120_E1494N0722__m_4110450_ne_13_060_20220621,POINT (-104.77725 41.227337),val
NA5120_E1495N0461__m_2910352_nw_13_060_20220918,POINT (-103.594449 29.240037),train
NA5120_E1495N0705__m_4010435_ne_13_060_20210726,POINT (-104.62608 40.452133),train
NA5120_E1495N0718__m_4110459_sw_13_060_20210726,POINT (-104.695181 41.048294),train
NA5120_E1495N0724__m_4110443_nw_13_060_20190914,POINT (-104.727672 41.323398),train
NA5120_E1495N0859__m_4710528_sw_13_060_20210613,POINT (-105.574613 47.504663),train
NA5120_E1496N0467__m_2910328_sw_13_060_20220918,POINT (-103.563538 29.519663),train
NA5120_E1496N0659__m_3810446_nw_13_060_20190921,POINT (-104.337192 38.34564),train
NA5120_E1496N0697__m_4010460_ne_13_060_20210726,POINT (-104.525047 40.089422),test
NA5120_E1496N0703__m_4010444_ne_13_060_20210726,POINT (-104.555978 40.364653),val
NA5120_E1496N0870__m_4810560_sw_13_060_20210613,POINT (-105.586819 48.012566),train
NA5120_E1497N0464__m_2910336_se_13_060_20220917,POINT (-103.502117 29.385006),train
NA5120_E1497N0590__m_3510349_nw_13_060_20200519,POINT (-103.9731 35.18039),train
NA5120_E1497N0645__m_3710423_nw_13_060_20190921,POINT (-104.214048 37.706913),train
NA5120_E1497N0806__m_4510564_nw_13_060_20190819,POINT (-105.084236 45.08938),train
NA5120_E1497N0806__m_4510564_nw_13_060_20210606,POINT (-105.084236 45.08938),train
NA5120_E1497N0809__m_4510556_nw_13_060_20190819,POINT (-105.10329 45.226729),train
NA5120_E1497N0823__m_4510507_sw_13_060_20190819,POINT (-105.19383 45.867577),train
NA5120_E1497N0884__m_4810519_se_13_060_20190720,POINT (-105.622113 48.657538),train
NA5120_E1497N0887__m_4810511_se_13_060_20190720,POINT (-105.644714 48.794647),train
NA5120_E1498N0855__m_4710546_nw_13_060_20210613,POINT (-105.344023 47.336519),train
NA5120_E1498N0864__m_4710513_se_13_060_20210613,POINT (-105.407455 47.748147),train
NA5120_E1498N0873__m_4810553_sw_13_060_20210613,POINT (-105.472169 48.159691),train
NA5120_E1499N0487__m_3010337_nw_13_060_20220917,POINT (-103.476788 30.450495),train
NA5120_E1499N0672__m_3810407_nw_13_060_20190912,POINT (-104.224914 38.954498),test
NA5120_E1499N0713__m_4010413_ne_13_060_20190919,POINT (-104.428105 40.835962),train
NA5120_E1500N0458__m_2910354_sw_13_060_20201008,POINT (-103.328814 29.118868),train
NA5120_E1500N0458__m_2910354_sw_13_060_20220917,POINT (-103.328814 29.118868),train
NA5120_E1500N0489__m_3010329_se_13_060_20220917,POINT (-103.431646 30.545953),train
NA5120_E1500N0664__m_3810431_ne_13_060_20190912,POINT (-104.129057 38.591196),test
NA5120_E1500N0707__m_4010430_nw_13_060_20190919,POINT (-104.337526 40.564829),train
NA5120_E1500N0805__m_4510457_ne_13_060_20190819,POINT (-104.884342 45.057344),train
NA5120_E1500N0805__m_4510457_ne_13_060_20210829,POINT (-104.884342 45.057344),train
NA5120_E1500N0848__m_4710563_se_13_060_20210613,POINT (-105.161738 47.025858),test
NA5120_E1500N0860__m_4710530_ne_13_060_20190718,POINT (-105.243887 47.57489),train
NA5120_E1500N0860__m_4710530_ne_13_060_20210613,POINT (-105.243887 47.57489),train
NA5120_E1501N0589__m_3510350_se_13_060_20200519,POINT (-103.74808 35.149319),test
NA5120_E1501N0590__m_3510350_ne_13_060_20200519,POINT (-103.752102 35.195288),train
NA5120_E1501N0631__m_3710357_ne_13_060_20190921,POINT (-103.923422 37.079442),train
NA5120_E1501N0654__m_3810456_se_13_060_20190921,POINT (-104.025328 38.135906),train
NA5120_E1501N0785__m_4410451_sw_13_060_20190831,POINT (-104.700191 44.145584),train
NA5120_E1501N0815__m_4510425_se_13_060_20210829,POINT (-104.881513 45.519846),train
NA5120_E1501N0818__m_4510417_se_13_060_20190819,POINT (-104.900284 45.657227),train
NA5120_E1501N0818__m_4510417_se_13_060_20210829,POINT (-104.900284 45.657227),train
NA5120_E1502N0456__m_2910363_sw_13_060_20220916,POINT (-103.220247 29.033334),train
NA5120_E1502N0739__m_4210461_se_13_060_20220616,POINT (-104.381794 42.041046),train
NA5120_E1502N0745__m_4210445_ne_13_060_20220616,POINT (-104.413709 42.31622),train
NA5120_E1502N0768__m_4310436_se_13_060_20190913,POINT (-104.539687 43.370784),train
NA5120_E1502N0834__m_4610433_sw_13_060_20190713,POINT (-104.936324 46.394388),train
NA5120_E1502N0882__m_4810530_ne_13_060_20190720,POINT (-105.262361 48.590811),train
NA5120_E1503N0523__m_3210353_se_13_060_20200604,POINT (-103.39171 32.120852),val
NA5120_E1503N0723__m_4110447_nw_13_060_20190718,POINT (-104.237964 41.311184),val
NA5120_E1503N0725__m_4110438_se_13_060_20190718,POINT (-104.248138 41.402945),test
NA5120_E1503N0725__m_4110438_se_13_060_20220621,POINT (-104.248138 41.402945),test
NA5120_E1503N0755__m_4210413_se_13_060_20220616,POINT (-104.405716 42.778986),train
NA5120_E1503N0885__m_4810523_nw_13_060_20190720,POINT (-105.21474 48.732836),train
NA5120_E1503N0886__m_4810515_sw_13_060_20190720,POINT (-105.221897 48.778573),train
NA5120_E1503N0889__m_4810506_se_13_060_20190720,POINT (-105.243466 48.915776),test
NA5120_E1504N0720__m_4110455_se_13_060_20190718,POINT (-104.162341 41.177565),val
NA5120_E1504N0720__m_4110455_se_13_060_20220616,POINT (-104.162341 41.177565),val
NA5120_E1504N0769__m_4310437_se_13_060_20190913,POINT (-104.419836 43.425118),val
NA5120_E1504N0869__m_4810564_se_13_060_20210613,POINT (-105.034197 48.005612),train
NA5120_E1505N0487__m_3010339_ne_13_060_20220916,POINT (-103.165084 30.470472),train
NA5120_E1505N0598__m_3510328_nw_13_060_20200519,POINT (-103.562315 35.577497),train
NA5120_E1505N0739__m_4210463_sw_13_060_20190718,POINT (-104.197889 42.053358),train
NA5120_E1505N0739__m_4210463_sw_13_060_20220616,POINT (-104.197889 42.053358),train
NA5120_E1505N0743__m_4210455_nw_13_060_20190718,POINT (-104.218565 42.23686),train
NA5120_E1505N0743__m_4210455_nw_13_060_20220616,POINT (-104.218565 42.23686),train
NA5120_E1505N0754__m_4210414_se_13_060_20220616,POINT (-104.276284 42.741423),train
NA5120_E1505N0754__m_4210422_ne_13_060_20190711,POINT (-104.276284 42.741423),train
NA5120_E1505N0858__m_4710425_se_13_060_20190718,POINT (-104.892371 47.506809),train
NA5120_E1506N0531__m_3210330_se_13_060_20200604,POINT (-103.260102 32.49908),train
NA5120_E1506N0746__m_4210439_se_13_060_20190711,POINT (-104.172534 42.378535),val
NA5120_E1506N0746__m_4210439_se_13_060_20220616,POINT (-104.172534 42.378535),val
NA5120_E1506N0760__m_4310462_se_13_060_20190711,POINT (-104.245997 43.020714),train
NA5120_E1506N0864__m_4710409_se_13_060_20210613,POINT (-104.864367 47.786025),train
NA5120_E1507N0583__m_3410305_se_13_060_20200521,POINT (-103.393904 34.894743),train
NA5120_E1507N0585__m_3410305_ne_13_060_20200521,POINT (-103.401451 34.986724),train
NA5120_E1507N0593__m_3510345_ne_13_060_20200521,POINT (-103.43191 35.354625),train
NA5120_E1507N0631__m_3710360_nw_13_060_20190921,POINT (-103.582775 37.101605),test
NA5120_E1507N0725__m_4110440_se_13_060_20190718,POINT (-104.005449 41.418922),val
NA5120_E1507N0725__m_4110440_se_13_060_20220616,POINT (-104.005449 41.418922),val
NA5120_E1507N0763__m_4310455_sw_13_060_20190711,POINT (-104.199543 43.162392),train
NA5120_E1507N0823__m_4510404_se_13_060_20190819,POINT (-104.538519 45.912876),train
NA5120_E1507N0823__m_4510404_se_13_060_20210612,POINT (-104.538519 45.912876),train
NA5120_E1508N0530__m_3210339_ne_13_060_20200604,POINT (-103.150062 32.45965),train
NA5120_E1508N0535__m_3210323_ne_13_060_20200531,POINT (-103.167132 32.689769),train
NA5120_E1508N0536__m_3210323_ne_13_060_20200531,POINT (-103.170564 32.735791),train
NA5120_E1508N0572__m_3410338_se_13_060_20200521,POINT (-103.298203 34.3922),train
NA5120_E1508N0580__m_3410314_sw_13_060_20200521,POINT (-103.327687 34.760187),train
NA5120_E1508N0585__m_3410306_nw_13_060_20200521,POINT (-103.34633 34.99016),test
NA5120_E1508N0606__m_3510305_ne_13_060_20200521,POINT (-103.426484 35.955878),train
NA5120_E1508N0754__m_4210416_sw_13_060_20220616,POINT (-104.090182 42.753582),train
NA5120_E1508N0778__m_4310415_nw_13_060_20190711,POINT (-104.217142 43.854406),train
NA5120_E1508N0836__m_4610428_se_13_060_20190713,POINT (-104.551493 46.512777),train
NA5120_E1508N0861__m_4710419_sw_13_060_20210613,POINT (-104.708982 47.657721),train
NA5120_E1508N0865__m_4710411_nw_13_060_20190718,POINT (-104.734996 47.840859),train
NA5120_E1509N0482__m_3010241_sw_13_060_20201016,POINT (-102.941623 30.252935),train
NA5120_E1509N0583__m_3410306_se_13_060_20200521,POINT (-103.283796 34.90157),train
NA5120_E1509N0599__m_3510322_sw_13_060_20200521,POINT (-103.343806 35.637447),train
NA5120_E1509N0639__m_3710336_ne_13_060_20190921,POINT (-103.501688 37.476444),train
NA5120_E1509N0646__m_3710312_se_13_060_20190921,POINT (-103.530533 37.798163),train
NA5120_E1509N0650__m_3710304_ne_13_060_20190921,POINT (-103.547186 37.981988),val
NA5120_E1509N0739__m_4210357_nw_13_060_20200711,POINT (-103.952568 42.069258),train
NA5120_E1509N0823__m_4510405_se_13_060_20190819,POINT (-104.407328 45.921454),val
NA5120_E1509N0851__m_4710452_nw_13_060_20210613,POINT (-104.577752 47.204212),test
NA5120_E1510N0481__m_3010249_ne_13_060_20201016,POINT (-102.886719 30.209974),train
NA5120_E1510N0483__m_3010241_se_13_060_20201016,POINT (-102.892863 30.302086),test
NA5120_E1510N0485__m_3010233_se_13_060_20201016,POINT (-102.899029 30.394196),train
NA5120_E1510N0493__m_3010209_se_13_060_20220927,POINT (-102.923901 30.762617),train
NA5120_E1510N0495__m_3010209_ne_13_060_20220927,POINT (-102.930172 30.854717),train
NA5120_E1510N0511__m_3110225_nw_13_060_20220927,POINT (-102.98112 31.591439),train
NA5120_E1510N0572__m_3410339_sw_13_060_20200521,POINT (-103.188843 34.398899),val
NA5120_E1510N0573__m_3410339_nw_13_060_20200521,POINT (-103.192438 34.444905),train
NA5120_E1510N0582__m_3410315_nw_13_060_20200521,POINT (-103.225075 34.858935),train
NA5120_E1510N0615__m_3610338_sw_13_060_20200603,POINT (-103.349368 36.376627),train
NA5120_E1510N0644__m_3710321_nw_13_060_20190921,POINT (-103.464946 37.709798),train
NA5120_E1510N0652__m_3810360_ne_13_060_20190921,POINT (-103.497938 38.077474),val
NA5120_E1510N0763__m_4310456_se_13_060_20210918,POINT (-104.012084 43.174434),train
NA5120_E1510N0764__m_4310456_ne_13_060_20210918,POINT (-104.017248 43.220312),train
NA5120_E1510N0858__m_4710428_se_13_060_20190710,POINT (-104.554397 47.529183),train
NA5120_E1510N0858__m_4710428_se_13_060_20210613,POINT (-104.554397 47.529183),train
NA5120_E1510N0862__m_4710420_nw_13_060_20190710,POINT (-104.579761 47.712371),train
NA5120_E1511N0488__m_3010226_sw_13_060_20201016,POINT (-102.856301 30.535438),train
NA5120_E1511N0496__m_3010201_se_13_060_20201016,POINT (-102.881062 30.903866),test
NA5120_E1511N0496__m_3010201_se_13_060_20220927,POINT (-102.881062 30.903866),test
NA5120_E1511N0736__m_4110302_nw_13_060_20200711,POINT (-103.815296 41.939284),val
NA5120_E1511N0736__m_4110302_nw_13_060_20220818,POINT (-103.815296 41.939284),val
NA5120_E1511N0747__m_4210333_ne_13_060_20200711,POINT (-103.869125 42.444163),train
NA5120_E1511N0747__m_4210333_ne_13_060_20220722,POINT (-103.869125 42.444163),train
NA5120_E1511N0767__m_4310341_nw_13_060_20210918,POINT (-103.970106 43.361894),val
NA5120_E1511N0770__m_4310325_sw_13_060_20200809,POINT (-103.985611 43.499527),train
NA5120_E1511N0770__m_4310325_sw_13_060_20210918,POINT (-103.985611 43.499527),train
NA5120_E1511N0824__m_4510406_ne_13_060_20190819,POINT (-104.281895 45.975706),train
NA5120_E1511N0865__m_4710412_ne_13_060_20210613,POINT (-104.530882 47.854135),test
NA5120_E1512N0470__m_2910218_ne_13_060_20220910,POINT (-102.750306 29.709362),train
NA5120_E1512N0477__m_3010258_se_13_060_20201016,POINT (-102.771102 30.03182),train
NA5120_E1512N0477__m_3010258_se_13_060_20220910,POINT (-102.771102 30.03182),train
NA5120_E1512N0494__m_3010210_nw_13_060_20220927,POINT (-102.822643 30.814827),train
NA5120_E1512N0579__m_3410324_nw_13_060_20200521,POINT (-103.104277 34.727542),train
NA5120_E1512N0748__m_4210326_sw_13_060_20200711,POINT (-103.812288 42.4939),train
NA5120_E1512N0805__m_4510464_nw_13_060_20210609,POINT (-104.109135 45.108798),train
NA5120_E1512N0857__m_4710437_ne_13_060_20210613,POINT (-104.412939 47.492032),train
NA5120_E1512N0888__m_4810404_sw_13_060_20190710,POINT (-104.611322 48.911682),train
NA5120_E1513N0486__m_3010234_ne_13_060_20201016,POINT (-102.746239 30.449387),train
NA5120_E1513N0496__m_3010202_se_13_060_20220927,POINT (-102.776543 30.909976),train
NA5120_E1513N0520__m_3210258_sw_13_060_20220927,POINT (-102.851422 32.015177),train
NA5120_E1513N0584__m_3410308_nw_13_060_20200521,POINT (-103.067079 34.960847),train
NA5120_E1513N0616__m_3610339_nw_13_060_20200603,POINT (-103.184481 36.4328),test
NA5120_E1513N0758__m_4210302_ne_13_060_20200711,POINT (-103.799612 42.956677),train
NA5120_E1513N0760__m_4310358_sw_13_060_20200711,POINT (-103.809556 43.048462),train
NA5120_E1513N0760__m_4310358_sw_13_060_20210918,POINT (-103.809556 43.048462),train
NA5120_E1513N0762__m_4310350_sw_13_060_20210918,POINT (-103.819541 43.140245),train
NA5120_E1513N0762__m_4310350_sw_13_060_20220820,POINT (-103.819541 43.140245),train
NA5120_E1513N0768__m_4310334_sw_13_060_20200809,POINT (-103.84974 43.415574),train
NA5120_E1513N0768__m_4310334_sw_13_060_20210918,POINT (-103.84974 43.415574),train
NA5120_E1513N0768__m_4310334_sw_13_060_20220820,POINT (-103.84974 43.415574),train
NA5120_E1513N0777__m_4310309_ne_13_060_20200809,POINT (-103.895741 43.828518),val
NA5120_E1513N0777__m_4310309_ne_13_060_20210918,POINT (-103.895741 43.828518),val
NA5120_E1513N0830__m_4610447_sw_13_060_20190627,POINT (-104.184903 46.259008),train
NA5120_E1513N0836__m_4610431_sw_13_060_20190627,POINT (-104.219744 46.534014),val
NA5120_E1513N0845__m_4610406_ne_13_060_20210607,POINT (-104.272866 46.946466),train
NA5120_E1514N0510__m_3110226_ne_13_060_20220917,POINT (-102.767156 31.557758),train
NA5120_E1514N0603__m_3510316_nw_13_060_20200521,POINT (-103.080173 35.838187),train
NA5120_E1514N0846__m_4710463_sw_13_060_20210613,POINT (-104.211877 46.996459),test
NA5120_E1514N0876__m_4810437_se_13_060_20210614,POINT (-104.395375 48.370906),train
NA5120_E1515N0476__m_3010260_sw_13_060_20201016,POINT (-102.61309 29.994643),train
NA5120_E1515N0630__m_3710363_ne_13_060_20190918,POINT (-103.124445 37.083298),train
NA5120_E1515N0651__m_3810363_sw_13_060_20190921,POINT (-103.205792 38.048875),train
NA5120_E1515N0747__m_4210335_ne_13_060_20200711,POINT (-103.622109 42.459295),val
NA5120_E1515N0751__m_4210319_se_13_060_20200711,POINT (-103.641219 42.642925),train
NA5120_E1515N0764__m_4310351_nw_13_060_20200809,POINT (-103.704403 43.239643),train
NA5120_E1515N0764__m_4310351_nw_13_060_20210918,POINT (-103.704403 43.239643),train
NA5120_E1515N0764__m_4310351_nw_13_060_20220820,POINT (-103.704403 43.239643),train
NA5120_E1515N0825__m_4610464_se_13_060_20220818,POINT (-104.024676 46.037927),train
NA5120_E1516N0471__m_2910212_se_13_060_20201005,POINT (-102.547132 29.767173),train
NA5120_E1516N0487__m_3010228_sw_13_060_20201016,POINT (-102.593242 30.504325),train
NA5120_E1516N0490__m_3010220_sw_13_060_20201016,POINT (-102.602028 30.642527),train
NA5120_E1516N0574__m_3410225_se_13_060_20200922,POINT (-102.867431 34.510279),train
NA5120_E1516N0574__m_3410226_sw_13_060_20220906,POINT (-102.867431 34.510279),train
NA5120_E1516N0624__m_3610316_ne_13_060_20200603,POINT (-103.045201 36.810658),test
NA5120_E1516N0624__m_3610316_ne_13_060_20210424,POINT (-103.045201 36.810658),test
NA5120_E1516N0788__m_4410342_ne_13_060_20210918,POINT (-103.761761 44.344793),test
NA5120_E1517N0510__m_3110228_nw_13_060_20220926,POINT (-102.60906 31.566711),train
NA5120_E1517N0531__m_3210227_se_13_060_20220926,POINT (-102.673372 32.533832),test
NA5120_E1517N0557__m_3310218_ne_13_060_20220906,POINT (-102.756321 33.730898),train
NA5120_E1517N0573__m_3410234_nw_13_060_20220906,POINT (-102.809286 34.467371),train
NA5120_E1517N0601__m_3510209_se_13_060_20220828,POINT (-102.905692 35.755854),train
NA5120_E1517N0777__m_4310311_ne_13_060_20210918,POINT (-103.642797 43.843803),train
NA5120_E1517N0777__m_4310311_ne_13_060_20220720,POINT (-103.642797 43.843803),train
NA5120_E1517N0789__m_4410335_sw_13_060_20210918,POINT (-103.703028 44.394486),train
NA5120_E1517N0825__m_4610357_se_13_060_20220729,POINT (-103.893101 46.045879),train
NA5120_E1517N0826__m_4610357_ne_13_060_20220729,POINT (-103.898592 46.091737),val
NA5120_E1518N0493__m_3010212_se_13_060_20201016,POINT (-102.50648 30.786522),train
NA5120_E1518N0507__m_3110236_ne_13_060_20200922,POINT (-102.547446 31.43145),train
NA5120_E1518N0519__m_3110204_nw_13_060_20220926,POINT (-102.583351 31.984165),train
NA5120_E1518N0531__m_3210227_se_13_060_20220926,POINT (-102.620007 32.536807),train
NA5120_E1518N0535__m_3210219_ne_13_060_20220926,POINT (-102.632397 32.721005),train
NA5120_E1518N0581__m_3410210_ne_13_060_20220906,POINT (-102.781307 34.838657),train
NA5120_E1518N0708__m_4010322_se_13_060_20210717,POINT (-103.263569 40.678861),train
NA5120_E1518N0714__m_4010306_ne_13_060_20210717,POINT (-103.289354 40.954526),train
NA5120_E1518N0759__m_4310360_se_13_060_20210918,POINT (-103.492831 43.02124),train
NA5120_E1518N0759__m_4310361_sw_13_060_20220820,POINT (-103.492831 43.02124),train
NA5120_E1518N0768__m_4310336_ne_13_060_20200813,POINT (-103.535786 43.434413),test
NA5120_E1518N0768__m_4310336_ne_13_060_20210918,POINT (-103.535786 43.434413),test
NA5120_E1518N0768__m_4310336_ne_13_060_20220720,POINT (-103.535786 43.434413),test
NA5120_E1518N0771__m_4310328_ne_13_060_20200816,POINT (-103.550281 43.572125),train
NA5120_E1518N0771__m_4310328_ne_13_060_20210918,POINT (-103.550281 43.572125),train
NA5120_E1518N0771__m_4310328_ne_13_060_20220720,POINT (-103.550281 43.572125),train
NA5120_E1518N0775__m_4310312_sw_13_060_20210918,POINT (-103.569747 43.75573),train
NA5120_E1518N0787__m_4410343_ne_13_060_20210918,POINT (-103.629119 44.306476),train
NA5120_E1518N0787__m_4410343_ne_13_060_20220720,POINT (-103.629119 44.306476),train
NA5120_E1518N0798__m_4410311_nw_13_060_20200809,POINT (-103.684861 44.811233),train
NA5120_E1518N0841__m_4610309_se_13_060_20220729,POINT (-103.915686 46.783489),train
NA5120_E1518N0870__m_4810464_nw_13_060_20210613,POINT (-104.084016 48.112781),train
NA5120_E1518N0889__m_4810407_nw_13_060_20190713,POINT (-104.20038 48.983313),train
NA5120_E1519N0478__m_3010261_ne_13_060_20201016,POINT (-102.411907 30.09824),train
NA5120_E1519N0479__m_3010253_se_13_060_20201016,POINT (-102.414699 30.144319),val
NA5120_E1519N0515__m_3110212_se_13_060_20220926,POINT (-102.518435 31.802841),val
NA5120_E1519N0516__m_3110212_ne_13_060_20220926,POINT (-102.521409 31.848901),train
NA5120_E1519N0573__m_3410235_nw_13_060_20200922,POINT (-102.699772 34.473503),test
NA5120_E1519N0577__m_3410219_sw_13_060_20200922,POINT (-102.712974 34.65762),test
NA5120_E1519N0582__m_3410203_sw_13_060_20220828,POINT (-102.72961 34.887754),train
NA5120_E1519N0745__m_4210337_se_13_060_20200716,POINT (-103.365852 42.381983),test
NA5120_E1519N0766__m_4310345_nw_13_060_20200813,POINT (-103.463456 43.346248),train
NA5120_E1519N0766__m_4310345_nw_13_060_20210918,POINT (-103.463456 43.346248),train
NA5120_E1519N0768__m_4310337_nw_13_060_20200813,POINT (-103.472971 43.438067),val
NA5120_E1519N0768__m_4310337_nw_13_060_20210918,POINT (-103.472971 43.438067),val
NA5120_E1519N0768__m_4310337_nw_13_060_20220820,POINT (-103.472971 43.438067),val
NA5120_E1519N0791__m_4410328_sw_13_060_20210830,POINT (-103.585258 44.493775),train
NA5120_E1519N0791__m_4410328_sw_13_060_20220720,POINT (-103.585258 44.493775),train
NA5120_E1519N0791__m_4410336_nw_13_060_20210918,POINT (-103.585258 44.493775),train
NA5120_E1519N0829__m_4610350_ne_13_060_20220729,POINT (-103.783074 46.237129),test
NA5120_E1520N0522__m_3210253_sw_13_060_20220926,POINT (-102.486272 32.128147),train
NA5120_E1520N0590__m_3510243_sw_13_060_20220828,POINT (-102.701183 35.259003),train
NA5120_E1520N0755__m_4210314_nw_13_060_20200716,POINT (-103.349625 42.844764),train
NA5120_E1520N0767__m_4310337_se_13_060_20200813,POINT (-103.405435 43.39577),train
NA5120_E1520N0767__m_4310337_se_13_060_20210918,POINT (-103.405435 43.39577),train
NA5120_E1520N0767__m_4310337_se_13_060_20220820,POINT (-103.405435 43.39577),train
NA5120_E1520N0789__m_4410336_se_13_060_20200806,POINT (-103.511394 44.405683),train
NA5120_E1520N0789__m_4410336_se_13_060_20210918,POINT (-103.511394 44.405683),train
NA5120_E1520N0789__m_4410336_se_13_060_20220720,POINT (-103.511394 44.405683),train
NA5120_E1520N0872__m_4810349_nw_13_060_20210928,POINT (-103.958882 48.212545),train
NA5120_E1520N0872__m_4810349_nw_13_060_20220804,POINT (-103.958882 48.212545),train
NA5120_E1521N0555__m_3310220_se_13_060_20220906,POINT (-102.533193 33.650781),train
NA5120_E1521N0703__m_4010340_nw_13_060_20210717,POINT (-103.062911 40.459301),train
NA5120_E1521N0767__m_4310338_sw_13_060_20200813,POINT (-103.342654 43.399344),train
NA5120_E1521N0767__m_4310338_sw_13_060_20210918,POINT (-103.342654 43.399344),train
NA5120_E1521N0767__m_4310338_sw_13_060_20220820,POINT (-103.342654 43.399344),train
NA5120_E1521N0797__m_4410313_sw_13_060_20210830,POINT (-103.486828 44.776522),train
NA5120_E1521N0797__m_4410313_sw_13_060_20220720,POINT (-103.486828 44.776522),train
NA5120_E1521N0800__m_4410304_se_13_060_20210830,POINT (-103.501747 44.914205),train
NA5120_E1521N0811__m_4510336_se_13_060_20210918,POINT (-103.557268 45.418983),train
NA5120_E1521N0811__m_4510336_sw_13_060_20210830,POINT (-103.557268 45.418983),train
NA5120_E1521N0815__m_4510328_nw_13_060_20210918,POINT (-103.57778 45.602517),train
NA5120_E1522N0518__m_3110205_ne_13_060_20200930,POINT (-102.368472 31.949577),train
NA5120_E1522N0536__m_3210213_se_13_060_20220926,POINT (-102.421366 32.778693),train
NA5120_E1522N0874__m_4810342_nw_13_060_20210928,POINT (-103.833264 48.312171),train
NA5120_E1522N0874__m_4810342_nw_13_060_20220804,POINT (-103.833264 48.312171),train
NA5120_E1523N0497__m_3010206_ne_13_060_20201016,POINT (-102.256474 30.984814),test
NA5120_E1523N0512__m_3110222_se_13_060_20200922,POINT (-102.298416 31.675946),train
NA5120_E1523N0649__m_3710203_nw_13_060_20210708,POINT (-102.737445 37.982881),train
NA5120_E1523N0678__m_3910242_nw_13_060_20190914,POINT (-102.845347 39.316578),train
NA5120_E1523N0707__m_4010217_sw_13_060_20210717,POINT (-102.959394 40.649765),train
NA5120_E1523N0714__m_4010201_nw_13_060_20210717,POINT (-102.987898 40.97149),train
NA5120_E1523N0718__m_4110356_se_13_060_20200707,POINT (-103.004362 41.155319),train
NA5120_E1523N0782__m_4410362_ne_13_060_20220720,POINT (-103.286525 44.095154),train
NA5120_E1523N0798__m_4410313_ne_13_060_20210830,POINT (-103.363034 44.829676),train
NA5120_E1523N0814__m_4510329_nw_13_060_20210918,POINT (-103.442162 45.564016),train
NA5120_E1523N0848__m_4710351_se_13_060_20190725,POINT (-103.619605 47.123863),train
NA5120_E1524N0479__m_3010255_se_13_060_20201003,POINT (-102.155742 30.157987),train
NA5120_E1524N0496__m_3010207_nw_13_060_20201016,POINT (-102.201413 30.941446),val
NA5120_E1524N0561__m_3310205_ne_13_060_20200922,POINT (-102.388899 33.935721),val
NA5120_E1524N0566__m_3410253_se_13_060_20200922,POINT (-102.404224 34.165961),train
NA5120_E1524N0660__m_3810227_sw_13_060_20210723,POINT (-102.719658 38.491947),test
NA5120_E1524N0782__m_4410363_nw_13_060_20220720,POINT (-103.222966 44.098666),train
NA5120_E1524N0819__m_4510313_se_13_060_20210918,POINT (-103.401922 45.79711),train
NA5120_E1524N0874__m_4810343_nw_13_060_20210928,POINT (-103.695781 48.319964),train
NA5120_E1524N0874__m_4810343_nw_13_060_20220804,POINT (-103.695781 48.319964),train
NA5120_E1525N0517__m_3110207_sw_13_060_20200924,POINT (-102.206742 31.911784),train
NA5120_E1525N0539__m_3210206_se_13_060_20200923,POINT (-102.269405 32.925289),train
NA5120_E1525N0561__m_3310206_nw_13_060_20200922,POINT (-102.334522 33.938551),train
NA5120_E1525N0651__m_3810259_ne_13_060_20190918,POINT (-102.62937 38.081035),train
NA5120_E1525N0651__m_3810259_ne_13_060_20210723,POINT (-102.62937 38.081035),train
NA5120_E1525N0677__m_3910243_sw_13_060_20190914,POINT (-102.724087 39.276905),test
NA5120_E1525N0685__m_3910218_se_13_060_20210718,POINT (-102.754185 39.644784),test
NA5120_E1525N0699__m_4010242_se_13_060_20210717,POINT (-102.807983 40.28848),train
NA5120_E1525N0760__m_4310364_nw_13_060_20220713,POINT (-103.060453 43.091728),train
NA5120_E1525N0781__m_4410363_ne_13_060_20200809,POINT (-103.154803 44.05622),train
NA5120_E1525N0781__m_4410363_ne_13_060_20220713,POINT (-103.154803 44.05622),train
NA5120_E1525N0806__m_4510354_ne_13_060_20210918,POINT (-103.272621 45.204031),train
NA5120_E1525N0806__m_4510354_ne_13_060_20220713,POINT (-103.272621 45.204031),train
NA5120_E1525N0827__m_4610353_se_13_060_20220729,POINT (-103.376522 46.167852),train
NA5120_E1525N0884__m_4810311_sw_13_060_20190725,POINT (-103.683798 48.782288),train
NA5120_E1525N0884__m_4810311_sw_13_060_20210928,POINT (-103.683798 48.782288),train
NA5120_E1525N0884__m_4810311_sw_13_060_20220804,POINT (-103.683798 48.782288),train
NA5120_E1526N0539__m_3210207_sw_13_060_20220905,POINT (-102.21575 32.928036),train
NA5120_E1526N0560__m_3310206_se_13_060_20200922,POINT (-102.277159 33.895295),train
NA5120_E1526N0639__m_3710228_se_13_060_20210729,POINT (-102.52999 37.531958),train
NA5120_E1526N0670__m_3810203_ne_13_060_20190914,POINT (-102.639687 38.95806),train
NA5120_E1526N0817__m_4510322_ne_13_060_20200711,POINT (-103.261032 45.712491),train
NA5120_E1526N0817__m_4510322_ne_13_060_20210918,POINT (-103.261032 45.712491),train
NA5120_E1526N0817__m_4510322_ne_13_060_20220713,POINT (-103.261032 45.712491),train
NA5120_E1526N0820__m_4510314_ne_13_060_20200711,POINT (-103.275771 45.850187),test
NA5120_E1526N0820__m_4510314_ne_13_060_20210830,POINT (-103.275771 45.850187),test
NA5120_E1526N0820__m_4510314_ne_13_060_20220713,POINT (-103.275771 45.850187),test
NA5120_E1526N0848__m_4710353_se_13_060_20220808,POINT (-103.41805 47.135034),test
NA5120_E1526N0852__m_4710345_nw_13_060_20210924,POINT (-103.439096 47.318537),train
NA5120_E1526N0852__m_4710345_nw_13_060_20220808,POINT (-103.439096 47.318537),train
NA5120_E1526N0853__m_4710345_nw_13_060_20210924,POINT (-103.444386 47.364411),train
NA5120_E1526N0853__m_4710345_nw_13_060_20220808,POINT (-103.444386 47.364411),train
NA5120_E1526N0888__m_4810303_ne_13_060_20210928,POINT (-103.637219 48.969512),train
NA5120_E1526N0888__m_4810303_ne_13_060_20220804,POINT (-103.637219 48.969512),train
NA5120_E1527N0781__m_4410364_ne_13_060_20220713,POINT (-103.027748 44.063044),train
NA5120_E1527N0853__m_4710337_se_13_060_20220808,POINT (-103.376886 47.368072),train
NA5120_E1527N0862__m_4710313_se_13_060_20210924,POINT (-103.424493 47.780938),train
NA5120_E1528N0519__m_3210264_se_13_060_20220923,POINT (-102.053279 32.011945),train
NA5120_E1528N0534__m_3210224_nw_13_060_20200924,POINT (-102.094462 32.703082),train
NA5120_E1528N0549__m_3310239_se_13_060_20200923,POINT (-102.136736 33.39411),val
NA5120_E1528N0622__m_3610214_sw_13_060_20190621,POINT (-102.359353 36.755472),train
NA5120_E1528N0622__m_3610214_sw_13_060_20210424,POINT (-102.359353 36.755472),train
NA5120_E1528N0653__m_3810253_nw_13_060_20210723,POINT (-102.463222 38.182038),train
NA5120_E1528N0744__m_4210242_ne_13_060_20200722,POINT (-102.806099 42.366489),val
NA5120_E1528N0761__m_4310249_se_13_060_20200722,POINT (-102.877264 43.147638),val
NA5120_E1528N0815__m_4510323_se_13_060_20210830,POINT (-103.120589 45.62768),train
NA5120_E1528N0832__m_4610339_sw_13_060_20190821,POINT (-103.203122 46.408022),val
NA5120_E1528N0867__m_4810361_se_13_060_20220804,POINT (-103.383002 48.013958),test
NA5120_E1528N0877__m_4810337_nw_13_060_20211027,POINT (-103.437024 48.47263),train
NA5120_E1528N0879__m_4810329_nw_13_060_20190725,POINT (-103.447976 48.564356),train
NA5120_E1528N0879__m_4810329_nw_13_060_20211027,POINT (-103.447976 48.564356),train
NA5120_E1528N0879__m_4810329_nw_13_060_20220804,POINT (-103.447976 48.564356),train
NA5120_E1528N0886__m_4810305_sw_13_060_20210928,POINT (-103.486702 48.885371),train
NA5120_E1528N0886__m_4810305_sw_13_060_20220804,POINT (-103.486702 48.885371),train
NA5120_E1529N0494__m_3010109_ne_14_060_20220923,POINT (-101.934705 30.862368),train
NA5120_E1529N0845__m_4710363_sw_13_060_20210924,POINT (-103.201274 47.008163),test
NA5120_E1529N0845__m_4710363_sw_13_060_20220808,POINT (-103.201274 47.008163),test
NA5120_E1529N0862__m_4710314_se_13_060_20210924,POINT (-103.288383 47.788207),test
NA5120_E1529N0862__m_4710314_se_13_060_20220808,POINT (-103.288383 47.788207),test
NA5120_E1530N0513__m_3110117_ne_14_060_20200907,POINT (-101.931419 31.740624),train
NA5120_E1530N0705__m_4010228_ne_13_060_20210717,POINT (-102.531805 40.579876),train
NA5120_E1530N0762__m_4310250_ne_13_060_20200722,POINT (-102.756333 43.20005),train
NA5120_E1530N0785__m_4410242_sw_13_060_20200805,POINT (-102.854523 44.256739),train
NA5120_E1530N0803__m_4510257_nw_13_060_20210918,POINT (-102.93471 45.083473),train
NA5120_E1530N0803__m_4510257_nw_13_060_20220713,POINT (-102.93471 45.083473),train
NA5120_E1530N0815__m_4510217_sw_13_060_20200711,POINT (-102.989886 45.634509),val
NA5120_E1530N0815__m_4510217_sw_13_060_20210830,POINT (-102.989886 45.634509),val
NA5120_E1530N0815__m_4510217_sw_13_060_20220713,POINT (-102.989886 45.634509),val
NA5120_E1530N0835__m_4610332_sw_13_060_20220801,POINT (-103.085059 46.552685),train
NA5120_E1530N0857__m_4710331_nw_13_060_20210924,POINT (-103.194653 47.562356),train
NA5120_E1530N0857__m_4710331_nw_13_060_20220808,POINT (-103.194653 47.562356),train
NA5120_E1530N0870__m_4810354_se_13_060_20220804,POINT (-103.261971 48.158816),train
NA5120_E1530N0887__m_4810306_nw_13_060_20210930,POINT (-103.353033 48.938615),test
NA5120_E1530N0887__m_4810306_nw_13_060_20220804,POINT (-103.353033 48.938615),test
NA5120_E1531N0485__m_3010134_ne_14_060_20201010,POINT (-101.807793 30.452498),val
NA5120_E1531N0535__m_3210109_sw_14_060_20200906,POINT (-101.936626 32.756996),train
NA5120_E1531N0537__m_3210109_nw_14_060_20200906,POINT (-101.942015 32.849152),train
NA5120_E1531N0548__m_3310141_nw_14_060_20200906,POINT (-101.971991 33.355973),val
NA5120_E1531N0555__m_3310224_ne_13_060_20200923,POINT (-101.99137 33.678464),train
NA5120_E1531N0587__m_3510256_sw_13_060_20220828,POINT (-102.083087 35.152402),train
NA5120_E1531N0588__m_3510256_nw_13_060_20220828,POINT (-102.086039 35.198454),train
NA5120_E1531N0703__m_4010237_nw_13_060_20210717,POINT (-102.46451 40.490904),train
NA5120_E1531N0757__m_4210203_ne_13_060_20200722,POINT (-102.673231 42.973451),train
NA5120_E1531N0793__m_4410218_sw_13_060_20210918,POINT (-102.825605 44.627481),train
NA5120_E1531N0793__m_4410218_sw_13_060_20220713,POINT (-102.825605 44.627481),train
NA5120_E1531N0795__m_4410218_nw_13_060_20210918,POINT (-102.834409 44.719347),val
NA5120_E1531N0795__m_4410218_nw_13_060_20220713,POINT (-102.834409 44.719347),val
NA5120_E1531N0818__m_4510209_sw_13_060_20210830,POINT (-102.938373 45.775618),train
NA5120_E1531N0861__m_4710315_se_13_060_20210924,POINT (-103.14714 47.74942),train
NA5120_E1531N0861__m_4710315_se_13_060_20220808,POINT (-103.14714 47.74942),train
NA5120_E1531N0886__m_4810306_se_13_060_20210930,POINT (-103.278001 48.896375),train
NA5120_E1531N0886__m_4810306_se_13_060_20220804,POINT (-103.278001 48.896375),train
NA5120_E1532N0619__m_3610223_se_13_060_20190621,POINT (-102.123768 36.628561),val
NA5120_E1532N0636__m_3710239_se_13_060_20210729,POINT (-102.177091 37.411136),train
NA5120_E1532N0671__m_3910262_se_13_060_20190914,POINT (-102.292341 39.02183),val
NA5120_E1532N0789__m_4410234_ne_13_060_20200805,POINT (-102.744127 44.446967),train
NA5120_E1532N0789__m_4410234_ne_13_060_20210918,POINT (-102.744127 44.446967),train
NA5120_E1532N0789__m_4410234_ne_13_060_20220713,POINT (-102.744127 44.446967),train
NA5120_E1533N0512__m_3110118_ne_14_060_20220923,POINT (-101.770342 31.70205),train
NA5120_E1533N0552__m_3310125_se_14_060_20200906,POINT (-101.874824 33.545403),train
NA5120_E1533N0552__m_3310125_se_14_060_20220904,POINT (-101.874824 33.545403),train
NA5120_E1533N0674__m_3910254_se_13_060_20190914,POINT (-102.243937 39.162706),train
NA5120_E1533N0678__m_3910246_ne_13_060_20190914,POINT (-102.257512 39.346747),train
NA5120_E1533N0680__m_3910238_ne_13_060_20210722,POINT (-102.264338 39.438763),train
NA5120_E1533N0754__m_4210212_ne_13_060_20200722,POINT (-102.53658 42.841768),train
NA5120_E1533N0758__m_4310260_se_13_060_20200722,POINT (-102.55247 43.025622),val
NA5120_E1533N0768__m_4310236_nw_13_060_20200722,POINT (-102.592766 43.485214),train
NA5120_E1533N0768__m_4310236_nw_13_060_20220713,POINT (-102.592766 43.485214),train
NA5120_E1533N0808__m_4510242_ne_13_060_20200717,POINT (-102.76256 45.322954),test
NA5120_E1533N0808__m_4510242_ne_13_060_20210918,POINT (-102.76256 45.322954),test
NA5120_E1533N0808__m_4510242_ne_13_060_20220713,POINT (-102.76256 45.322954),test
NA5120_E1533N0862__m_4710316_se_13_060_20220808,POINT (-103.016048 47.802239),train
NA5120_E1533N0863__m_4710316_ne_13_060_20220808,POINT (-103.021032 47.848132),train
NA5120_E1534N0515__m_3110111_nw_14_060_20220924,POINT (-101.72501 31.842777),train
NA5120_E1534N0533__m_3210118_se_14_060_20220923,POINT (-101.770798 32.67239),train
NA5120_E1534N0537__m_3210110_ne_14_060_20200907,POINT (-101.781169 32.856728),val
NA5120_E1534N0544__m_3310150_ne_14_060_20200907,POINT (-101.799493 33.179302),train
NA5120_E1534N0558__m_3310110_nw_14_060_20220906,POINT (-101.836825 33.824379),train
NA5120_E1534N0559__m_3310102_sw_14_060_20220906,POINT (-101.839527 33.870452),train
NA5120_E1534N0561__m_3310102_nw_14_060_20200924,POINT (-101.844945 33.962597),train
NA5120_E1534N0561__m_3310102_nw_14_060_20220906,POINT (-101.844945 33.962597),train
NA5120_E1534N0563__m_3410158_nw_14_060_20200923,POINT (-101.850382 34.054741),train
NA5120_E1534N0627__m_3710264_se_13_060_20210729,POINT (-102.035099 37.002276),train
NA5120_E1534N0662__m_3810231_ne_13_060_20190918,POINT (-102.145673 38.613316),train
NA5120_E1534N0670__m_3810207_ne_13_060_20190914,POINT (-102.171984 38.981461),train
NA5120_E1534N0723__m_4110238_sw_13_060_20200805,POINT (-102.3569 41.419522),train
NA5120_E1534N0779__m_4310204_nw_13_060_20220713,POINT (-102.574578 43.993809),train
NA5120_E1534N0784__m_4410252_nw_13_060_20220713,POINT (-102.595252 44.223563),val
NA5120_E1534N0797__m_4410211_ne_13_060_20210918,POINT (-102.650025 44.820851),train
NA5120_E1534N0797__m_4410211_ne_13_060_20220713,POINT (-102.650025 44.820851),train
NA5120_E1534N0834__m_4610226_sw_13_060_20200627,POINT (-102.814438 46.520229),train
NA5120_E1534N0834__m_4610226_sw_13_060_20220801,POINT (-102.814438 46.520229),train
NA5120_E1534N0837__m_4610218_sw_13_060_20220801,POINT (-102.828352 46.657977),train
NA5120_E1534N0859__m_4710217_sw_13_060_20210924,POINT (-102.933238 47.667944),train
NA5120_E1534N0859__m_4710217_sw_13_060_20220808,POINT (-102.933238 47.667944),train
NA5120_E1534N0861__m_4710209_sw_13_060_20220808,POINT (-102.943029 47.759743),train
NA5120_E1534N0864__m_4710201_sw_13_060_20210924,POINT (-102.957798 47.897436),train
NA5120_E1535N0552__m_3310126_se_14_060_20200907,POINT (-101.766598 33.550424),train
NA5120_E1535N0552__m_3310126_se_14_060_20220906,POINT (-101.766598 33.550424),train
NA5120_E1535N0625__m_3610101_sw_14_060_20190621,POINT (-101.972288 36.912855),train
NA5120_E1535N0641__m_3710224_se_13_060_20210729,POINT (-102.021141 37.649466),train
NA5120_E1535N0814__m_4510227_ne_13_060_20200712,POINT (-102.658612 45.604948),train
NA5120_E1535N0836__m_4610226_ne_13_060_20190729,POINT (-102.757127 46.615329),train
NA5120_E1535N0836__m_4610226_ne_13_060_20200627,POINT (-102.757127 46.615329),train
NA5120_E1535N0836__m_4610226_ne_13_060_20220801,POINT (-102.757127 46.615329),train
NA5120_E1535N0837__m_4610218_se_13_060_20190729,POINT (-102.761718 46.661247),train
NA5120_E1535N0837__m_4610218_se_13_060_20200627,POINT (-102.761718 46.661247),train
NA5120_E1535N0837__m_4610218_se_13_060_20220801,POINT (-102.761718 46.661247),train
NA5120_E1535N0842__m_4610202_se_13_060_20190729,POINT (-102.784822 46.890832),train
NA5120_E1535N0842__m_4610202_se_13_060_20220801,POINT (-102.784822 46.890832),train
NA5120_E1535N0850__m_4710242_sw_13_060_20190718,POINT (-102.822319 47.258132),train
NA5120_E1535N0850__m_4710242_sw_13_060_20200805,POINT (-102.822319 47.258132),train
NA5120_E1535N0850__m_4710242_sw_13_060_20210927,POINT (-102.822319 47.258132),train
NA5120_E1535N0850__m_4710242_sw_13_060_20220808,POINT (-102.822319 47.258132),train
NA5120_E1535N0886__m_4810308_se_13_060_20210928,POINT (-102.999591 48.910443),train
NA5120_E1535N0886__m_4810308_se_13_060_20220804,POINT (-102.999591 48.910443),train
NA5120_E1536N0470__m_2910112_se_14_060_20201010,POINT (-101.513399 29.772736),val
NA5120_E1536N0481__m_3010144_se_14_060_20201010,POINT (-101.538509 30.280003),train
NA5120_E1536N0541__m_3310159_sw_14_060_20200907,POINT (-101.684104 33.045971),train
NA5120_E1536N0552__m_3310127_sw_14_060_20200907,POINT (-101.712479 33.552887),test
NA5120_E1536N0560__m_3310103_sw_14_060_20200924,POINT (-101.733464 33.921517),val
NA5120_E1536N0573__m_3410126_se_14_060_20220906,POINT (-101.768204 34.520475),train
NA5120_E1536N0574__m_3410126_ne_14_060_20220906,POINT (-101.77091 34.566546),train
NA5120_E1536N0621__m_3610117_ne_14_060_20190621,POINT (-101.903738 36.731297),train
NA5120_E1536N0682__m_3910232_sw_13_060_20210722,POINT (-102.094232 39.539177),train
NA5120_E1536N0695__m_4010255_se_13_060_20210717,POINT (-102.137757 40.137319),train
NA5120_E1536N0715__m_4110263_nw_13_060_20200707,POINT (-102.2069 41.057356),train
NA5120_E1536N0823__m_4610259_se_13_060_20190725,POINT (-102.632502 46.021504),train
NA5120_E1536N0823__m_4610259_se_13_060_20210927,POINT (-102.632502 46.021504),train
NA5120_E1536N0823__m_4610259_se_13_060_20220801,POINT (-102.632502 46.021504),train
NA5120_E1536N0834__m_4610227_se_13_060_20190725,POINT (-102.681506 46.526707),test
NA5120_E1536N0834__m_4610227_se_13_060_20210927,POINT (-102.681506 46.526707),test
NA5120_E1536N0834__m_4610227_se_13_060_20220801,POINT (-102.681506 46.526707),test
NA5120_E1536N0834__m_4610227_sw_13_060_20200627,POINT (-102.681506 46.526707),test
NA5120_E1536N0852__m_4710242_ne_13_060_20210927,POINT (-102.764275 47.353232),val
NA5120_E1536N0861__m_4710210_se_13_060_20210927,POINT (-102.80691 47.766414),train
NA5120_E1536N0861__m_4710210_se_13_060_20220808,POINT (-102.80691 47.766414),train
NA5120_E1537N0484__m_3010136_se_14_060_20201010,POINT (-101.493452 30.420639),train
NA5120_E1537N0519__m_3210160_sw_14_060_20220924,POINT (-101.575908 32.034338),train
NA5120_E1537N0538__m_3210103_se_14_060_20220906,POINT (-101.622798 32.910115),train
NA5120_E1537N0546__m_3310143_se_14_060_20220906,POINT (-101.643011 33.278814),test
NA5120_E1537N0549__m_3310135_se_14_060_20200907,POINT (-101.650664 33.417069),test
NA5120_E1537N0552__m_3310127_ne_14_060_20200907,POINT (-101.658357 33.555319),train
NA5120_E1537N0552__m_3310127_ne_14_060_20220906,POINT (-101.658357 33.555319),train
NA5120_E1537N0728__m_4110223_sw_13_060_20220827,POINT (-102.192296 41.65811),train
NA5120_E1537N0730__m_4110215_sw_13_060_20200707,POINT (-102.199452 41.750092),train
NA5120_E1537N0755__m_4210206_se_13_060_20200708,POINT (-102.291362 42.899672),train
NA5120_E1537N0756__m_4210206_ne_13_060_20200708,POINT (-102.295136 42.945648),train
NA5120_E1537N0756__m_4210206_ne_13_060_20200722,POINT (-102.295136 42.945648),train
NA5120_E1537N0756__m_4210206_ne_13_060_20220827,POINT (-102.295136 42.945648),train
NA5120_E1537N0762__m_4310254_nw_13_060_20200806,POINT (-102.31794 43.22149),train
NA5120_E1537N0804__m_4510253_sw_13_060_20200712,POINT (-102.485731 45.151777),train
NA5120_E1537N0804__m_4510253_sw_13_060_20210918,POINT (-102.485731 45.151777),train
NA5120_E1537N0807__m_4510244_se_13_060_20200712,POINT (-102.49829 45.289613),train
NA5120_E1537N0824__m_4610260_nw_13_060_20210927,POINT (-102.570999 46.070579),test
NA5120_E1537N0824__m_4610260_nw_13_060_20220801,POINT (-102.570999 46.070579),test
NA5120_E1537N0871__m_4810250_ne_13_060_20210928,POINT (-102.786612 48.22875),train
NA5120_E1537N0878__m_4810226_sw_13_060_20210928,POINT (-102.8207 48.550053),val
NA5120_E1537N0878__m_4810226_sw_13_060_20220804,POINT (-102.8207 48.550053),val
NA5120_E1537N0883__m_4810210_sw_13_060_20210928,POINT (-102.845382 48.779536),test
NA5120_E1537N0883__m_4810210_sw_13_060_20220804,POINT (-102.845382 48.779536),test
NA5120_E1538N0516__m_3110104_se_14_060_20200930,POINT (-101.515681 31.898372),train
NA5120_E1538N0516__m_3110104_se_14_060_20220924,POINT (-101.515681 31.898372),train
NA5120_E1538N0559__m_3310103_se_14_060_20200924,POINT (-101.622108 33.880301),train
NA5120_E1538N0610__m_3610150_ne_14_060_20220901,POINT (-101.759313 36.229832),train
NA5120_E1538N0619__m_3610118_se_14_060_20190621,POINT (-101.784867 36.644323),train
NA5120_E1538N0698__m_4010248_se_13_060_20210709,POINT (-102.028589 40.280844),train
NA5120_E1538N0736__m_4210263_se_13_060_20220827,POINT (-102.159689 42.028861),train
NA5120_E1538N0757__m_4210207_nw_13_060_20200708,POINT (-102.23651 42.994519),test
NA5120_E1538N0757__m_4210207_nw_13_060_20200722,POINT (-102.23651 42.994519),test
NA5120_E1538N0758__m_4310262_se_13_060_20200722,POINT (-102.24025 43.040497),train
NA5120_E1538N0758__m_4310262_se_13_060_20220827,POINT (-102.24025 43.040497),train
NA5120_E1538N0783__m_4410254_nw_13_060_20200805,POINT (-102.336291 44.18974),train
NA5120_E1538N0801__m_4510261_se_13_060_20200805,POINT (-102.408593 45.016964),test
NA5120_E1538N0801__m_4510261_se_13_060_20210918,POINT (-102.408593 45.016964),test
NA5120_E1538N0801__m_4510261_se_13_060_20220713,POINT (-102.408593 45.016964),test
NA5120_E1538N0812__m_4510229_sw_13_060_20200712,POINT (-102.454148 45.522392),train
NA5120_E1538N0812__m_4510229_sw_13_060_20210918,POINT (-102.454148 45.522392),train
NA5120_E1538N0815__m_4510221_sw_13_060_20210918,POINT (-102.466759 45.660223),train
NA5120_E1538N0815__m_4510221_sw_13_060_20220713,POINT (-102.466759 45.660223),train
NA5120_E1538N0877__m_4810226_se_13_060_20220804,POINT (-102.746724 48.507443),test
NA5120_E1539N0515__m_3110113_nw_14_060_20200930,POINT (-101.460363 31.854568),val
NA5120_E1539N0515__m_3110113_nw_14_060_20220924,POINT (-101.460363 31.854568),val
NA5120_E1539N0520__m_3210161_nw_14_060_20220924,POINT (-101.472156 32.08508),train
NA5120_E1539N0523__m_3210153_nw_14_060_20200930,POINT (-101.47928 32.223381),train
NA5120_E1539N0523__m_3210153_nw_14_060_20220908,POINT (-101.47928 32.223381),train
NA5120_E1539N0524__m_3210145_sw_14_060_20220908,POINT (-101.481663 32.269481),train
NA5120_E1539N0551__m_3310128_se_14_060_20200907,POINT (-101.5476 33.514002),train
NA5120_E1539N0551__m_3310128_se_14_060_20220907,POINT (-101.5476 33.514002),train
NA5120_E1539N0554__m_3310120_se_14_060_20200925,POINT (-101.555121 33.652261),train
NA5120_E1539N0554__m_3310120_se_14_060_20220907,POINT (-101.555121 33.652261),train
NA5120_E1539N0621__m_3610119_nw_14_060_20190621,POINT (-101.73403 36.738942),train
NA5120_E1539N0736__m_4210264_sw_13_060_20220827,POINT (-102.09828 42.031661),train
NA5120_E1539N0799__m_4410206_sw_13_060_20200805,POINT (-102.335866 44.928043),train
NA5120_E1539N0801__m_4510262_sw_13_060_20210918,POINT (-102.343928 45.019954),train
NA5120_E1539N0801__m_4510262_sw_13_060_20220713,POINT (-102.343928 45.019954),train
NA5120_E1539N0830__m_4610245_nw_13_060_20210927,POINT (-102.464779 46.352376),train
NA5120_E1539N0830__m_4610245_nw_13_060_20220801,POINT (-102.464779 46.352376),train
NA5120_E1539N0846__m_4710260_ne_13_060_20190728,POINT (-102.534771 47.087281),train
NA5120_E1539N0846__m_4710260_ne_13_060_20200712,POINT (-102.534771 47.087281),train
NA5120_E1539N0846__m_4710260_ne_13_060_20210925,POINT (-102.534771 47.087281),train
NA5120_E1539N0880__m_4810219_sw_13_060_20220804,POINT (-102.692005 48.648405),train
NA5120_E1539N0882__m_4810219_nw_13_060_20210928,POINT (-102.701635 48.740212),val
NA5120_E1539N0882__m_4810219_nw_13_060_20220804,POINT (-102.701635 48.740212),val
NA5120_E1540N0515__m_3110113_ne_14_060_20200930,POINT (-101.407425 31.856835),train
NA5120_E1540N0521__m_3210153_se_14_060_20220908,POINT (-101.421399 32.133459),train
NA5120_E1540N0555__m_3310120_ne_14_060_20200925,POINT (-101.503404 33.70069),test
NA5120_E1540N0555__m_3310120_ne_14_060_20220907,POINT (-101.503404 33.70069),test
NA5120_E1540N0556__m_3310112_se_14_060_20200924,POINT (-101.505891 33.746777),train
NA5120_E1540N0556__m_3310120_ne_14_060_20200925,POINT (-101.505891 33.746777),train
NA5120_E1540N0564__m_3410160_ne_14_060_20200924,POINT (-101.525944 34.115457),train
NA5120_E1540N0587__m_3510152_sw_14_060_20220902,POINT (-101.585211 35.175245),train
NA5120_E1540N0623__m_3610111_ne_14_060_20190621,POINT (-101.683059 36.833534),test
NA5120_E1540N0745__m_4210240_nw_13_060_20200708,POINT (-102.06854 42.448357),train
NA5120_E1540N0752__m_4210216_sw_13_060_20200708,POINT (-102.093575 42.770275),val
NA5120_E1540N0752__m_4210216_sw_13_060_20220827,POINT (-102.093575 42.770275),val
NA5120_E1540N0828__m_4610245_se_13_060_20210927,POINT (-102.390042 46.263537),train
NA5120_E1540N0828__m_4610245_se_13_060_20220801,POINT (-102.390042 46.263537),train
NA5120_E1540N0853__m_4710236_se_13_060_20190728,POINT (-102.498559 47.411869),val
NA5120_E1540N0853__m_4710236_se_13_060_20210925,POINT (-102.498559 47.411869),val
NA5120_E1541N0505__m_3110138_sw_14_060_20201003,POINT (-101.331821 31.397977),train
NA5120_E1541N0506__m_3110138_nw_14_060_20201003,POINT (-101.334069 31.444089),train
NA5120_E1541N0512__m_3110122_nw_14_060_20220908,POINT (-101.347643 31.720748),train
NA5120_E1541N0521__m_3210153_se_14_060_20220908,POINT (-101.368269 32.135706),val
NA5120_E1541N0524__m_3210145_se_14_060_20220908,POINT (-101.375216 32.274018),train
NA5120_E1541N0565__m_3410153_sw_14_060_20200924,POINT (-101.473897 34.163872),train
NA5120_E1541N0592__m_3510136_se_14_060_20220902,POINT (-101.542906 35.407987),train
NA5120_E1541N0597__m_3510120_se_14_060_20220902,POINT (-101.556056 35.638341),train
NA5120_E1541N0616__m_3610128_sw_14_060_20190621,POINT (-101.607133 36.513576),train
NA5120_E1541N0742__m_4210248_ne_13_060_20220827,POINT (-101.996215 42.313126),train
NA5120_E1541N0755__m_4210208_se_13_060_20220827,POINT (-102.042085 42.911008),train
NA5120_E1541N0787__m_4410239_se_13_060_20200805,POINT (-102.160325 44.382308),test
NA5120_E1541N0787__m_4410239_se_13_060_20220713,POINT (-102.160325 44.382308),test
NA5120_E1541N0814__m_4510222_se_13_060_20200717,POINT (-102.266415 45.623251),test
NA5120_E1541N0830__m_4610246_nw_13_060_20210927,POINT (-102.332226 46.358419),train
NA5120_E1541N0830__m_4610246_nw_13_060_20220801,POINT (-102.332226 46.358419),train
NA5120_E1541N0835__m_4610230_nw_13_060_20200701,POINT (-102.353264 46.588127),train
NA5120_E1541N0835__m_4610230_nw_13_060_20210927,POINT (-102.353264 46.588127),train
NA5120_E1541N0835__m_4610230_nw_13_060_20220801,POINT (-102.353264 46.588127),train
NA5120_E1541N0848__m_4710253_ne_13_060_20190728,POINT (-102.40905 47.185294),train
NA5120_E1541N0848__m_4710253_ne_13_060_20200712,POINT (-102.40905 47.185294),train
NA5120_E1541N0848__m_4710253_ne_13_060_20220808,POINT (-102.40905 47.185294),train
NA5120_E1541N0850__m_4710245_se_13_060_20190728,POINT (-102.417775 47.277156),train
NA5120_E1541N0850__m_4710245_se_13_060_20200712,POINT (-102.417775 47.277156),train
NA5120_E1541N0850__m_4710245_se_13_060_20210927,POINT (-102.417775 47.277156),train
NA5120_E1541N0851__m_4710245_ne_13_060_20190728,POINT (-102.422152 47.323087),train
NA5120_E1541N0851__m_4710245_ne_13_060_20200712,POINT (-102.422152 47.323087),train
NA5120_E1541N0851__m_4710245_ne_13_060_20210927,POINT (-102.422152 47.323087),train
NA5120_E1541N0851__m_4710245_ne_13_060_20220808,POINT (-102.422152 47.323087),train
NA5120_E1541N0865__m_4710205_nw_13_060_20220808,POINT (-102.484464 47.966045),train
NA5120_E1542N0504__m_3110146_ne_14_060_20201003,POINT (-101.276972 31.354052),test
NA5120_E1542N0505__m_3110138_se_14_060_20201003,POINT (-101.279186 31.400165),val
NA5120_E1542N0508__m_3110130_se_14_060_20201003,POINT (-101.285851 31.538503),train
NA5120_E1542N0516__m_3110106_se_14_060_20220908,POINT (-101.303795 31.907386),val
NA5120_E1542N0554__m_3310121_se_14_060_20200925,POINT (-101.392514 33.659192),val
NA5120_E1542N0617__m_3610128_ne_14_060_20190621,POINT (-101.553435 36.562042),val
NA5120_E1542N0625__m_3610104_sw_14_060_20190621,POINT (-101.575216 36.930523),train
NA5120_E1542N0692__m_4010158_se_14_060_20190710,POINT (-101.771007 40.015291),test
NA5120_E1542N0692__m_4010158_se_14_060_20200716,POINT (-101.771007 40.015291),test
NA5120_E1542N0809__m_4510239_se_13_060_20200717,POINT (-102.18119 45.396375),train
NA5120_E1542N0809__m_4510239_se_13_060_20220713,POINT (-102.18119 45.396375),train
NA5120_E1542N0862__m_4710213_ne_13_060_20210927,POINT (-102.402771 47.831344),train
NA5120_E1543N0506__m_3110139_nw_14_060_20201003,POINT (-101.228735 31.448438),train
NA5120_E1543N0528__m_3210138_ne_14_060_20220908,POINT (-101.27782 32.462856),train
NA5120_E1543N0534__m_3210122_ne_14_060_20220908,POINT (-101.291535 32.739479),train
NA5120_E1543N0537__m_3210106_se_14_060_20200925,POINT (-101.298447 32.877784),test
NA5120_E1543N0537__m_3210106_se_14_060_20220909,POINT (-101.298447 32.877784),test
NA5120_E1543N0561__m_3310106_nw_14_060_20220906,POINT (-101.355067 33.984083),train
NA5120_E1543N0620__m_3610120_ne_14_060_20190621,POINT (-101.505014 36.702606),train
NA5120_E1543N0622__m_3610112_se_14_060_20190621,POINT (-101.510384 36.79473),train
NA5120_E1543N0622__m_3610112_se_14_060_20210429,POINT (-101.510384 36.79473),train
NA5120_E1543N0743__m_4210141_ne_14_060_20220827,POINT (-101.876183 42.364497),train
NA5120_E1543N0821__m_4510207_ne_13_060_20210915,POINT (-102.163362 45.95073),train
NA5120_E1543N0821__m_4510207_ne_13_060_20220801,POINT (-102.163362 45.95073),train
NA5120_E1543N0873__m_4810245_ne_13_060_20200726,POINT (-102.383236 48.339556),train
NA5120_E1543N0873__m_4810245_ne_13_060_20210930,POINT (-102.383236 48.339556),train
NA5120_E1543N0873__m_4810245_ne_13_060_20220804,POINT (-102.383236 48.339556),train
NA5120_E1544N0519__m_3210163_sw_14_060_20220908,POINT (-101.204438 32.050044),train
NA5120_E1544N0535__m_3210114_se_14_060_20220908,POINT (-101.240248 32.787762),train
NA5120_E1544N0537__m_3210106_se_14_060_20200925,POINT (-101.244795 32.879968),test
NA5120_E1544N0563__m_3410162_ne_14_060_20200924,POINT (-101.305378 34.078495),train
NA5120_E1544N0563__m_3410162_ne_14_060_20220906,POINT (-101.305378 34.078495),train
NA5120_E1544N0582__m_3410106_nw_14_060_20200923,POINT (-101.351449 34.954149),train
NA5120_E1544N0582__m_3410106_nw_14_060_20220902,POINT (-101.351449 34.954149),train
NA5120_E1544N0585__m_3510162_nw_14_060_20200923,POINT (-101.358867 35.092395),train
NA5120_E1544N0585__m_3510162_nw_14_060_20220902,POINT (-101.358867 35.092395),train
NA5120_E1544N0593__m_3510137_ne_14_060_20220902,POINT (-101.378847 35.46103),train
NA5120_E1544N0692__m_4010159_se_14_060_20190709,POINT (-101.652099 40.020339),val
NA5120_E1544N0758__m_4310157_ne_14_060_20220827,POINT (-101.865383 43.057097),train
NA5120_E1544N0791__m_4410125_nw_14_060_20220713,POINT (-101.983179 44.574585),train
NA5120_E1544N0793__m_4410117_sw_14_060_20220713,POINT (-101.990581 44.666534),train
NA5120_E1544N0804__m_4510256_se_13_060_20220713,POINT (-102.031854 45.172214),train
NA5120_E1544N0807__m_4510248_ne_13_060_20200717,POINT (-102.043278 45.310114),train
NA5120_E1544N0827__m_4610255_ne_13_060_20210915,POINT (-102.121339 46.229317),train
NA5120_E1544N0840__m_4610215_ne_13_060_20190729,POINT (-102.173918 46.826672),train
NA5120_E1544N0840__m_4610215_ne_13_060_20200627,POINT (-102.173918 46.826672),train
NA5120_E1544N0875__m_4810238_nw_13_060_20210930,POINT (-102.323213 48.434424),train
NA5120_E1545N0477__m_3010164_nw_14_060_20220606,POINT (-101.063197 30.115065),train
NA5120_E1545N0496__m_3010108_nw_14_060_20201003,POINT (-101.102296 30.991464),train
NA5120_E1545N0501__m_3110156_nw_14_060_20201003,POINT (-101.112798 31.22207),train
NA5120_E1545N0568__m_3410146_ne_14_060_20220906,POINT (-101.262661 34.311157),train
NA5120_E1545N0570__m_3410138_se_14_060_20200924,POINT (-101.267412 34.403338),train
NA5120_E1545N0579__m_3410114_ne_14_060_20200923,POINT (-101.288999 34.81813),train
NA5120_E1545N0579__m_3410114_ne_14_060_20220906,POINT (-101.288999 34.81813),train
NA5120_E1545N0598__m_3510122_nw_14_060_20200905,POINT (-101.335734 35.693681),train
NA5120_E1545N0805__m_4510149_nw_14_060_20200716,POINT (-101.970734 45.220945),train
NA5120_E1545N0832__m_4610240_nw_13_060_20220801,POINT (-102.074962 46.461925),val
NA5120_E1545N0838__m_4610224_nw_13_060_20210915,POINT (-102.098962 46.73764),train
NA5120_E1545N0838__m_4610224_nw_13_060_20220801,POINT (-102.098962 46.73764),train
NA5120_E1545N0840__m_4610216_nw_13_060_20210915,POINT (-102.107032 46.82954),train
NA5120_E1545N0840__m_4610216_nw_13_060_20220801,POINT (-102.107032 46.82954),train
NA5120_E1545N0869__m_4810255_sw_13_060_20211001,POINT (-102.22815 48.161825),train
NA5120_E1546N0505__m_3110140_sw_14_060_20201003,POINT (-101.068618 31.408615),train
NA5120_E1546N0593__m_3510138_ne_14_060_20220902,POINT (-101.267709 35.465515),train
NA5120_E1546N0599__m_3510114_se_14_060_20200905,POINT (-101.282452 35.741995),test
NA5120_E1546N0601__m_3510114_ne_14_060_20200905,POINT (-101.287402 35.834152),train
NA5120_E1546N0622__m_3610114_sw_14_060_20190621,POINT (-101.340479 36.801681),train
NA5120_E1546N0622__m_3610114_sw_14_060_20210429,POINT (-101.340479 36.801681),train
NA5120_E1546N0737__m_4210159_ne_14_060_20220827,POINT (-101.671474 42.096231),train
NA5120_E1546N0750__m_4210119_nw_14_060_20220827,POINT (-101.713785 42.694318),train
NA5120_E1546N0842__m_4610208_se_13_060_20220801,POINT (-102.048128 46.924271),train
NA5120_E1546N0851__m_4710248_nw_13_060_20220808,POINT (-102.084515 47.337811),train
NA5120_E1546N0864__m_4710207_ne_13_060_20210927,POINT (-102.138375 47.93506),train
NA5120_E1546N0864__m_4710207_ne_13_060_20220808,POINT (-102.138375 47.93506),train
NA5120_E1546N0883__m_4810215_nw_13_060_20211001,POINT (-102.219979 48.807777),train
NA5120_E1546N0884__m_4810215_nw_13_060_20211001,POINT (-102.224372 48.853704),val
NA5120_E1547N0461__m_2910033_se_14_060_20200830,POINT (-100.928546 29.380892),train
NA5120_E1547N0477__m_3010049_sw_14_060_20220606,POINT (-100.959583 30.119078),test
NA5120_E1547N0493__m_3010009_nw_14_060_20220805,POINT (-100.991473 30.857159),train
NA5120_E1547N0517__m_3110108_ne_14_060_20220805,POINT (-101.040974 31.964084),train
NA5120_E1547N0597__m_3510123_sw_14_060_20200923,POINT (-101.221802 35.652038),train
NA5120_E1547N0658__m_3810137_ne_14_060_20210907,POINT (-101.378348 38.462139),train
NA5120_E1547N0827__m_4610149_ne_14_060_20220729,POINT (-101.922902 46.237681),train
NA5120_E1547N0835__m_4610125_nw_14_060_20210904,POINT (-101.953709 46.605368),train
NA5120_E1547N0847__m_4710256_se_13_060_20190728,POINT (-102.000942 47.156829),train
NA5120_E1547N0847__m_4710256_se_13_060_20200627,POINT (-102.000942 47.156829),train
NA5120_E1547N0847__m_4710256_se_13_060_20210925,POINT (-102.000942 47.156829),train
NA5120_E1547N0847__m_4710256_se_13_060_20220808,POINT (-102.000942 47.156829),train
NA5120_E1548N0461__m_2910033_se_14_060_20220606,POINT (-100.877199 29.382829),test
NA5120_E1548N0496__m_3110057_sw_14_060_20200923,POINT (-100.945173 30.99753),train
NA5120_E1548N0569__m_3410148_nw_14_060_20220906,POINT (-101.100842 34.363694),train
NA5120_E1548N0609__m_3610155_nw_14_060_20200905,POINT (-101.195065 36.207175),train
NA5120_E1548N0668__m_3810106_sw_14_060_20210906,POINT (-101.347291 38.924952),train
NA5120_E1548N0756__m_4210104_nw_14_060_20210824,POINT (-101.608863 42.975396),train
NA5120_E1548N0756__m_4210104_nw_14_060_20220827,POINT (-101.608863 42.975396),train
NA5120_E1548N0880__m_4810224_sw_13_060_20211001,POINT (-102.06817 48.675775),train
NA5120_E1549N0704__m_4010129_ne_14_060_20220827,POINT (-101.38887 40.584782),test
NA5120_E1549N0753__m_4210112_ne_14_060_20220827,POINT (-101.536897 42.839849),train
NA5120_E1549N0843__m_4610102_nw_14_060_20190729,POINT (-101.850885 46.978484),train
NA5120_E1549N0843__m_4610102_nw_14_060_20200627,POINT (-101.850885 46.978484),train
NA5120_E1549N0843__m_4610102_nw_14_060_20210909,POINT (-101.850885 46.978484),train
NA5120_E1549N0843__m_4610102_nw_14_060_20220809,POINT (-101.850885 46.978484),train
NA5120_E1549N0847__m_4710149_se_14_060_20200627,POINT (-101.866296 47.162318),train
NA5120_E1549N0847__m_4710149_se_14_060_20210909,POINT (-101.866296 47.162318),train
NA5120_E1549N0847__m_4710149_se_14_060_20220809,POINT (-101.866296 47.162318),train
NA5120_E1549N0847__m_4710150_sw_14_060_20190729,POINT (-101.866296 47.162318),train
NA5120_E1549N0848__m_4710149_ne_14_060_20200627,POINT (-101.87017 47.208276),train
NA5120_E1549N0848__m_4710149_ne_14_060_20210909,POINT (-101.87017 47.208276),train
NA5120_E1549N0848__m_4710149_ne_14_060_20220809,POINT (-101.87017 47.208276),train
NA5120_E1549N0851__m_4710141_ne_14_060_20200627,POINT (-101.881843 47.346144),train
NA5120_E1549N0851__m_4710141_ne_14_060_20210909,POINT (-101.881843 47.346144),train
NA5120_E1549N0851__m_4710141_ne_14_060_20220809,POINT (-101.881843 47.346144),train
NA5120_E1549N0868__m_4810149_sw_14_060_20210925,POINT (-101.949485 48.127299),test
NA5120_E1550N0475__m_3010058_se_14_060_20220606,POINT (-100.800395 30.032597),train
NA5120_E1550N0477__m_3010050_se_14_060_20220606,POINT (-100.804145 30.124874),train
NA5120_E1550N0616__m_3610132_sw_14_060_20190621,POINT (-101.099417 36.53402),test
NA5120_E1550N0745__m_4210137_nw_14_060_20220827,POINT (-101.449834 42.474172),train
NA5120_E1550N0764__m_4310144_ne_14_060_20220827,POINT (-101.509358 43.348376),train
NA5120_E1550N0779__m_4410160_se_14_060_20200901,POINT (-101.558013 44.038404),train
NA5120_E1550N0825__m_4610151_sw_14_060_20210904,POINT (-101.717125 46.153734),train
NA5120_E1550N0848__m_4710150_ne_14_060_20220809,POINT (-101.802777 47.210961),train
NA5120_E1550N0852__m_4710134_sw_14_060_20190729,POINT (-101.81812 47.394796),train
NA5120_E1550N0852__m_4710134_sw_14_060_20220809,POINT (-101.81812 47.394796),train
NA5120_E1551N0502__m_3110042_se_14_060_20220805,POINT (-100.799543 31.28011),val
NA5120_E1551N0537__m_3210002_sw_14_060_20220905,POINT (-100.869148 32.894391),train
NA5120_E1551N0595__m_3510025_nw_14_060_20200826,POINT (-100.994343 35.568338),train
NA5120_E1551N0615__m_3610140_ne_14_060_20190621,POINT (-101.040627 36.490045),val
NA5120_E1551N0615__m_3610140_ne_14_060_20200905,POINT (-101.040627 36.490045),val
NA5120_E1551N0615__m_3610140_ne_14_060_20210429,POINT (-101.040627 36.490045),val
NA5120_E1551N0761__m_4310153_nw_14_060_20210824,POINT (-101.437127 43.21277),train
NA5120_E1551N0810__m_4510136_nw_14_060_20200716,POINT (-101.598293 45.466617),train
NA5120_E1551N0853__m_4710134_ne_14_060_20210909,POINT (-101.754278 47.443412),train
NA5120_E1551N0853__m_4710134_ne_14_060_20220809,POINT (-101.754278 47.443412),train
NA5120_E1551N0857__m_4710118_se_14_060_20190729,POINT (-101.769551 47.627247),train
NA5120_E1551N0867__m_4810158_nw_14_060_20211003,POINT (-101.808334 48.086795),val
NA5120_E1551N0867__m_4810158_nw_14_060_20220829,POINT (-101.808334 48.086795),val
NA5120_E1551N0868__m_4810150_sw_14_060_20200726,POINT (-101.812261 48.132747),train
NA5120_E1551N0868__m_4810150_sw_14_060_20220829,POINT (-101.812261 48.132747),train
NA5120_E1551N0882__m_4810109_se_14_060_20211003,POINT (-101.868175 48.77601),train
NA5120_E1551N0882__m_4810109_se_14_060_20220829,POINT (-101.868175 48.77601),train
NA5120_E1551N0886__m_4810101_ne_14_060_20211003,POINT (-101.884481 48.959779),train
NA5120_E1552N0472__m_2910003_sw_14_060_20220606,POINT (-100.691448 29.89788),train
NA5120_E1552N0536__m_3210010_nw_14_060_20220905,POINT (-100.813458 32.85021),test
NA5120_E1552N0540__m_3310058_sw_14_060_20220905,POINT (-100.821541 33.034675),train
NA5120_E1552N0550__m_3310026_sw_14_060_20220905,POINT (-100.841998 33.495807),val
NA5120_E1552N0587__m_3510049_ne_14_060_20200826,POINT (-100.920919 35.201625),val
NA5120_E1552N0594__m_3510025_sw_14_060_20200826,POINT (-100.936446 35.52428),train
NA5120_E1552N0595__m_3510025_nw_14_060_20200826,POINT (-100.938681 35.570372),train
NA5120_E1552N0769__m_4310129_ne_14_060_20210917,POINT (-101.399248 43.583226),val
NA5120_E1552N0776__m_4310105_se_14_060_20220827,POINT (-101.421291 43.90527),val
NA5120_E1552N0839__m_4610111_se_14_060_20210928,POINT (-101.635001 46.802493),train
NA5120_E1552N0839__m_4610111_se_14_060_20220729,POINT (-101.635001 46.802493),train
NA5120_E1552N0852__m_4710135_sw_14_060_20190729,POINT (-101.682836 47.400065),train
NA5120_E1553N0479__m_3010051_ne_14_060_20220606,POINT (-100.652271 30.222688),train
NA5120_E1553N0486__m_3010027_se_14_060_20220606,POINT (-100.664919 30.54567),train
NA5120_E1553N0498__m_3110059_nw_14_060_20220805,POINT (-100.686955 31.099308),val
NA5120_E1553N0515__m_3110003_sw_14_060_20200925,POINT (-100.718958 31.883531),train
NA5120_E1553N0517__m_3110003_nw_14_060_20200925,POINT (-100.722785 31.975784),val
NA5120_E1553N0517__m_3110003_nw_14_060_20220805,POINT (-100.722785 31.975784),val
NA5120_E1553N0678__m_3910140_sw_14_060_20190710,POINT (-101.08035 39.396564),train
NA5120_E1553N0727__m_4110123_sw_14_060_20200805,POINT (-101.212339 41.652698),train
NA5120_E1553N0730__m_4110115_sw_14_060_20200805,POINT (-101.220841 41.790791),train
NA5120_E1553N0752__m_4210114_se_14_060_20220827,POINT (-101.28477 42.803332),train
NA5120_E1553N0753__m_4210114_ne_14_060_20220827,POINT (-101.287744 42.849351),test
NA5120_E1553N0773__m_4310114_sw_14_060_20210917,POINT (-101.348514 43.76962),test
NA5120_E1553N0773__m_4310114_sw_14_060_20220827,POINT (-101.348514 43.76962),test
NA5120_E1553N0840__m_4610112_nw_14_060_20210928,POINT (-101.571691 46.851002),train
NA5120_E1553N0840__m_4610112_nw_14_060_20220729,POINT (-101.571691 46.851002),train
NA5120_E1553N0843__m_4610104_nw_14_060_20211005,POINT (-101.582456 46.988918),train
NA5120_E1553N0852__m_4710135_se_14_060_20190729,POINT (-101.615183 47.402636),train
NA5120_E1553N0852__m_4710136_sw_14_060_20211005,POINT (-101.615183 47.402636),train
NA5120_E1553N0860__m_4710111_se_14_060_20200811,POINT (-101.644828 47.770348),train
NA5120_E1553N0860__m_4710111_se_14_060_20220809,POINT (-101.644828 47.770348),train
NA5120_E1553N0868__m_4810151_se_14_060_20211011,POINT (-101.675008 48.138025),train
NA5120_E1553N0868__m_4810151_se_14_060_20220829,POINT (-101.675008 48.138025),train
NA5120_E1553N0868__m_4810151_sw_14_060_20211003,POINT (-101.675008 48.138025),train
NA5120_E1553N0876__m_4810127_sw_14_060_20211011,POINT (-101.705737 48.505665),train
NA5120_E1553N0876__m_4810127_sw_14_060_20220829,POINT (-101.705737 48.505665),train
NA5120_E1553N0882__m_4810111_sw_14_060_20220829,POINT (-101.729153 48.781372),train
NA5120_E1554N0519__m_3210059_ne_14_060_20200925,POINT (-100.673522 32.069883),train
NA5120_E1554N0552__m_3310027_nw_14_060_20220905,POINT (-100.737785 33.591856),test
NA5120_E1554N0555__m_3310018_ne_14_060_20220905,POINT (-100.743814 33.730194),train
NA5120_E1554N0568__m_3410042_ne_14_060_20200826,POINT (-100.77031 34.329618),train
NA5120_E1554N0568__m_3410042_ne_14_060_20220905,POINT (-100.77031 34.329618),train
NA5120_E1554N0572__m_3410026_se_14_060_20200826,POINT (-100.778587 34.514041),val
NA5120_E1554N0572__m_3410026_se_14_060_20220905,POINT (-100.778587 34.514041),val
NA5120_E1554N0687__m_3910116_ne_14_060_20190709,POINT (-101.044375 39.813183),train
NA5120_E1554N0761__m_4310154_ne_14_060_20210917,POINT (-101.24906 43.219783),train
NA5120_E1554N0761__m_4310154_ne_14_060_20220827,POINT (-101.24906 43.219783),train
NA5120_E1554N0804__m_4510153_ne_14_060_20200716,POINT (-101.38291 45.198033),train
NA5120_E1555N0485__m_3010028_sw_14_060_20220606,POINT (-100.558978 30.503093),train
NA5120_E1555N0548__m_3310035_se_14_060_20220905,POINT (-100.675752 33.409258),train
NA5120_E1555N0556__m_3310011_sw_14_060_20220905,POINT (-100.691518 33.778179),test
NA5120_E1555N0563__m_3410059_nw_14_060_20200826,POINT (-100.705498 34.100963),train
NA5120_E1555N0563__m_3410059_nw_14_060_20220905,POINT (-100.705498 34.100963),train
NA5120_E1555N0579__m_3410011_nw_14_060_20220905,POINT (-100.738112 34.838676),train
NA5120_E1555N0621__m_3610010_sw_14_060_20190621,POINT (-100.828336 36.774647),train
NA5120_E1555N0621__m_3610010_sw_14_060_20210429,POINT (-100.828336 36.774647),train
NA5120_E1555N0658__m_3810033_ne_14_060_20210822,POINT (-100.913803 38.479495),train
NA5120_E1555N0687__m_3910009_nw_14_060_20190709,POINT (-100.985085 39.815288),train
NA5120_E1555N0704__m_4010132_ne_14_060_20220718,POINT (-101.028757 40.598155),train
NA5120_E1555N0740__m_4210147_se_14_060_20220827,POINT (-101.126194 42.255533),train
NA5120_E1556N0460__m_2910045_nw_14_060_20201011,POINT (-100.464683 29.35112),train
NA5120_E1556N0460__m_2910045_nw_14_060_20220606,POINT (-100.464683 29.35112),train
NA5120_E1556N0471__m_2910013_nw_14_060_20220606,POINT (-100.483044 29.858781),train
NA5120_E1556N0508__m_3110028_ne_14_060_20220725,POINT (-100.547381 31.566028),test
NA5120_E1556N0528__m_3210036_nw_14_060_20200925,POINT (-100.583896 32.488638),train
NA5120_E1556N0628__m_3710058_ne_14_060_20210724,POINT (-100.787155 37.099193),train
NA5120_E1556N0732__m_4110108_se_14_060_20220718,POINT (-101.042628 41.889442),train
NA5120_E1556N0741__m_4210148_sw_14_060_20220827,POINT (-101.067269 42.303742),train
NA5120_E1556N0755__m_4210108_nw_14_060_20220827,POINT (-101.1065 42.94813),train
NA5120_E1556N0850__m_4710145_ne_14_060_20190730,POINT (-101.405217 47.31815),train
NA5120_E1556N0850__m_4710145_ne_14_060_20220809,POINT (-101.405217 47.31815),train
NA5120_E1556N0857__m_4710121_se_14_060_20190730,POINT (-101.429746 47.639965),test
NA5120_E1556N0857__m_4710121_se_14_060_20220809,POINT (-101.429746 47.639965),test
NA5120_E1556N0857__m_4710121_sw_14_060_20211005,POINT (-101.429746 47.639965),test
NA5120_E1556N0871__m_4810145_sw_14_060_20190714,POINT (-101.479971 48.283516),train
NA5120_E1556N0871__m_4810145_sw_14_060_20200714,POINT (-101.479971 48.283516),train
NA5120_E1556N0871__m_4810145_sw_14_060_20220829,POINT (-101.479971 48.283516),train
NA5120_E1556N0881__m_4810112_se_14_060_20190714,POINT (-101.516831 48.74313),train
NA5120_E1556N0881__m_4810112_se_14_060_20200714,POINT (-101.516831 48.74313),train
NA5120_E1557N0459__m_2910045_ne_14_060_20201011,POINT (-100.41172 29.306638),val
NA5120_E1557N0465__m_2910029_ne_14_060_20220606,POINT (-100.421505 29.58356),train
NA5120_E1557N0515__m_3110004_se_14_060_20200925,POINT (-100.507033 31.890708),train
NA5120_E1557N0524__m_3210044_ne_14_060_20200925,POINT (-100.523222 32.305891),train
NA5120_E1557N0524__m_3210044_ne_14_060_20220725,POINT (-100.523222 32.305891),train
NA5120_E1557N0527__m_3210036_ne_14_060_20200925,POINT (-100.528675 32.444278),train
NA5120_E1557N0538__m_3210004_ne_14_060_20220908,POINT (-100.548914 32.951665),train
NA5120_E1557N0544__m_3310052_nw_14_060_20220905,POINT (-100.560119 33.228401),train
NA5120_E1557N0565__m_3410052_nw_14_060_20220905,POINT (-100.60028 34.196861),test
NA5120_E1557N0603__m_3510003_ne_14_060_20200923,POINT (-100.67689 35.948841),train
NA5120_E1557N0616__m_3610027_sw_14_060_20210429,POINT (-100.704331 36.54806),train
NA5120_E1557N0627__m_3710059_nw_14_060_20210724,POINT (-100.728068 37.055034),train
NA5120_E1557N0727__m_4110017_sw_14_060_20220718,POINT (-100.968049 41.661371),train
NA5120_E1557N0795__m_4410115_se_14_060_20210917,POINT (-101.160542 44.790965),val
NA5120_E1557N0795__m_4410115_se_14_060_20220808,POINT (-101.160542 44.790965),val
NA5120_E1557N0844__m_4710162_sw_14_060_20200810,POINT (-101.317291 47.044671),test
NA5120_E1557N0849__m_4710146_sw_14_060_20200810,POINT (-101.334245 47.27457),train
NA5120_E1557N0871__m_4810145_se_14_060_20190730,POINT (-101.411126 48.285972),train
NA5120_E1558N0444__m_2810030_nw_14_060_20220507,POINT (-100.336796 28.615897),train
NA5120_E1558N0468__m_2910021_ne_14_060_20201011,POINT (-100.374863 29.72367),test
NA5120_E1558N0484__m_3010037_ne_14_060_20220606,POINT (-100.40111 30.462066),train
NA5120_E1558N0486__m_3010029_ne_14_060_20220606,POINT (-100.404441 30.554358),train
NA5120_E1558N0505__m_3110037_nw_14_060_20220725,POINT (-100.436661 31.431061),train
NA5120_E1558N0511__m_3110021_nw_14_060_20220725,POINT (-100.447055 31.707885),train
NA5120_E1558N0522__m_3210053_nw_14_060_20200925,POINT (-100.466394 32.215359),train
NA5120_E1558N0536__m_3210012_ne_14_060_20220908,POINT (-100.491547 32.861165),train
NA5120_E1558N0542__m_3310052_se_14_060_20220908,POINT (-100.502516 33.137915),train
NA5120_E1558N0550__m_3310028_se_14_060_20220905,POINT (-100.517323 33.506892),train
NA5120_E1558N0555__m_3310020_ne_14_060_20220905,POINT (-100.526683 33.737489),test
NA5120_E1558N0573__m_3410028_nw_14_060_20220905,POINT (-100.561076 34.567554),train
NA5120_E1558N0770__m_4310124_se_14_060_20210829,POINT (-101.02347 43.642811),train
NA5120_E1558N0770__m_4310124_se_14_060_20220903,POINT (-101.02347 43.642811),train
NA5120_E1558N0777__m_4310108_ne_14_060_20220808,POINT (-101.043422 43.964948),train
NA5120_E1558N0844__m_4710162_se_14_060_20200810,POINT (-101.250084 47.047012),train
NA5120_E1558N0881__m_4810113_se_14_060_20220730,POINT (-101.377865 48.748053),train
NA5120_E1559N0451__m_2810006_ne_14_060_20220507,POINT (-100.296654 28.940622),train
NA5120_E1559N0462__m_2910038_nw_14_060_20201011,POINT (-100.313802 29.448364),train
NA5120_E1559N0469__m_2910014_sw_14_060_20201115,POINT (-100.324881 29.771448),train
NA5120_E1559N0524__m_3210045_ne_14_060_20200925,POINT (-100.416676 32.309322),train
NA5120_E1559N0527__m_3210037_ne_14_060_20200925,POINT (-100.421937 32.447717),train
NA5120_E1559N0549__m_3310037_nw_14_060_20220905,POINT (-100.461372 33.462507),train
NA5120_E1559N0575__m_3410020_se_14_060_20220905,POINT (-100.509992 34.66155),test
NA5120_E1559N0680__m_3910027_sw_14_060_20190709,POINT (-100.731512 39.500902),train
NA5120_E1559N0806__m_4510148_sw_14_060_20200716,POINT (-101.064201 45.301463),train
NA5120_E1559N0809__m_4510140_nw_14_060_20200716,POINT (-101.073221 45.439478),val
NA5120_E1559N0821__m_4510108_nw_14_060_20200716,POINT (-101.109883 45.991491),train
NA5120_E1559N0850__m_4710147_nw_14_060_20211011,POINT (-101.202523 47.325221),train
NA5120_E1559N0853__m_4710139_nw_14_060_20211011,POINT (-101.212448 47.463168),train
NA5120_E1559N0855__m_4710131_nw_14_060_20211011,POINT (-101.219102 47.555131),train
NA5120_E1559N0863__m_4710106_se_14_060_20211011,POINT (-101.246015 47.922959),train
NA5120_E1559N0863__m_4710106_se_14_060_20220809,POINT (-101.246015 47.922959),train
NA5120_E1559N0865__m_4810162_se_14_060_20211003,POINT (-101.252819 48.014911),test
NA5120_E1559N0872__m_4810146_ne_14_060_20220730,POINT (-101.276875 48.336726),train
NA5120_E1560N0525__m_3210046_nw_14_060_20200925,POINT (-100.365118 32.357125),train
NA5120_E1560N0533__m_3210021_ne_14_060_20200925,POINT (-100.378977 32.726179),train
NA5120_E1560N0533__m_3210021_ne_14_060_20220725,POINT (-100.378977 32.726179),train
NA5120_E1560N0544__m_3310053_ne_14_060_20220905,POINT (-100.398351 33.233588),train
NA5120_E1560N0621__m_3610012_se_14_060_20190621,POINT (-100.545126 36.784052),val
NA5120_E1560N0631__m_3710044_sw_14_060_20210724,POINT (-100.565738 37.244968),train
NA5120_E1560N0691__m_4010059_sw_14_060_20220718,POINT (-100.697868 40.009533),val
NA5120_E1560N0704__m_4010027_nw_14_060_20220718,POINT (-100.728551 40.608308),train
NA5120_E1560N0761__m_4310049_ne_14_060_20200813,POINT (-100.872796 43.23278),train
NA5120_E1560N0775__m_4310001_se_14_060_20200813,POINT (-100.910843 43.87715),val
NA5120_E1560N0781__m_4410049_se_14_060_20200813,POINT (-100.927488 44.15328),train
NA5120_E1560N0792__m_4410017_sw_14_060_20220808,POINT (-100.958551 44.659473),train
NA5120_E1560N0867__m_4810163_nw_14_060_20211003,POINT (-101.191038 48.109177),train
NA5120_E1560N0867__m_4810163_nw_14_060_20220730,POINT (-101.191038 48.109177),train
NA5120_E1560N0869__m_4810155_nw_14_060_20220730,POINT (-101.197779 48.20113),test
NA5120_E1561N0469__m_2910015_sw_14_060_20201115,POINT (-100.221671 29.774612),train
NA5120_E1561N0474__m_3010063_sw_14_060_20201115,POINT (-100.229374 30.005388),train
NA5120_E1561N0480__m_3010047_sw_14_060_20201115,POINT (-100.238703 30.282308),train
NA5120_E1561N0481__m_3010046_ne_14_060_20220608,POINT (-100.240267 30.328459),train
NA5120_E1561N0481__m_3010047_nw_14_060_20201115,POINT (-100.240267 30.328459),train
NA5120_E1561N0488__m_3010022_se_14_060_20201115,POINT (-100.251291 30.651512),train
NA5120_E1561N0488__m_3010022_se_14_060_20220611,POINT (-100.251291 30.651512),train
NA5120_E1561N0536__m_3210014_nw_14_060_20220903,POINT (-100.330558 32.866223),val
NA5120_E1561N0546__m_3310046_nw_14_060_20220903,POINT (-100.34792 33.327507),train
NA5120_E1561N0576__m_3410021_ne_14_060_20200930,POINT (-100.401882 34.711118),train
NA5120_E1561N0597__m_3510021_nw_14_060_20220904,POINT (-100.441413 35.679424),train
NA5120_E1561N0606__m_3610061_nw_14_060_20220909,POINT (-100.45882 36.094356),train
NA5120_E1561N0706__m_4010019_ne_14_060_20220718,POINT (-100.673199 40.702347),train
NA5120_E1561N0772__m_4310010_sw_14_060_20210829,POINT (-100.839318 43.741134),val
NA5120_E1561N0772__m_4310018_nw_14_060_20200813,POINT (-100.839318 43.741134),val
NA5120_E1561N0792__m_4410017_se_14_060_20200813,POINT (-100.894235 44.661571),train
NA5120_E1561N0800__m_4510057_se_14_060_20220808,POINT (-100.916854 45.029691),train
NA5120_E1561N0802__m_4510049_se_14_060_20200716,POINT (-100.922569 45.121716),train
NA5120_E1561N0802__m_4510049_se_14_060_20220808,POINT (-100.922569 45.121716),train
NA5120_E1561N0817__m_4510009_nw_14_060_20200716,POINT (-100.966214 45.811843),train
NA5120_E1561N0870__m_4810147_se_14_060_20211003,POINT (-101.132352 48.249387),train
NA5120_E1561N0870__m_4810147_se_14_060_20220730,POINT (-101.132352 48.249387),train
NA5120_E1561N0876__m_4810131_se_14_060_20220730,POINT (-101.152427 48.525245),train
NA5120_E1562N0471__m_2910007_se_14_060_20220608,POINT (-100.173078 29.868464),train
NA5120_E1562N0488__m_3010023_sw_14_060_20201115,POINT (-100.199123 30.653073),test
NA5120_E1562N0490__m_3010015_sw_14_060_20201012,POINT (-100.202237 30.745373),train
NA5120_E1562N0490__m_3010015_sw_14_060_20220608,POINT (-100.202237 30.745373),train
NA5120_E1562N0490__m_3010023_nw_14_060_20201115,POINT (-100.202237 30.745373),train
NA5120_E1562N0497__m_3110063_nw_14_060_20220725,POINT (-100.213219 31.068411),train
NA5120_E1562N0521__m_3210054_se_14_060_20220725,POINT (-100.251892 32.175826),train
NA5120_E1562N0526__m_3210038_se_14_060_20220725,POINT (-100.260152 32.40651),val
NA5120_E1562N0552__m_3310030_ne_14_060_20200930,POINT (-100.304288 33.605905),test
NA5120_E1562N0559__m_3310006_sw_14_060_20200930,POINT (-100.31652 33.928773),train
NA5120_E1562N0559__m_3310006_sw_14_060_20220903,POINT (-100.31652 33.928773),train
NA5120_E1562N0561__m_3410062_sw_14_060_20200930,POINT (-100.320043 34.021017),train
NA5120_E1562N0561__m_3410062_sw_14_060_20220903,POINT (-100.320043 34.021017),train
NA5120_E1562N0592__m_3510037_ne_14_060_20220904,POINT (-100.376281 35.450595),train
NA5120_E1562N0602__m_3510005_se_14_060_20220909,POINT (-100.395102 35.911665),train
NA5120_E1562N0674__m_3910052_ne_14_060_20190709,POINT (-100.541364 39.230105),train
NA5120_E1562N0711__m_4010003_ne_14_060_20220718,POINT (-100.624663 40.934528),train
NA5120_E1562N0768__m_4310026_ne_14_060_20210829,POINT (-100.765525 43.559033),train
NA5120_E1562N0773__m_4310010_se_14_060_20210829,POINT (-100.778676 43.78918),train
NA5120_E1562N0792__m_4410018_sw_14_060_20200813,POINT (-100.829915 44.66363),train
NA5120_E1562N0792__m_4410018_sw_14_060_20210917,POINT (-100.829915 44.66363),train
NA5120_E1562N0803__m_4510050_sw_14_060_20220808,POINT (-100.860526 45.169811),train
NA5120_E1562N0876__m_4810132_sw_14_060_20211004,POINT (-101.083233 48.527499),train
NA5120_E1562N0882__m_4810116_sw_14_060_20220730,POINT (-101.103199 48.803354),train
NA5120_E1563N0503__m_3110047_ne_14_060_20201008,POINT (-100.170112 31.346836),train
NA5120_E1563N0534__m_3210015_sw_14_060_20200930,POINT (-100.219914 32.777173),train
NA5120_E1563N0575__m_3410022_se_14_060_20200930,POINT (-100.290071 34.668328),train
NA5120_E1563N0732__m_4110003_se_14_060_20220718,POINT (-100.613359 41.903527),train
NA5120_E1563N0762__m_4310043_sw_14_060_20200814,POINT (-100.687136 43.284799),train
NA5120_E1563N0775__m_4310003_sw_14_060_20210829,POINT (-100.720534 43.88322),val
NA5120_E1563N0812__m_4510026_nw_14_060_20220808,POINT (-100.820701 45.585977),val
NA5120_E1564N0520__m_3210055_se_14_060_20220725,POINT (-100.143934 32.132802),train
NA5120_E1564N0526__m_3210039_se_14_060_20220725,POINT (-100.153456 32.409639),train
NA5120_E1564N0545__m_3310047_sw_14_060_20200930,POINT (-100.184274 33.286196),val
NA5120_E1564N0545__m_3310047_sw_14_060_20220903,POINT (-100.184274 33.286196),val
NA5120_E1564N0564__m_3410055_sw_14_060_20200930,POINT (-100.216139 34.162611),val
NA5120_E1564N0632__m_3710046_sw_14_060_20210724,POINT (-100.339514 37.298048),test
NA5120_E1564N0677__m_3910037_se_14_060_20190709,POINT (-100.430108 39.371897),train
NA5120_E1564N0696__m_4010045_sw_14_060_20220718,POINT (-100.470752 40.247257),train
NA5120_E1564N0734__m_4110004_nw_14_060_20220718,POINT (-100.556705 41.997493),train
NA5120_E1564N0785__m_4410043_nw_14_060_20200813,POINT (-100.682882 44.345455),train
NA5120_E1564N0804__m_4510051_nw_14_060_20220808,POINT (-100.733402 45.219874),train
NA5120_E1564N0846__m_4710050_sw_14_060_20200728,POINT (-100.852644 47.152185),train
NA5120_E1564N0846__m_4710050_sw_14_060_20211005,POINT (-100.852644 47.152185),train
NA5120_E1564N0866__m_4810057_ne_14_060_20211004,POINT (-100.913407 48.07203),train
NA5120_E1564N0874__m_4810033_nw_14_060_20211004,POINT (-100.938487 48.439912),train
NA5120_E1564N0874__m_4810033_nw_14_060_20220730,POINT (-100.938487 48.439912),train
NA5120_E1565N0457__m_2910056_ne_14_060_20201010,POINT (-99.998384 29.226629),train
NA5120_E1565N0467__m_2910024_ne_14_060_20201010,POINT (-100.012397 29.688264),train
NA5120_E1565N0467__m_2910024_ne_14_060_20220608,POINT (-100.012397 29.688264),train
NA5120_E1565N0515__m_3110008_sw_14_060_20220726,POINT (-100.083071 31.903598),train
NA5120_E1565N0523__m_3210048_sw_14_060_20220726,POINT (-100.095427 32.272736),train
NA5120_E1565N0536__m_3210007_se_14_060_20220903,POINT (-100.115874 32.872533),train
NA5120_E1565N0644__m_3710014_ne_14_060_20190704,POINT (-100.305375 37.852842),train
NA5120_E1565N0644__m_3710014_nw_14_060_20190713,POINT (-100.305375 37.852842),train
NA5120_E1565N0732__m_4110004_se_14_060_20220718,POINT (-100.490675 41.907218),train
NA5120_E1565N0755__m_4210004_ne_14_060_20200814,POINT (-100.544627 42.966316),train
NA5120_E1565N0755__m_4210004_ne_14_060_20220829,POINT (-100.544627 42.966316),train
NA5120_E1565N0775__m_4310004_sw_14_060_20200814,POINT (-100.59364 43.887073),train
NA5120_E1565N0775__m_4310004_sw_14_060_20210829,POINT (-100.59364 43.887073),train
NA5120_E1565N0802__m_4510051_se_14_060_20200808,POINT (-100.663119 45.129799),train
NA5120_E1565N0806__m_4510043_ne_14_060_20220808,POINT (-100.673752 45.313877),train
NA5120_E1565N0883__m_4810009_ne_14_060_20211004,POINT (-100.897591 48.855883),train
NA5120_E1566N0498__m_3110056_se_14_060_20220909,POINT (-100.004897 31.120552),train
NA5120_E1566N0511__m_3110024_ne_14_060_20220909,POINT (-100.024078 31.720489),train
NA5120_E1566N0522__m_3210056_ne_14_060_20220726,POINT (-100.040647 32.228078),train
NA5120_E1566N0524__m_3210048_ne_14_060_20220726,POINT (-100.043693 32.320362),train
NA5120_E1566N0681__m_3910030_nw_14_060_20211005,POINT (-100.3204 39.559641),val
NA5120_E1566N0808__m_4510035_se_14_060_20220808,POINT (-100.613902 45.407847),val
NA5120_E1566N0820__m_4510003_ne_14_060_20210917,POINT (-100.645825 45.960049),train
NA5120_E1566N0820__m_4510003_ne_14_060_20220729,POINT (-100.645825 45.960049),train
NA5120_E1566N0820__m_4510003_ne_14_060_20220808,POINT (-100.645825 45.960049),train
NA5120_E1566N0843__m_4710059_sw_14_060_20200728,POINT (-100.709379 47.018247),train
NA5120_E1566N0843__m_4710059_sw_14_060_20211005,POINT (-100.709379 47.018247),train
NA5120_E1566N0845__m_4710059_nw_14_060_20211005,POINT (-100.715058 47.110252),train
NA5120_E1567N0452__m_2909957_se_14_060_20200424,POINT (-99.889207 28.998571),train
NA5120_E1567N0462__m_2909933_ne_14_060_20201010,POINT (-99.902533 29.460246),train
NA5120_E1567N0484__m_3009933_ne_14_060_20201116,POINT (-99.932654 30.475804),train
NA5120_E1567N0484__m_3009933_ne_14_060_20220611,POINT (-99.932654 30.475804),train
NA5120_E1567N0511__m_3109917_nw_14_060_20200929,POINT (-99.971196 31.721928),train
NA5120_E1567N0511__m_3109917_nw_14_060_20220909,POINT (-99.971196 31.721928),train
NA5120_E1567N0543__m_3310056_ne_14_060_20220903,POINT (-100.019264 33.198459),val
NA5120_E1567N0677__m_3910038_se_14_060_20190709,POINT (-100.253399 39.376992),val
NA5120_E1567N0756__m_4310061_se_14_060_20200814,POINT (-100.422026 43.015986),train
NA5120_E1567N0756__m_4310061_se_14_060_20220829,POINT (-100.422026 43.015986),train
NA5120_E1567N0802__m_4510052_se_14_060_20220722,POINT (-100.533366 45.133601),test
NA5120_E1567N0818__m_4510004_sw_14_060_20220722,POINT (-100.574688 45.869934),train
NA5120_E1567N0827__m_4610044_sw_14_060_20210917,POINT (-100.598563 46.284068),train
NA5120_E1567N0827__m_4610044_sw_14_060_20220729,POINT (-100.598563 46.284068),train
NA5120_E1567N0833__m_4610028_nw_14_060_20200812,POINT (-100.614741 46.560136),val
NA5120_E1567N0842__m_4610003_ne_14_060_20200728,POINT (-100.639409 46.974207),val
NA5120_E1567N0874__m_4810035_nw_14_060_20211004,POINT (-100.731215 48.446143),train
NA5120_E1568N0433__m_2809950_sw_14_060_20200424,POINT (-99.813889 28.122614),test
NA5120_E1568N0436__m_2809942_sw_14_060_20200424,POINT (-99.817657 28.261143),train
NA5120_E1568N0437__m_2809942_nw_14_060_20200424,POINT (-99.818918 28.307319),test
NA5120_E1568N0445__m_2809918_sw_14_060_20200424,POINT (-99.829075 28.676713),train
NA5120_E1568N0451__m_2809902_nw_14_060_20200424,POINT (-99.836783 28.953743),train
NA5120_E1568N0454__m_2909958_nw_14_060_20200424,POINT (-99.840666 29.092254),train
NA5120_E1568N0460__m_2909934_sw_14_060_20201010,POINT (-99.848491 29.369265),train
NA5120_E1568N0506__m_3109925_se_14_060_20200929,POINT (-99.911195 31.492587),train
NA5120_E1568N0507__m_3109925_se_14_060_20200929,POINT (-99.912614 31.538737),train
NA5120_E1568N0507__m_3109925_se_14_060_20220909,POINT (-99.912614 31.538737),train
NA5120_E1568N0529__m_3209925_sw_14_060_20220726,POINT (-99.944451 32.553954),train
NA5120_E1568N0545__m_3309941_sw_14_060_20220903,POINT (-99.968382 33.292178),train
NA5120_E1568N0561__m_3409957_sw_14_060_20201008,POINT (-99.992996 34.030302),train
NA5120_E1568N0757__m_4310062_nw_14_060_20220829,POINT (-100.361778 43.06379),train
NA5120_E1568N0786__m_4410037_se_14_060_20220722,POINT (-100.429392 44.398961),train
NA5120_E1568N0786__m_4410037_sw_14_060_20200813,POINT (-100.429392 44.398961),train
NA5120_E1568N0808__m_4510037_sw_14_060_20220722,POINT (-100.483486 45.411593),val
NA5120_E1568N0841__m_4610004_nw_14_060_20200728,POINT (-100.569558 46.930121),train
NA5120_E1568N0841__m_4610004_nw_14_060_20211005,POINT (-100.569558 46.930121),train
NA5120_E1569N0440__m_2809934_ne_14_060_20200424,POINT (-99.771913 28.447146),train
NA5120_E1569N0454__m_2909958_ne_14_060_20200424,POINT (-99.789476 29.093569),train
NA5120_E1569N0457__m_2909950_ne_14_060_20201010,POINT (-99.793293 29.23208),test
NA5120_E1569N0504__m_3109934_sw_14_060_20200929,POINT (-99.855697 31.401654),val
NA5120_E1569N0527__m_3209933_ne_14_060_20220726,POINT (-99.888114 32.463065),train
NA5120_E1569N0533__m_3209917_ne_14_060_20220726,POINT (-99.896786 32.739922),train
NA5120_E1569N0656__m_3810040_sw_14_060_20210909,POINT (-100.096679 38.412366),train
NA5120_E1569N0784__m_4410046_nw_14_060_20220808,POINT (-100.360666 44.308661),train
NA5120_E1570N0431__m_2809959_sw_14_060_20201030,POINT (-99.710285 28.032816),train
NA5120_E1570N0457__m_2909950_ne_14_060_20201010,POINT (-99.742016 29.23337),train
NA5120_E1570N0467__m_2909918_ne_14_060_20201010,POINT (-99.754594 29.695058),train
NA5120_E1570N0468__m_2909918_ne_14_060_20201010,POINT (-99.755863 29.741225),val
NA5120_E1570N0493__m_3009902_se_14_060_20200929,POINT (-99.788308 30.895281),train
NA5120_E1570N0502__m_3109942_ne_14_060_20200929,POINT (-99.80033 31.310686),val
NA5120_E1570N0524__m_3209942_nw_14_060_20201007,POINT (-99.830515 32.325993),train
NA5120_E1570N0524__m_3209942_nw_14_060_20220726,POINT (-99.830515 32.325993),train
NA5120_E1570N0526__m_3209934_sw_14_060_20220726,POINT (-99.833317 32.418285),train
NA5120_E1570N0544__m_3309942_sw_14_060_20220903,POINT (-99.858974 33.248842),train
NA5120_E1570N0605__m_3609957_nw_14_060_20190628,POINT (-99.952271 36.062574),train
NA5120_E1570N0653__m_3810048_se_14_060_20210909,POINT (-100.033321 38.27561),train
NA5120_E1570N0750__m_4210015_sw_14_060_20220828,POINT (-100.221612 42.74483),test
NA5120_E1570N0785__m_4410046_ne_14_060_20220808,POINT (-100.299022 44.356428),train
NA5120_E1570N0786__m_4410038_se_14_060_20210829,POINT (-100.301317 44.402466),train
NA5120_E1570N0786__m_4410038_se_14_060_20220808,POINT (-100.301317 44.402466),train
NA5120_E1570N0835__m_4610021_se_14_060_20200812,POINT (-100.419963 46.657754),val
NA5120_E1570N0835__m_4610021_se_14_060_20210907,POINT (-100.419963 46.657754),val
NA5120_E1570N0835__m_4610021_se_14_060_20220729,POINT (-100.419963 46.657754),val
NA5120_E1570N0853__m_4710037_nw_14_060_20211006,POINT (-100.46681 47.48595),train
NA5120_E1570N0853__m_4710037_nw_14_060_20220910,POINT (-100.46681 47.48595),train
NA5120_E1570N0868__m_4810052_se_14_060_20211016,POINT (-100.507308 48.175998),train
NA5120_E1571N0455__m_2909951_sw_14_060_20201010,POINT (-99.688305 29.142287),train
NA5120_E1571N0486__m_3009927_nw_14_060_20201010,POINT (-99.726959 30.573459),train
NA5120_E1571N0521__m_3209950_ne_14_060_20201007,POINT (-99.773127 32.188881),train
NA5120_E1571N0534__m_3209910_se_14_060_20220726,POINT (-99.790999 32.788779),train
NA5120_E1571N0555__m_3309910_sw_14_060_20201008,POINT (-99.820741 33.75771),train
NA5120_E1571N0610__m_3609941_se_14_060_20190628,POINT (-99.904119 36.294575),train
NA5120_E1571N0636__m_3709925_sw_14_060_20190712,POINT (-99.946532 37.493401),test
NA5120_E1571N0641__m_3709917_nw_14_060_20190712,POINT (-99.954925 37.723913),test
NA5120_E1571N0670__m_3910064_ne_14_060_20210907,POINT (-100.005191 39.060678),train
NA5120_E1571N0672__m_3910056_se_14_060_20210907,POINT (-100.00876 39.152856),train
NA5120_E1571N0772__m_4310015_sw_14_060_20210917,POINT (-100.206296 43.759568),train
NA5120_E1571N0829__m_4610038_sw_14_060_20200818,POINT (-100.338352 46.383427),train
NA5120_E1571N0829__m_4610038_sw_14_060_20220729,POINT (-100.338352 46.383427),train
NA5120_E1571N0849__m_4710045_se_14_060_20211006,POINT (-100.388663 47.30373),train
NA5120_E1571N0849__m_4710045_se_14_060_20220910,POINT (-100.388663 47.30373),train
NA5120_E1572N0454__m_2909959_ne_14_060_20200423,POINT (-99.635896 29.097343),val
NA5120_E1572N0454__m_2909959_ne_14_060_20220515,POINT (-99.635896 29.097343),val
NA5120_E1572N0490__m_3009911_se_14_060_20200929,POINT (-99.679849 30.759366),train
NA5120_E1572N0657__m_3809933_ne_14_060_20210909,POINT (-99.924224 38.462941),train
NA5120_E1572N0681__m_3909925_nw_14_060_20190711,POINT (-99.965903 39.569128),test
NA5120_E1572N0681__m_3909925_nw_14_060_20210907,POINT (-99.965903 39.569128),test
NA5120_E1572N0719__m_4110048_ne_14_060_20220718,POINT (-100.035971 41.320095),test
NA5120_E1572N0721__m_4110040_se_14_060_20220718,POINT (-100.039805 41.412234),train
NA5120_E1572N0728__m_4110024_ne_14_060_20220718,POINT (-100.053346 41.734708),train
NA5120_E1572N0748__m_4210024_sw_14_060_20220828,POINT (-100.093095 42.655945),train
NA5120_E1572N0752__m_4210016_nw_14_060_20220828,POINT (-100.101239 42.840172),train
NA5120_E1572N0763__m_4310047_ne_14_060_20210917,POINT (-100.12398 43.346759),train
NA5120_E1572N0819__m_4510006_se_14_060_20200816,POINT (-100.248171 45.92492),train
NA5120_E1572N0846__m_4710054_sw_14_060_20211005,POINT (-100.313573 47.16746),val
NA5120_E1572N0847__m_4710054_nw_14_060_20220910,POINT (-100.316071 47.213473),train
NA5120_E1572N0872__m_4810045_ne_14_060_20200707,POINT (-100.380353 48.363665),val
NA5120_E1573N0423__m_2709920_se_14_060_20201030,POINT (-99.549779 27.666966),train
NA5120_E1573N0470__m_2909912_nw_14_060_20220607,POINT (-99.603445 29.837291),train
NA5120_E1573N0529__m_3209927_ne_14_060_20220924,POINT (-99.677153 32.560637),train
NA5120_E1573N0597__m_3509918_ne_14_060_20190627,POINT (-99.77208 35.697795),train
NA5120_E1573N0606__m_3609958_ne_14_060_20190627,POINT (-99.785533 36.112872),train
NA5120_E1573N0609__m_3609942_se_14_060_20190628,POINT (-99.790067 36.251224),train
NA5120_E1573N0609__m_3609942_se_14_060_20210919,POINT (-99.790067 36.251224),train
NA5120_E1573N0617__m_3609918_se_14_060_20210919,POINT (-99.802279 36.620146),val
NA5120_E1573N0619__m_3609918_ne_14_060_20210919,POINT (-99.80536 36.712372),train
NA5120_E1573N0643__m_3709910_nw_14_060_20190712,POINT (-99.843237 37.818963),test
NA5120_E1573N0643__m_3709910_nw_14_060_20210920,POINT (-99.843237 37.818963),test
NA5120_E1573N0644__m_3709910_nw_14_060_20190712,POINT (-99.844852 37.865066),train
NA5120_E1573N0644__m_3709910_nw_14_060_20210920,POINT (-99.844852 37.865066),train
NA5120_E1573N0669__m_3909957_se_14_060_20190711,POINT (-99.886236 39.017506),val
NA5120_E1573N0669__m_3909957_se_14_060_20210907,POINT (-99.886236 39.017506),val
NA5120_E1573N0685__m_3909909_se_14_060_20190711,POINT (-99.913774 39.754932),train
NA5120_E1573N0687__m_3909909_ne_14_060_20190711,POINT (-99.917276 39.847103),train
NA5120_E1573N0687__m_3909909_ne_14_060_20210907,POINT (-99.917276 39.847103),train
NA5120_E1573N0729__m_4109909_sw_14_060_20220718,POINT (-99.994065 41.7823),val
NA5120_E1573N0732__m_4110008_se_14_060_20220718,POINT (-99.999797 41.9205),train
NA5120_E1573N0789__m_4410031_se_14_060_20210821,POINT (-100.115618 44.545556),train
NA5120_E1573N0799__m_4510063_se_14_060_20220809,POINT (-100.137384 45.005946),train
NA5120_E1573N0808__m_4510039_se_14_060_20210821,POINT (-100.157372 45.420259),train
NA5120_E1573N0843__m_4710062_se_14_060_20190819,POINT (-100.238887 47.031132),train
NA5120_E1573N0843__m_4710062_se_14_060_20211002,POINT (-100.238887 47.031132),train
NA5120_E1573N0843__m_4710062_se_14_060_20220910,POINT (-100.238887 47.031132),train
NA5120_E1574N0419__m_2709936_ne_14_060_20201030,POINT (-99.495168 27.483362),test
NA5120_E1574N0420__m_2709928_se_14_060_20201030,POINT (-99.496233 27.529549),train
NA5120_E1574N0432__m_2809960_ne_14_060_20200423,POINT (-99.509147 28.083769),train
NA5120_E1574N0527__m_3209935_ne_14_060_20220924,POINT (-99.621129 32.469583),train
NA5120_E1574N0618__m_3609918_se_14_060_20210919,POINT (-99.747247 36.667602),train
NA5120_E1574N0626__m_3709958_se_14_060_20190712,POINT (-99.759359 37.036504),val
NA5120_E1574N0626__m_3709958_se_14_060_20210919,POINT (-99.759359 37.036504),val
NA5120_E1574N0630__m_3709950_ne_14_060_20190712,POINT (-99.765482 37.220946),train
NA5120_E1574N0643__m_3709910_ne_14_060_20190712,POINT (-99.7857 37.820336),train
NA5120_E1574N0655__m_3809934_se_14_060_20190712,POINT (-99.804804 38.373559),train
NA5120_E1574N0655__m_3809934_se_14_060_20210909,POINT (-99.804804 38.373559),train
NA5120_E1574N0677__m_3909934_sw_14_060_20190711,POINT (-99.840973 39.387649),train
NA5120_E1574N0677__m_3909934_sw_14_060_20210907,POINT (-99.840973 39.387649),train
NA5120_E1574N0695__m_4009949_ne_14_060_20220718,POINT (-99.871721 40.21721),train
NA5120_E1574N0725__m_4109925_ne_14_060_20220718,POINT (-99.925427 41.599511),train
NA5120_E1574N0761__m_4309941_sw_14_060_20210917,POINT (-99.994257 43.257768),train
NA5120_E1574N0828__m_4610047_ne_14_060_20200818,POINT (-100.136835 46.342473),train
NA5120_E1574N0828__m_4610047_ne_14_060_20220808,POINT (-100.136835 46.342473),train
NA5120_E1574N0833__m_4610031_ne_14_060_20200818,POINT (-100.148315 46.572595),train
NA5120_E1574N0833__m_4610031_ne_14_060_20220808,POINT (-100.148315 46.572595),train
NA5120_E1575N0426__m_2709913_nw_14_060_20201030,POINT (-99.452234 27.807782),train
NA5120_E1575N0426__m_2709913_nw_14_060_20220515,POINT (-99.452234 27.807782),train
NA5120_E1575N0444__m_2809921_sw_14_060_20200423,POINT (-99.471403 28.639073),val
NA5120_E1575N0444__m_2809921_sw_14_060_20220515,POINT (-99.471403 28.639073),val
NA5120_E1575N0470__m_2909912_ne_14_060_20220607,POINT (-99.500129 29.839633),train
NA5120_E1575N0503__m_3109944_ne_14_060_20201010,POINT (-99.538457 31.363079),val
NA5120_E1575N0503__m_3109944_ne_14_060_20220926,POINT (-99.538457 31.363079),val
NA5120_E1575N0623__m_3609903_sw_14_060_20210919,POINT (-99.698033 36.899484),train
NA5120_E1575N0630__m_3709951_nw_14_060_20190712,POINT (-99.708451 37.222269),train
NA5120_E1575N0662__m_3809918_ne_14_060_20190713,POINT (-99.757844 38.697608),train
NA5120_E1575N0662__m_3809918_ne_14_060_20210909,POINT (-99.757844 38.697608),train
NA5120_E1575N0676__m_3909942_ne_14_060_20190711,POINT (-99.78041 39.342939),train
NA5120_E1575N0695__m_4009950_nw_14_060_20220718,POINT (-99.81202 40.218615),train
NA5120_E1575N0712__m_4109958_sw_14_060_20220718,POINT (-99.841309 41.001988),train
NA5120_E1575N0726__m_4109917_se_14_060_20220718,POINT (-99.866175 41.647029),train
NA5120_E1575N0732__m_4109901_se_14_060_20220718,POINT (-99.877045 41.923449),test
NA5120_E1575N0768__m_4309925_nw_14_060_20210917,POINT (-99.945104 43.581651),train
NA5120_E1575N0771__m_4309917_nw_14_060_20210917,POINT (-99.951005 43.71981),test
NA5120_E1575N0772__m_4309909_sw_14_060_20210917,POINT (-99.95298 43.765862),train
NA5120_E1575N0812__m_4510032_ne_14_060_20210821,POINT (-100.035464 45.607585),train
NA5120_E1575N0812__m_4510032_ne_14_060_20220808,POINT (-100.035464 45.607585),train
NA5120_E1575N0829__m_4610040_sw_14_060_20200818,POINT (-100.072702 46.390106),train
NA5120_E1575N0829__m_4610040_sw_14_060_20220729,POINT (-100.072702 46.390106),train
NA5120_E1576N0428__m_2709905_se_14_060_20201030,POINT (-99.403857 27.901243),train
NA5120_E1576N0428__m_2709905_se_14_060_20220515,POINT (-99.403857 27.901243),train
NA5120_E1576N0440__m_2809937_ne_14_060_20200424,POINT (-99.416285 28.455451),test
NA5120_E1576N0440__m_2809937_ne_14_060_20220515,POINT (-99.416285 28.455451),test
NA5120_E1576N0443__m_2809929_ne_14_060_20200424,POINT (-99.419431 28.593996),train
NA5120_E1576N0443__m_2809929_ne_14_060_20220515,POINT (-99.419431 28.593996),train
NA5120_E1576N0451__m_2809905_ne_14_060_20200424,POINT (-99.427898 28.963433),train
NA5120_E1576N0451__m_2809905_ne_14_060_20220515,POINT (-99.427898 28.963433),train
NA5120_E1576N0546__m_3309944_ne_14_060_20220907,POINT (-99.537755 33.348783),train
NA5120_E1576N0607__m_3609951_se_14_060_20190627,POINT (-99.618557 36.16288),train
NA5120_E1576N0622__m_3609911_ne_14_060_20190627,POINT (-99.639829 36.854651),val
NA5120_E1576N0729__m_4109910_sw_14_060_20220718,POINT (-99.810354 41.786656),test
NA5120_E1576N0779__m_4409957_ne_14_060_20210917,POINT (-99.903223 44.089701),train
NA5120_E1576N0799__m_4509957_sw_14_060_20200719,POINT (-99.943137 45.01062),train
NA5120_E1576N0799__m_4509957_sw_14_060_20210821,POINT (-99.943137 45.01062),train
NA5120_E1576N0799__m_4509957_sw_14_060_20220808,POINT (-99.943137 45.01062),train
NA5120_E1576N0803__m_4509949_nw_14_060_20210821,POINT (-99.951324 45.194783),train
NA5120_E1576N0803__m_4509949_nw_14_060_20220808,POINT (-99.951324 45.194783),train
NA5120_E1576N0834__m_4610024_se_14_060_20200818,POINT (-100.017207 46.621811),test
NA5120_E1576N0834__m_4610024_se_14_060_20210823,POINT (-100.017207 46.621811),test
NA5120_E1576N0834__m_4610024_se_14_060_20220729,POINT (-100.017207 46.621811),test
NA5120_E1576N0838__m_4610016_ne_14_060_20200818,POINT (-100.026035 46.805913),train
NA5120_E1576N0838__m_4610016_ne_14_060_20210823,POINT (-100.026035 46.805913),train
NA5120_E1576N0838__m_4610016_ne_14_060_20220729,POINT (-100.026035 46.805913),train
NA5120_E1576N0841__m_4610008_ne_14_060_20220830,POINT (-100.032707 46.943985),train
NA5120_E1576N0882__m_4810015_ne_14_060_20200708,POINT (-100.128509 48.830569),test
NA5120_E1577N0413__m_2709954_nw_14_060_20200607,POINT (-99.338588 27.209464),train
NA5120_E1577N0420__m_2709930_sw_14_060_20200607,POINT (-99.345444 27.532799),train
NA5120_E1577N0421__m_2709930_nw_14_060_20200607,POINT (-99.34643 27.578988),train
NA5120_E1577N0502__m_3109945_ne_14_060_20201002,POINT (-99.432025 31.319201),train
NA5120_E1577N0678__m_3909935_ne_14_060_20190711,POINT (-99.665734 39.437782),train
NA5120_E1577N0678__m_3909935_ne_14_060_20210907,POINT (-99.665734 39.437782),train
NA5120_E1577N0713__m_4109959_sw_14_060_20200808,POINT (-99.722051 41.050815),test
NA5120_E1577N0713__m_4109959_sw_14_060_20220718,POINT (-99.722051 41.050815),test
NA5120_E1577N0775__m_4309902_sw_14_060_20210917,POINT (-99.831944 43.906939),train
NA5120_E1577N0853__m_4709925_sw_14_060_20211002,POINT (-99.991999 47.4978),train
NA5120_E1577N0854__m_4709925_sw_14_060_20220830,POINT (-99.994232 47.543819),train
NA5120_E1577N0855__m_4710032_ne_14_060_20211002,POINT (-99.996471 47.589838),train
NA5120_E1577N0855__m_4710032_ne_14_060_20220830,POINT (-99.996471 47.589838),train
NA5120_E1578N0485__m_3009930_sw_14_060_20201030,POINT (-99.360971 30.535487),train
NA5120_E1578N0525__m_3209937_se_14_060_20201005,POINT (-99.405216 32.381934),train
NA5120_E1578N0551__m_3309929_nw_14_060_20200929,POINT (-99.435665 33.581813),train
NA5120_E1578N0551__m_3309929_nw_14_060_20220826,POINT (-99.435665 33.581813),train
NA5120_E1578N0552__m_3309921_sw_14_060_20220826,POINT (-99.436864 33.627957),train
NA5120_E1578N0601__m_3509904_se_14_060_20190627,POINT (-99.498318 35.888562),train
NA5120_E1578N0779__m_4409958_ne_14_060_20220808,POINT (-99.775819 44.092559),train
NA5120_E1578N0783__m_4409942_se_14_060_20220808,POINT (-99.783254 44.276768),val
NA5120_E1578N0818__m_4509902_sw_14_060_20200719,POINT (-99.851047 45.88831),train
NA5120_E1578N0818__m_4509902_sw_14_060_20210823,POINT (-99.851047 45.88831),train
NA5120_E1578N0818__m_4509902_sw_14_060_20220808,POINT (-99.851047 45.88831),train
NA5120_E1578N0830__m_4609933_ne_14_060_20200818,POINT (-99.875484 46.440717),test
NA5120_E1578N0830__m_4609933_ne_14_060_20220729,POINT (-99.875484 46.440717),test
NA5120_E1578N0836__m_4609917_ne_14_060_20200818,POINT (-99.887943 46.716898),train
NA5120_E1578N0836__m_4609917_ne_14_060_20210810,POINT (-99.887943 46.716898),train
NA5120_E1578N0836__m_4609917_ne_14_060_20220729,POINT (-99.887943 46.716898),train
NA5120_E1578N0840__m_4609901_se_14_060_20210810,POINT (-99.896341 46.901009),train
NA5120_E1578N0870__m_4809941_sw_14_060_20190715,POINT (-99.961757 48.281626),train
NA5120_E1578N0870__m_4809941_sw_14_060_20200707,POINT (-99.961757 48.281626),train
NA5120_E1578N0875__m_4809925_sw_14_060_20211006,POINT (-99.973095 48.51169),train
NA5120_E1578N0883__m_4809901_sw_14_060_20211006,POINT (-99.991506 48.879771),test
NA5120_E1579N0487__m_3009922_sw_14_060_20201030,POINT (-99.310945 30.628875),train
NA5120_E1579N0511__m_3109922_nw_14_060_20201002,POINT (-99.33648 31.736816),train
NA5120_E1579N0591__m_3509937_se_14_060_20210731,POINT (-99.429748 35.428437),train
NA5120_E1579N0602__m_3509905_nw_14_060_20190627,POINT (-99.443645 35.935847),train
NA5120_E1579N0641__m_3709920_ne_14_060_20190712,POINT (-99.495233 37.734469),train
NA5120_E1579N0642__m_3709912_se_14_060_20190712,POINT (-99.496605 37.78058),train
NA5120_E1579N0642__m_3709912_se_14_060_20210920,POINT (-99.496605 37.78058),train
NA5120_E1579N0667__m_3809904_ne_14_060_20190711,POINT (-99.531768 38.933219),train
NA5120_E1579N0667__m_3809904_se_14_060_20190713,POINT (-99.531768 38.933219),train
NA5120_E1579N0757__m_4309959_ne_14_060_20220718,POINT (-99.67342 43.080627),train
NA5120_E1579N0768__m_4309927_nw_14_060_20220718,POINT (-99.692547 43.587304),train
NA5120_E1579N0872__m_4809933_se_14_060_20211006,POINT (-99.897248 48.375167),train
NA5120_E1580N0440__m_2809939_nw_14_060_20201116,POINT (-99.21304 28.459564),train
NA5120_E1580N0440__m_2809939_nw_14_060_20220515,POINT (-99.21304 28.459564),train
NA5120_E1580N0441__m_2809931_sw_14_060_20220515,POINT (-99.213976 28.505749),train
NA5120_E1580N0442__m_2809931_sw_14_060_20201116,POINT (-99.214914 28.551934),val
NA5120_E1580N0445__m_2809923_nw_14_060_20201116,POINT (-99.217736 28.690486),train
NA5120_E1580N0445__m_2809923_nw_14_060_20220515,POINT (-99.217736 28.690486),train
NA5120_E1580N0469__m_2909915_sw_14_060_20201030,POINT (-99.240831 29.798795),train
NA5120_E1580N0475__m_3009962_ne_14_060_20201030,POINT (-99.246752 30.075842),train
NA5120_E1580N0498__m_3109954_se_14_060_20201002,POINT (-99.270017 31.137738),train
NA5120_E1580N0509__m_3109922_se_14_060_20201002,POINT (-99.281471 31.645536),train
NA5120_E1580N0539__m_3309962_sw_14_060_20200929,POINT (-99.313841 33.030219),val
NA5120_E1580N0539__m_3309962_sw_14_060_20220907,POINT (-99.313841 33.030219),val
NA5120_E1580N0608__m_3609953_ne_14_060_20190627,POINT (-99.395134 36.213729),test
NA5120_E1580N0650__m_3809953_sw_14_060_20190712,POINT (-99.449848 38.150627),val
NA5120_E1580N0722__m_4109936_ne_14_060_20200808,POINT (-99.554397 41.469399),train
NA5120_E1580N0731__m_4109904_sw_14_060_20200808,POINT (-99.56853 41.884098),train
NA5120_E1580N0731__m_4109904_sw_14_060_20220718,POINT (-99.56853 41.884098),train
NA5120_E1580N0806__m_4509943_nw_14_060_20200719,POINT (-99.696944 45.338619),train
NA5120_E1580N0806__m_4509943_nw_14_060_20210821,POINT (-99.696944 45.338619),train
NA5120_E1580N0806__m_4509943_nw_14_060_20220808,POINT (-99.696944 45.338619),train
NA5120_E1580N0809__m_4509935_nw_14_060_20210821,POINT (-99.70251 45.476751),train
NA5120_E1580N0809__m_4509935_nw_14_060_20220808,POINT (-99.70251 45.476751),train
NA5120_E1580N0814__m_4509919_nw_14_060_20200719,POINT (-99.711867 45.706963),train
NA5120_E1580N0814__m_4509919_nw_14_060_20210823,POINT (-99.711867 45.706963),train
NA5120_E1580N0814__m_4509919_nw_14_060_20220808,POINT (-99.711867 45.706963),train
NA5120_E1580N0831__m_4609934_ne_14_060_20200818,POINT (-99.744447 46.489602),train
NA5120_E1580N0831__m_4609934_ne_14_060_20220729,POINT (-99.744447 46.489602),train
NA5120_E1580N0831__m_4609935_nw_14_060_20210823,POINT (-99.744447 46.489602),train
NA5120_E1580N0859__m_4709910_se_14_060_20200714,POINT (-99.800821 47.778388),train
NA5120_E1580N0859__m_4709910_se_14_060_20210922,POINT (-99.800821 47.778388),train
NA5120_E1580N0859__m_4709910_se_14_060_20220830,POINT (-99.800821 47.778388),train
NA5120_E1580N0881__m_4809910_sw_14_060_20200707,POINT (-99.84766 48.79077),train
NA5120_E1580N0881__m_4809910_sw_14_060_20211006,POINT (-99.84766 48.79077),train
NA5120_E1581N0444__m_2809923_se_14_060_20220515,POINT (-99.165868 28.645262),train
NA5120_E1581N0446__m_2809923_ne_14_060_20220515,POINT (-99.167698 28.737631),train
NA5120_E1581N0465__m_2909931_nw_14_060_20200614,POINT (-99.185395 29.615066),train
NA5120_E1581N0545__m_3309946_ne_14_060_20200929,POINT (-99.266521 33.308158),train
NA5120_E1581N0545__m_3309946_ne_14_060_20220907,POINT (-99.266521 33.308158),train
NA5120_E1581N0551__m_3309930_ne_14_060_20200929,POINT (-99.273072 33.585047),train
NA5120_E1581N0551__m_3309930_ne_14_060_20220907,POINT (-99.273072 33.585047),train
NA5120_E1581N0563__m_3409954_se_14_060_20201001,POINT (-99.286383 34.138786),train
NA5120_E1581N0581__m_3409906_ne_14_060_20210919,POINT (-99.30689 34.969295),train
NA5120_E1581N0607__m_3609954_sw_14_060_20190627,POINT (-99.337709 36.168702),train
NA5120_E1581N0607__m_3609954_sw_14_060_20210731,POINT (-99.337709 36.168702),train
NA5120_E1581N0666__m_3809905_se_14_060_20190711,POINT (-99.413365 38.88947),train
NA5120_E1581N0667__m_3809905_ne_14_060_20190711,POINT (-99.414721 38.935573),train
NA5120_E1581N0668__m_3809905_ne_14_060_20190711,POINT (-99.416079 38.981676),train
NA5120_E1581N0729__m_4109912_se_14_060_20200808,POINT (-99.504114 41.793175),train
NA5120_E1581N0729__m_4109912_se_14_060_20220718,POINT (-99.504114 41.793175),train
NA5120_E1581N0741__m_4209944_ne_14_060_20200807,POINT (-99.522714 42.34608),train
NA5120_E1581N0762__m_4309944_ne_14_060_20220718,POINT (-99.556367 43.313521),train
NA5120_E1581N0774__m_4309912_nw_14_060_20220718,POINT (-99.576257 43.866263),train
NA5120_E1581N0811__m_4509927_ne_14_060_20200719,POINT (-99.640816 45.570174),train
NA5120_E1581N0830__m_4609935_ne_14_060_20210823,POINT (-99.675998 46.444932),train
NA5120_E1581N0830__m_4609935_ne_14_060_20220729,POINT (-99.675998 46.444932),train
NA5120_E1581N0838__m_4609911_nw_14_060_20220729,POINT (-99.691252 46.813206),train
NA5120_E1581N0870__m_4809942_se_14_060_20211006,POINT (-99.755039 48.28603),train
NA5120_E1581N0870__m_4809942_se_14_060_20220730,POINT (-99.755039 48.28603),train
NA5120_E1581N0872__m_4809934_se_14_060_20200707,POINT (-99.75918 48.378067),train
NA5120_E1581N0872__m_4809934_se_14_060_20220730,POINT (-99.75918 48.378067),train
NA5120_E1582N0415__m_2709948_nw_14_060_20200503,POINT (-99.089867 27.306677),test
NA5120_E1582N0454__m_2909963_ne_14_060_20220515,POINT (-99.123873 29.10803),train
NA5120_E1582N0465__m_2909931_ne_14_060_20201002,POINT (-99.133872 29.616012),train
NA5120_E1582N0498__m_3109955_se_14_060_20201002,POINT (-99.16501 31.139711),val
NA5120_E1582N0551__m_3309931_nw_14_060_20220907,POINT (-99.218871 33.586062),train
NA5120_E1582N0558__m_3309907_sw_14_060_20201001,POINT (-99.226365 33.909089),test
NA5120_E1582N0570__m_3409939_nw_14_060_20190625,POINT (-99.239431 34.462808),train
NA5120_E1582N0570__m_3409939_nw_14_060_20210919,POINT (-99.239431 34.462808),train
NA5120_E1582N0600__m_3509914_ne_14_060_20190627,POINT (-99.273351 35.846869),train
NA5120_E1582N0605__m_3609962_ne_14_060_20190627,POINT (-99.279186 36.077513),train
NA5120_E1582N0637__m_3709930_sw_14_060_20190712,POINT (-99.317821 37.553407),train
NA5120_E1582N0638__m_3709930_nw_14_060_20190712,POINT (-99.319066 37.599522),val
NA5120_E1582N0646__m_3709906_nw_14_060_20190712,POINT (-99.329107 37.968431),train
NA5120_E1582N0667__m_3809906_nw_14_060_20190711,POINT (-99.356194 38.936698),train
NA5120_E1582N0710__m_4009905_se_14_060_20220718,POINT (-99.415176 40.918794),val
NA5120_E1582N0718__m_4109945_se_14_060_20200808,POINT (-99.426705 41.287475),train
NA5120_E1582N0735__m_4209961_nw_14_060_20200807,POINT (-99.45182 42.070835),train
NA5120_E1582N0775__m_4309904_se_14_060_20220718,POINT (-99.514428 43.913571),test
NA5120_E1582N0812__m_4509920_sw_14_060_20210821,POINT (-99.577148 45.617515),train
NA5120_E1582N0812__m_4509920_sw_14_060_20220808,POINT (-99.577148 45.617515),train
NA5120_E1582N0856__m_4709919_se_14_060_20190715,POINT (-99.658526 47.643084),train
NA5120_E1582N0856__m_4709919_se_14_060_20200717,POINT (-99.658526 47.643084),train
NA5120_E1582N0856__m_4709919_se_14_060_20210917,POINT (-99.658526 47.643084),train
NA5120_E1582N0882__m_4809911_nw_14_060_20200707,POINT (-99.710488 48.839628),train
NA5120_E1582N0882__m_4809911_nw_14_060_20211006,POINT (-99.710488 48.839628),train
NA5120_E1582N0882__m_4809911_nw_14_060_20220730,POINT (-99.710488 48.839628),train
NA5120_E1583N0425__m_2709916_se_14_060_20201031,POINT (-99.047971 27.769498),train
NA5120_E1583N0450__m_2809908_sw_14_060_20220515,POINT (-99.069186 28.924204),train
NA5120_E1583N0544__m_3309947_se_14_060_20220907,POINT (-99.157499 33.263995),val
NA5120_E1583N0554__m_3309923_ne_14_060_20200929,POINT (-99.167768 33.72549),train
NA5120_E1583N0554__m_3309923_ne_14_060_20220826,POINT (-99.167768 33.72549),train
NA5120_E1583N0613__m_3609939_nw_14_060_20190627,POINT (-99.232232 36.447561),test
NA5120_E1583N0613__m_3609939_nw_14_060_20210731,POINT (-99.232232 36.447561),test
NA5120_E1583N0666__m_3809906_se_14_060_20190711,POINT (-99.296393 38.891682),train
NA5120_E1583N0685__m_3909914_sw_14_060_20210728,POINT (-99.321002 39.76761),train
NA5120_E1583N0718__m_4109945_se_14_060_20220718,POINT (-99.365956 41.288618),train
NA5120_E1583N0748__m_4209921_se_14_060_20220718,POINT (-99.409448 42.670974),train
NA5120_E1583N0760__m_4309953_ne_14_060_20200817,POINT (-99.427595 43.223814),train
NA5120_E1583N0774__m_4309905_sw_14_060_20210922,POINT (-99.449339 43.86872),train
NA5120_E1583N0774__m_4309905_sw_14_060_20220718,POINT (-99.449339 43.86872),train
NA5120_E1583N0789__m_4409929_nw_14_060_20220808,POINT (-99.473346 44.559601),train
NA5120_E1583N0812__m_4509920_se_14_060_20200719,POINT (-99.511661 45.618773),train
NA5120_E1583N0848__m_4709944_sw_14_060_20210908,POINT (-99.575574 47.276166),test
NA5120_E1583N0848__m_4709944_sw_14_060_20220809,POINT (-99.575574 47.276166),test
NA5120_E1583N0858__m_4709920_nw_14_060_20190715,POINT (-99.594244 47.736457),train
NA5120_E1583N0858__m_4709920_nw_14_060_20210908,POINT (-99.594244 47.736457),train
NA5120_E1583N0858__m_4709920_nw_14_060_20220809,POINT (-99.594244 47.736457),train
NA5120_E1583N0882__m_4809911_ne_14_060_20211004,POINT (-99.640804 48.840985),train
NA5120_E1583N0885__m_4809903_ne_14_060_20200707,POINT (-99.646804 48.979034),train
NA5120_E1584N0415__m_2709841_nw_14_060_20220514,POINT (-98.98959 27.308412),train
NA5120_E1584N0462__m_2909940_ne_14_060_20201002,POINT (-99.02825 29.479275),val
NA5120_E1584N0476__m_3009956_se_14_060_20201002,POINT (-99.040366 30.125773),train
NA5120_E1584N0545__m_3309948_nw_14_060_20220907,POINT (-99.104514 33.311093),train
NA5120_E1584N0550__m_3309932_sw_14_060_20220907,POINT (-99.109468 33.541848),train
NA5120_E1584N0596__m_3509923_se_14_060_20190627,POINT (-99.157174 35.664359),train
NA5120_E1584N0602__m_3509907_ne_14_060_20190627,POINT (-99.163693 35.94115),train
NA5120_E1584N0608__m_3609955_ne_14_060_20210731,POINT (-99.170283 36.217928),val
NA5120_E1584N0650__m_3809955_sw_14_060_20190712,POINT (-99.218512 38.154987),train
NA5120_E1584N0665__m_3809915_nw_14_060_20190713,POINT (-99.236675 38.84663),train
NA5120_E1584N0719__m_4109946_ne_14_060_20200814,POINT (-99.306567 41.335811),train
NA5120_E1584N0719__m_4109946_ne_14_060_20220718,POINT (-99.306567 41.335811),train
NA5120_E1584N0719__m_4109946_nw_14_060_20200808,POINT (-99.306567 41.335811),train
NA5120_E1584N0754__m_4209906_nw_14_060_20200817,POINT (-99.356007 42.948548),train
NA5120_E1584N0754__m_4209906_nw_14_060_20210922,POINT (-99.356007 42.948548),train
NA5120_E1584N0754__m_4209906_nw_14_060_20220718,POINT (-99.356007 42.948548),train
NA5120_E1584N0773__m_4309913_ne_14_060_20200817,POINT (-99.384352 43.823827),train
NA5120_E1584N0773__m_4309913_ne_14_060_20210922,POINT (-99.384352 43.823827),train
NA5120_E1584N0811__m_4509929_nw_14_060_20200719,POINT (-99.444522 45.573942),train
NA5120_E1584N0811__m_4509929_nw_14_060_20220808,POINT (-99.444522 45.573942),train
NA5120_E1584N0815__m_4509913_sw_14_060_20200719,POINT (-99.451142 45.758131),train
NA5120_E1584N0815__m_4509913_sw_14_060_20220808,POINT (-99.451142 45.758131),train
NA5120_E1584N0882__m_4809912_nw_14_060_20200707,POINT (-99.571115 48.842299),train
NA5120_E1585N0421__m_2709825_nw_14_060_20201031,POINT (-98.944059 27.586412),train
NA5120_E1585N0433__m_2809849_sw_14_060_20220515,POINT (-98.953414 28.140728),train
NA5120_E1585N0447__m_2809809_sw_14_060_20220515,POINT (-98.964567 28.787371),train
NA5120_E1585N0566__m_3409948_sw_14_060_20190625,POINT (-99.070904 34.281133),train
NA5120_E1585N0566__m_3409948_sw_14_060_20210919,POINT (-99.070904 34.281133),train
NA5120_E1585N0582__m_3509964_sw_14_060_20190625,POINT (-99.086963 35.019405),val
NA5120_E1585N0609__m_3609947_se_14_060_20190627,POINT (-99.115134 36.265024),train
NA5120_E1585N0611__m_3609947_ne_14_060_20190627,POINT (-99.117277 36.357281),train
NA5120_E1585N0611__m_3609947_ne_14_060_20210731,POINT (-99.117277 36.357281),train
NA5120_E1585N0627__m_3709963_ne_14_060_20190712,POINT (-99.134702 37.095284),train
NA5120_E1585N0725__m_4109930_ne_14_060_20200814,POINT (-99.253722 41.613392),train
NA5120_E1585N0729__m_4109914_se_14_060_20200814,POINT (-99.259078 41.797725),train
NA5120_E1585N0759__m_4309954_ne_14_060_20200817,POINT (-99.300651 43.180013),val
NA5120_E1585N0759__m_4309954_ne_14_060_20210922,POINT (-99.300651 43.180013),val
NA5120_E1585N0797__m_4409906_nw_14_060_20220808,POINT (-99.357118 44.93039),train
NA5120_E1585N0813__m_4509921_se_14_060_20200719,POINT (-99.382277 45.667215),test
NA5120_E1585N0821__m_4609961_se_14_060_20210814,POINT (-99.395183 46.035589),test
NA5120_E1585N0848__m_4709945_sw_14_060_20211006,POINT (-99.440435 47.278655),train
NA5120_E1585N0848__m_4709945_sw_14_060_20220809,POINT (-99.440435 47.278655),train
NA5120_E1585N0883__m_4809904_se_14_060_20190730,POINT (-99.503289 48.88959),test
NA5120_E1585N0883__m_4809904_se_14_060_20200707,POINT (-99.503289 48.88959),test
NA5120_E1585N0883__m_4809904_se_14_060_20211004,POINT (-99.503289 48.88959),test
NA5120_E1586N0418__m_2709833_ne_14_060_20201031,POINT (-98.891529 27.448625),train
NA5120_E1586N0418__m_2709833_ne_14_060_20220515,POINT (-98.891529 27.448625),train
NA5120_E1586N0421__m_2709825_ne_14_060_20220515,POINT (-98.893758 27.587213),train
NA5120_E1586N0431__m_2809857_se_14_060_20201031,POINT (-98.90127 28.049152),train
NA5120_E1586N0431__m_2809857_se_14_060_20220515,POINT (-98.90127 28.049152),train
NA5120_E1586N0435__m_2809849_ne_14_060_20220515,POINT (-98.90431 28.233919),train
NA5120_E1586N0455__m_2909849_se_14_060_20200613,POINT (-98.919817 29.157674),val
NA5120_E1586N0455__m_2909849_se_14_060_20220515,POINT (-98.919817 29.157674),val
NA5120_E1586N0465__m_2909817_se_14_060_20200613,POINT (-98.927768 29.619502),train
NA5120_E1586N0466__m_2909817_se_14_060_20200613,POINT (-98.928571 29.665683),train
NA5120_E1586N0470__m_2909809_ne_14_060_20201002,POINT (-98.931794 29.850404),train
NA5120_E1586N0491__m_3009809_nw_14_060_20201010,POINT (-98.94908 30.820098),train
NA5120_E1586N0491__m_3009809_nw_14_060_20220718,POINT (-98.94908 30.820098),train
NA5120_E1586N0568__m_3409940_se_14_060_20210919,POINT (-99.018102 34.374325),train
NA5120_E1586N0620__m_3609916_sw_14_060_20210731,POINT (-99.070346 36.773363),train
NA5120_E1586N0651__m_3809956_nw_14_060_20190712,POINT (-99.103947 38.203075),train
NA5120_E1586N0665__m_3809915_ne_14_060_20190713,POINT (-99.119774 38.848631),train
NA5120_E1586N0742__m_4209939_sw_14_060_20200807,POINT (-99.214903 42.397819),train
NA5120_E1586N0798__m_4409906_ne_14_060_20220808,POINT (-99.293936 44.977565),test
NA5120_E1586N0802__m_4509954_se_14_060_20210813,POINT (-99.299942 45.161784),train
NA5120_E1586N0802__m_4509954_se_14_060_20220808,POINT (-99.299942 45.161784),train
NA5120_E1586N0812__m_4509922_sw_14_060_20200719,POINT (-99.315184 45.622304),train
NA5120_E1586N0812__m_4509922_sw_14_060_20210814,POINT (-99.315184 45.622304),train
NA5120_E1586N0812__m_4509922_sw_14_060_20220808,POINT (-99.315184 45.622304),train
NA5120_E1586N0821__m_4609962_sw_14_060_20210814,POINT (-99.329183 46.036736),train
NA5120_E1586N0873__m_4809937_ne_14_060_20211004,POINT (-99.415703 48.430589),train
NA5120_E1586N0885__m_4809905_nw_14_060_20200707,POINT (-99.437144 48.982859),train
NA5120_E1586N0885__m_4809905_nw_14_060_20211004,POINT (-99.437144 48.982859),train
NA5120_E1586N0885__m_4809905_nw_14_060_20220730,POINT (-99.437144 48.982859),train
NA5120_E1587N0395__m_2609834_sw_14_060_20201029,POINT (-98.82518 26.386778),train
NA5120_E1587N0448__m_2809810_nw_14_060_20220515,POINT (-98.863287 28.835163),train
NA5120_E1587N0453__m_2909857_ne_14_060_20220515,POINT (-98.867058 29.066096),train
NA5120_E1587N0454__m_2909857_ne_14_060_20220515,POINT (-98.867816 29.112282),val
NA5120_E1587N0456__m_2909849_ne_14_060_20200613,POINT (-98.869336 29.204652),train
NA5120_E1587N0478__m_3009849_ne_14_060_20201002,POINT (-98.886398 30.220636),train
NA5120_E1587N0495__m_3109857_se_14_060_20201010,POINT (-98.900025 31.005603),train
NA5120_E1587N0501__m_3109841_se_14_060_20201010,POINT (-98.90493 31.282626),train
NA5120_E1587N0554__m_3309817_nw_14_060_20200926,POINT (-98.950541 33.729119),train
NA5120_E1587N0560__m_3409857_sw_14_060_20200926,POINT (-98.955977 34.006017),train
NA5120_E1587N0560__m_3409857_sw_14_060_20220702,POINT (-98.955977 34.006017),train
NA5120_E1587N0563__m_3409849_sw_14_060_20200926,POINT (-98.958717 34.144461),train
NA5120_E1587N0584__m_3509857_nw_14_060_20190625,POINT (-98.978309 35.113479),train
NA5120_E1587N0584__m_3509857_nw_14_060_20210906,POINT (-98.978309 35.113479),train
NA5120_E1587N0588__m_3509841_sw_14_060_20190625,POINT (-98.982126 35.298036),train
NA5120_E1587N0613__m_3609940_ne_14_060_20210731,POINT (-99.006615 36.451379),train
NA5120_E1587N0770__m_4309923_nw_14_060_20210922,POINT (-99.190011 43.688899),train
NA5120_E1587N0775__m_4309907_sw_14_060_20210922,POINT (-99.196843 43.919234),train
NA5120_E1587N0845__m_4709954_se_14_060_20190906,POINT (-99.300482 47.142865),train
NA5120_E1587N0849__m_4709946_nw_14_060_20190906,POINT (-99.306892 47.327013),train
NA5120_E1587N0849__m_4709946_nw_14_060_20211006,POINT (-99.306892 47.327013),train
NA5120_E1587N0849__m_4709946_nw_14_060_20220809,POINT (-99.306892 47.327013),train
NA5120_E1587N0879__m_4809922_nw_14_060_20211004,POINT (-99.356845 48.707912),train
NA5120_E1588N0412__m_2709850_se_14_060_20201031,POINT (-98.786979 27.172945),train
NA5120_E1588N0412__m_2709850_se_14_060_20220514,POINT (-98.786979 27.172945),train
NA5120_E1588N0417__m_2709834_se_14_060_20201031,POINT (-98.790398 27.403939),val
NA5120_E1588N0417__m_2709834_se_14_060_20220514,POINT (-98.790398 27.403939),val
NA5120_E1588N0419__m_2709826_se_14_060_20220515,POINT (-98.791774 27.496334),test
NA5120_E1588N0422__m_2709818_se_14_060_20220515,POINT (-98.793846 27.634925),train
NA5120_E1588N0457__m_2909842_sw_14_060_20200613,POINT (-98.818799 29.251602),test
NA5120_E1588N0501__m_3109842_sw_14_060_20201010,POINT (-98.852327 31.283419),train
NA5120_E1588N0585__m_3509849_se_14_060_20190625,POINT (-98.923877 35.160469),test
NA5120_E1588N0585__m_3509849_se_14_060_20210906,POINT (-98.923877 35.160469),test
NA5120_E1588N0586__m_3509849_ne_14_060_20190625,POINT (-98.924794 35.206609),val
NA5120_E1588N0586__m_3509849_ne_14_060_20210906,POINT (-98.924794 35.206609),val
NA5120_E1588N0600__m_3509809_nw_14_060_20190627,POINT (-98.937816 35.852531),train
NA5120_E1588N0604__m_3609857_sw_14_060_20190627,POINT (-98.941597 36.037067),train
NA5120_E1588N0624__m_3609801_nw_14_060_20190712,POINT (-98.960926 36.959657),val
NA5120_E1588N0639__m_3709817_sw_14_060_20190712,POINT (-98.975898 37.6515),train
NA5120_E1588N0779__m_4409963_ne_14_060_20220803,POINT (-99.138629 44.104516),train
NA5120_E1588N0874__m_4809938_ne_14_060_20211004,POINT (-99.279094 48.478917),train
NA5120_E1588N0885__m_4809906_ne_14_060_20200707,POINT (-99.297352 48.985191),train
NA5120_E1589N0551__m_3309826_nw_14_060_20200926,POINT (-98.839426 33.592285),test
NA5120_E1589N0581__m_3409801_ne_14_060_20190625,POINT (-98.864979 34.976721),train
NA5120_E1589N0585__m_3509849_se_14_060_20190625,POINT (-98.868491 35.161287),train
NA5120_E1589N0585__m_3509849_se_14_060_20210906,POINT (-98.868491 35.161287),train
NA5120_E1589N0874__m_4809939_nw_14_060_20190730,POINT (-99.209903 48.480004),train
NA5120_E1589N0874__m_4809939_nw_14_060_20211004,POINT (-99.209903 48.480004),train
NA5120_E1590N0392__m_2609843_se_14_060_20201029,POINT (-98.674493 26.250263),train
NA5120_E1590N0403__m_2609811_se_14_060_20220514,POINT (-98.68124 26.758519),train
NA5120_E1590N0415__m_2709843_nw_14_060_20220514,POINT (-98.68874 27.312938),val
NA5120_E1590N0421__m_2709827_nw_14_060_20201031,POINT (-98.692546 27.590131),train
NA5120_E1590N0421__m_2709827_nw_14_060_20220515,POINT (-98.692546 27.590131),train
NA5120_E1590N0449__m_2809803_sw_14_060_20220515,POINT (-98.710817 28.883544),train
NA5120_E1590N0458__m_2909843_sw_14_060_20220607,POINT (-98.716874 29.29923),train
NA5120_E1590N0459__m_2909843_nw_14_060_20200613,POINT (-98.717553 29.345415),test
NA5120_E1590N0469__m_2909811_nw_14_060_20200930,POINT (-98.724402 29.807254),train
NA5120_E1590N0469__m_2909811_nw_14_060_20220607,POINT (-98.724402 29.807254),train
NA5120_E1590N0480__m_3009843_nw_14_060_20200930,POINT (-98.732071 30.315238),train
NA5120_E1590N0553__m_3309818_ne_14_060_20200926,POINT (-98.786809 33.685355),train
NA5120_E1590N0553__m_3309818_ne_14_060_20220702,POINT (-98.786809 33.685355),train
NA5120_E1590N0569__m_3409834_se_14_060_20190625,POINT (-98.799769 34.42376),train
NA5120_E1590N0569__m_3409834_se_14_060_20210509,POINT (-98.799769 34.42376),train
NA5120_E1590N0595__m_3509818_sw_14_060_20210906,POINT (-98.821635 35.623471),test
NA5120_E1590N0609__m_3609842_sw_14_060_20190627,POINT (-98.833842 36.269366),train
NA5120_E1590N0718__m_4109841_sw_14_060_20220709,POINT (-98.940652 41.295598),train
NA5120_E1590N0769__m_4309924_se_14_060_20210917,POINT (-98.998992 43.645746),val
NA5120_E1590N0808__m_4509940_ne_14_060_20200817,POINT (-99.047925 45.442227),test
NA5120_E1590N0808__m_4509940_ne_14_060_20210813,POINT (-99.047925 45.442227),test
NA5120_E1590N0808__m_4509940_ne_14_060_20220803,POINT (-99.047925 45.442227),test
NA5120_E1590N0852__m_4709940_nw_14_060_20210927,POINT (-99.108265 47.468301),train
NA5120_E1590N0852__m_4709940_nw_14_060_20220809,POINT (-99.108265 47.468301),train
NA5120_E1590N0854__m_4709932_nw_14_060_20220809,POINT (-99.111149 47.560377),train
NA5120_E1591N0419__m_2709827_se_14_060_20220515,POINT (-98.641022 27.498392),train
NA5120_E1591N0456__m_2909851_ne_14_060_20200613,POINT (-98.664246 29.207534),train
NA5120_E1591N0458__m_2909843_se_14_060_20200613,POINT (-98.665543 29.299908),train
NA5120_E1591N0458__m_2909843_se_14_060_20220607,POINT (-98.665543 29.299908),train
NA5120_E1591N0459__m_2909843_ne_14_060_20220607,POINT (-98.666193 29.346094),val
NA5120_E1591N0464__m_2909827_ne_14_060_20220607,POINT (-98.66946 29.57702),train
NA5120_E1591N0490__m_3009811_sw_14_060_20201010,POINT (-98.686898 30.777702),train
NA5120_E1591N0490__m_3009811_sw_14_060_20220607,POINT (-98.686898 30.777702),train
NA5120_E1591N0499__m_3109851_nw_14_060_20201010,POINT (-98.693116 31.19327),train
NA5120_E1591N0499__m_3109851_nw_14_060_20220718,POINT (-98.693116 31.19327),train
NA5120_E1591N0538__m_3209803_nw_14_060_20200925,POINT (-98.721207 32.993741),test
NA5120_E1591N0594__m_3509826_ne_14_060_20210906,POINT (-98.765064 35.578092),train
NA5120_E1591N0598__m_3509810_se_14_060_20210906,POINT (-98.768368 35.762645),train
NA5120_E1591N0613__m_3609834_ne_14_060_20210731,POINT (-98.780976 36.454666),train
NA5120_E1591N0627__m_3709858_ne_14_060_20190712,POINT (-98.79306 37.100477),train
NA5120_E1591N0629__m_3709850_ne_14_060_20190712,POINT (-98.794812 37.19273),train
NA5120_E1591N0732__m_4109801_ne_14_060_20220709,POINT (-98.89466 41.9417),train
NA5120_E1591N0749__m_4209817_ne_14_060_20220821,POINT (-98.913164 42.725118),test
NA5120_E1591N0771__m_4309817_nw_14_060_20210917,POINT (-98.93808 43.738785),train
NA5120_E1591N0788__m_4409825_sw_14_060_20220803,POINT (-98.958123 44.521942),train
NA5120_E1591N0799__m_4509857_sw_14_060_20210813,POINT (-98.971478 45.028631),train
NA5120_E1591N0812__m_4509817_sw_14_060_20200817,POINT (-98.987668 45.627383),train
NA5120_E1591N0812__m_4509817_sw_14_060_20220803,POINT (-98.987668 45.627383),train
NA5120_E1591N0818__m_4509801_sw_14_060_20210813,POINT (-98.995293 45.903708),train
NA5120_E1591N0818__m_4509801_sw_14_060_20220803,POINT (-98.995293 45.903708),train
NA5120_E1591N0844__m_4709964_ne_14_060_20190821,POINT (-99.029508 47.100949),train
NA5120_E1591N0844__m_4709964_ne_14_060_20200831,POINT (-99.029508 47.100949),train
NA5120_E1591N0844__m_4709964_ne_14_060_20210927,POINT (-99.029508 47.100949),train
NA5120_E1591N0853__m_4709932_se_14_060_20210927,POINT (-99.041815 47.515317),train
NA5120_E1591N0860__m_4709916_ne_14_060_20200831,POINT (-99.051558 47.83758),train
NA5120_E1591N0860__m_4709916_ne_14_060_20210927,POINT (-99.051558 47.83758),train
NA5120_E1592N0395__m_2609836_sw_14_060_20220529,POINT (-98.577079 26.390145),val
NA5120_E1592N0407__m_2609804_nw_14_060_20220514,POINT (-98.583857 26.944606),train
NA5120_E1592N0417__m_2709836_sw_14_060_20201031,POINT (-98.589608 27.406622),train
NA5120_E1592N0417__m_2709836_sw_14_060_20220514,POINT (-98.589608 27.406622),train
NA5120_E1592N0427__m_2709804_sw_14_060_20201031,POINT (-98.595455 27.868607),train
NA5120_E1592N0427__m_2709804_sw_14_060_20220529,POINT (-98.595455 27.868607),train
NA5120_E1592N0427__m_2709812_nw_14_060_20220514,POINT (-98.595455 27.868607),train
NA5120_E1592N0460__m_2909835_se_14_060_20220607,POINT (-98.615455 29.39293),train
NA5120_E1592N0460__m_2909836_sw_14_060_20200930,POINT (-98.615455 29.39293),train
NA5120_E1592N0461__m_2909835_ne_14_060_20220607,POINT (-98.616079 29.439116),train
NA5120_E1592N0461__m_2909836_nw_14_060_20200930,POINT (-98.616079 29.439116),train
NA5120_E1592N0468__m_2909811_se_14_060_20200930,POINT (-98.620473 29.762409),test
NA5120_E1592N0468__m_2909811_se_14_060_20220607,POINT (-98.620473 29.762409),test
NA5120_E1592N0504__m_3109835_se_14_060_20201010,POINT (-98.643913 31.424802),train
NA5120_E1592N0587__m_3509843_sw_14_060_20210906,POINT (-98.703878 35.255832),train
NA5120_E1592N0593__m_3509827_sw_14_060_20210906,POINT (-98.708565 35.532678),train
NA5120_E1592N0628__m_3709851_sw_14_060_20190712,POINT (-98.736952 37.147353),train
NA5120_E1592N0646__m_3709802_ne_14_060_20190712,POINT (-98.75228 37.97758),train
NA5120_E1592N0646__m_3709802_ne_14_060_20210620,POINT (-98.75228 37.97758),train
NA5120_E1592N0654__m_3809842_ne_14_060_20190712,POINT (-98.759261 38.34653),train
NA5120_E1592N0776__m_4309801_ne_14_060_20210917,POINT (-98.880318 43.969999),train
NA5120_E1592N0776__m_4309801_ne_14_060_20220822,POINT (-98.880318 43.969999),train
NA5120_E1592N0778__m_4409857_ne_14_060_20220801,POINT (-98.88256 44.062139),train
NA5120_E1592N0784__m_4409841_ne_14_060_20210917,POINT (-98.889344 44.33855),train
NA5120_E1592N0814__m_4509817_ne_14_060_20200817,POINT (-98.924577 45.72039),train
NA5120_E1592N0819__m_4509801_ne_14_060_20200817,POINT (-98.930672 45.950662),train
NA5120_E1592N0819__m_4509801_ne_14_060_20210813,POINT (-98.930672 45.950662),train
NA5120_E1592N0819__m_4509801_nw_14_060_20220803,POINT (-98.930672 45.950662),train
NA5120_E1593N0408__m_2609804_ne_14_060_20201031,POINT (-98.534467 26.991404),val
NA5120_E1593N0408__m_2609804_ne_14_060_20220514,POINT (-98.534467 26.991404),val
NA5120_E1593N0440__m_2809836_ne_14_060_20220514,POINT (-98.552377 28.46975),val
NA5120_E1593N0443__m_2809828_ne_14_060_20201101,POINT (-98.554106 28.608328),train
NA5120_E1593N0443__m_2809828_ne_14_060_20220514,POINT (-98.554106 28.608328),train
NA5120_E1593N0443__m_2809828_nw_14_060_20201031,POINT (-98.554106 28.608328),train
NA5120_E1593N0452__m_2909860_sw_14_060_20201031,POINT (-98.559343 29.024046),train
NA5120_E1593N0452__m_2909860_sw_14_060_20220514,POINT (-98.559343 29.024046),train
NA5120_E1593N0462__m_2909836_nw_14_060_20200930,POINT (-98.565256 29.485923),val
NA5120_E1593N0505__m_3109836_nw_14_060_20201010,POINT (-98.591854 31.471617),train
NA5120_E1593N0573__m_3409827_ne_14_060_20190629,POINT (-98.638169 34.610487),train
NA5120_E1593N0643__m_3709811_nw_14_060_20190712,POINT (-98.692118 37.839941),train
NA5120_E1593N0654__m_3809843_nw_14_060_20190712,POINT (-98.701249 38.347262),train
NA5120_E1593N0774__m_4309802_sw_14_060_20200809,POINT (-98.814601 43.878679),train
NA5120_E1593N0778__m_4409858_nw_14_060_20200904,POINT (-98.818871 44.062964),train
NA5120_E1593N0778__m_4409858_nw_14_060_20210917,POINT (-98.818871 44.062964),train
NA5120_E1593N0778__m_4409858_nw_14_060_20220801,POINT (-98.818871 44.062964),train
NA5120_E1593N0789__m_4409826_nw_14_060_20210813,POINT (-98.830797 44.569715),train
NA5120_E1593N0800__m_4509858_nw_14_060_20210813,POINT (-98.843002 45.076419),test
NA5120_E1593N0867__m_4809849_se_14_060_20190714,POINT (-98.92394 48.161682),train
NA5120_E1593N0867__m_4809849_se_14_060_20200707,POINT (-98.92394 48.161682),train
NA5120_E1593N0867__m_4809849_se_14_060_20211007,POINT (-98.92394 48.161682),train
NA5120_E1594N0406__m_2609805_sw_14_060_20220515,POINT (-98.48347 26.899564),train
NA5120_E1594N0439__m_2809836_se_14_060_20220514,POINT (-98.501005 28.424138),train
NA5120_E1594N0443__m_2809828_ne_14_060_20201101,POINT (-98.503196 28.608912),train
NA5120_E1594N0443__m_2809828_ne_14_060_20220514,POINT (-98.503196 28.608912),train
NA5120_E1594N0445__m_2809820_ne_14_060_20201101,POINT (-98.504297 28.701296),train
NA5120_E1594N0445__m_2809820_ne_14_060_20220514,POINT (-98.504297 28.701296),train
NA5120_E1594N0451__m_2809804_ne_14_060_20220514,POINT (-98.507623 28.978443),train
NA5120_E1594N0461__m_2909836_ne_14_060_20220607,POINT (-98.513241 29.440328),train
NA5120_E1594N0464__m_2909828_ne_14_060_20220607,POINT (-98.514945 29.578887),train
NA5120_E1594N0475__m_3009860_ne_14_060_20200930,POINT (-98.521267 30.086912),val
NA5120_E1594N0475__m_3009860_ne_14_060_20220607,POINT (-98.521267 30.086912),val
NA5120_E1594N0477__m_3009852_se_14_060_20200930,POINT (-98.522429 30.179276),train
NA5120_E1594N0477__m_3009852_se_14_060_20220607,POINT (-98.522429 30.179276),train
NA5120_E1594N0540__m_3309860_nw_14_060_20200925,POINT (-98.561153 33.088045),val
NA5120_E1594N0584__m_3509852_sw_14_060_20210918,POINT (-98.590842 35.118746),train
NA5120_E1594N0695__m_4009851_ne_14_060_20200710,POINT (-98.677272 40.238508),train
NA5120_E1594N0736__m_4209851_sw_14_060_20220822,POINT (-98.714134 42.128417),train
NA5120_E1594N0771__m_4309818_ne_14_060_20200809,POINT (-98.748091 43.741242),train
NA5120_E1594N0785__m_4409834_se_14_060_20210917,POINT (-98.762373 44.386239),train
NA5120_E1594N0785__m_4409834_se_14_060_20220801,POINT (-98.762373 44.386239),train
NA5120_E1594N0786__m_4409834_ne_14_060_20220801,POINT (-98.763409 44.432308),train
NA5120_E1594N0819__m_4509802_ne_14_060_20210813,POINT (-98.798861 45.952344),train
NA5120_E1594N0845__m_4709850_sw_14_060_20210927,POINT (-98.828624 47.149648),train
NA5120_E1594N0866__m_4809858_nw_14_060_20200708,POINT (-98.853942 48.11651),train
NA5120_E1594N0866__m_4809858_nw_14_060_20220820,POINT (-98.853942 48.11651),train
NA5120_E1595N0426__m_2709813_nw_14_060_20220516,POINT (-98.443539 27.824136),train
NA5120_E1595N0451__m_2809805_nw_14_060_20201101,POINT (-98.456488 28.979001),train
NA5120_E1595N0467__m_2909821_nw_14_060_20220607,POINT (-98.465064 29.718009),train
NA5120_E1595N0468__m_2909813_sw_14_060_20200930,POINT (-98.465608 29.764194),train
NA5120_E1595N0468__m_2909813_sw_14_060_20220607,POINT (-98.465608 29.764194),train
NA5120_E1595N0470__m_2909813_nw_14_060_20200930,POINT (-98.466698 29.856563),train
NA5120_E1595N0470__m_2909813_nw_14_060_20220607,POINT (-98.466698 29.856563),train
NA5120_E1595N0489__m_3009821_nw_14_060_20200930,POINT (-98.477241 30.734007),train
NA5120_E1595N0503__m_3109837_sw_14_060_20201011,POINT (-98.485232 31.380466),train
NA5120_E1595N0573__m_3409828_ne_14_060_20190629,POINT (-98.528232 34.611753),train
NA5120_E1595N0579__m_3409804_se_14_060_20190629,POINT (-98.532171 34.88864),train
NA5120_E1595N0582__m_3509860_se_14_060_20190629,POINT (-98.534156 35.027078),train
NA5120_E1595N0588__m_3509844_se_14_060_20190629,POINT (-98.538159 35.303946),train
NA5120_E1595N0588__m_3509844_se_14_060_20210906,POINT (-98.538159 35.303946),train
NA5120_E1595N0591__m_3509836_ne_14_060_20190629,POINT (-98.540177 35.442375),train
NA5120_E1595N0591__m_3509836_ne_14_060_20210906,POINT (-98.540177 35.442375),train
NA5120_E1595N0631__m_3709844_sw_14_060_20190712,POINT (-98.568165 37.287781),test
NA5120_E1595N0661__m_3809820_sw_14_060_20190713,POINT (-98.59056 38.671448),train
NA5120_E1595N0727__m_4109819_ne_14_060_20220709,POINT (-98.644597 41.714324),train
NA5120_E1595N0743__m_4209835_ne_14_060_20220822,POINT (-98.658788 42.451741),train
NA5120_E1595N0846__m_4709850_ne_14_060_20210927,POINT (-98.762325 47.196496),train
NA5120_E1595N0873__m_4809834_ne_14_060_20211018,POINT (-98.793507 48.439586),train
NA5120_E1595N0875__m_4809826_se_14_060_20211018,POINT (-98.795893 48.531655),train
NA5120_E1596N0402__m_2609821_ne_14_060_20200502,POINT (-98.381798 26.71579),val
NA5120_E1596N0402__m_2609821_ne_14_060_20220515,POINT (-98.381798 26.71579),val
NA5120_E1596N0421__m_2709829_ne_14_060_20201031,POINT (-98.390705 27.593656),train
NA5120_E1596N0421__m_2709829_ne_14_060_20220516,POINT (-98.390705 27.593656),train
NA5120_E1596N0457__m_2909845_se_14_060_20220607,POINT (-98.408371 29.25667),train
NA5120_E1596N0475__m_3009861_ne_14_060_20200930,POINT (-98.417612 30.08802),train
NA5120_E1596N0475__m_3009861_ne_14_060_20220607,POINT (-98.417612 30.08802),train
NA5120_E1596N0479__m_3009845_se_14_060_20200930,POINT (-98.419704 30.27275),train
NA5120_E1596N0479__m_3009845_se_14_060_20220607,POINT (-98.419704 30.27275),train
NA5120_E1596N0487__m_3009821_se_14_060_20220607,POINT (-98.423931 30.642194),train
NA5120_E1596N0505__m_3109837_nw_14_060_20201011,POINT (-98.433655 31.473365),train
NA5120_E1596N0625__m_3709860_se_14_060_20190712,POINT (-98.506962 37.011619),train
NA5120_E1596N0782__m_4409843_se_14_060_20200904,POINT (-98.631474 44.249494),train
NA5120_E1596N0782__m_4409843_se_14_060_20220801,POINT (-98.631474 44.249494),train
NA5120_E1596N0847__m_4709843_sw_14_060_20210926,POINT (-98.695907 47.243304),train
NA5120_E1597N0418__m_2709838_nw_14_060_20200503,POINT (-98.339051 27.455541),train
NA5120_E1597N0418__m_2709838_nw_14_060_20220516,POINT (-98.339051 27.455541),train
NA5120_E1597N0427__m_2709806_sw_14_060_20220516,POINT (-98.343105 27.871344),test
NA5120_E1597N0464__m_2909830_nw_14_060_20220607,POINT (-98.360424 29.580491),train
NA5120_E1597N0486__m_3009829_ne_14_060_20220607,POINT (-98.371244 30.596529),train
NA5120_E1597N0573__m_3409829_ne_14_060_20190629,POINT (-98.418291 34.61289),train
NA5120_E1597N0582__m_3509861_se_14_060_20210918,POINT (-98.423582 35.028224),train
NA5120_E1597N0583__m_3509861_ne_14_060_20190629,POINT (-98.424175 35.074371),train
NA5120_E1597N0596__m_3509821_se_14_060_20210918,POINT (-98.431985 35.674243),train
NA5120_E1597N0596__m_3509821_sw_14_060_20210906,POINT (-98.431985 35.674243),train
NA5120_E1597N0729__m_4109812_ne_14_060_20220805,POINT (-98.52378 41.807819),test
NA5120_E1597N0777__m_4409860_sw_14_060_20200904,POINT (-98.563233 44.019802),train
NA5120_E1597N0777__m_4409860_sw_14_060_20220801,POINT (-98.563233 44.019802),train
NA5120_E1597N0778__m_4409860_nw_14_060_20200904,POINT (-98.564097 44.065875),train
NA5120_E1597N0778__m_4409860_nw_14_060_20220801,POINT (-98.564097 44.065875),train
NA5120_E1597N0793__m_4409812_sw_14_060_20200904,POINT (-98.577275 44.756933),test
NA5120_E1597N0793__m_4409812_sw_14_060_20210811,POINT (-98.577275 44.756933),test
NA5120_E1597N0841__m_4609803_ne_14_060_20210926,POINT (-98.622388 46.967736),train
NA5120_E1597N0858__m_4709811_se_14_060_20210926,POINT (-98.639534 47.750516),test
NA5120_E1597N0879__m_4809819_ne_14_060_20211017,POINT (-98.661637 48.717325),train
NA5120_E1598N0393__m_2609846_se_14_060_20200502,POINT (-98.278528 26.300849),train
NA5120_E1598N0401__m_2609822_se_14_060_20200502,POINT (-98.281776 26.670518),train
NA5120_E1598N0410__m_2709862_ne_14_060_20200503,POINT (-98.285482 27.086372),train
NA5120_E1598N0410__m_2709862_ne_14_060_20220515,POINT (-98.285482 27.086372),train
NA5120_E1598N0462__m_2909838_ne_14_060_20220607,POINT (-98.308009 29.48859),train
NA5120_E1598N0464__m_2909830_nw_14_060_20220607,POINT (-98.308915 29.580966),train
NA5120_E1598N0570__m_3409838_nw_14_060_20190629,POINT (-98.361679 34.474958),test
NA5120_E1598N0573__m_3409830_nw_14_060_20190629,POINT (-98.363319 34.61341),train
NA5120_E1598N0573__m_3409830_nw_14_060_20210509,POINT (-98.363319 34.61341),train
NA5120_E1598N0584__m_3509853_se_14_060_20190629,POINT (-98.36941 35.121043),train
NA5120_E1598N0592__m_3509837_ne_14_060_20210918,POINT (-98.373916 35.490202),test
NA5120_E1598N0609__m_3609845_se_14_060_20190626,POINT (-98.383712 36.274591),train
NA5120_E1598N0702__m_4009829_nw_14_060_20200710,POINT (-98.44315 40.563777),train
NA5120_E1598N0734__m_4209861_sw_14_060_20220822,POINT (-98.466193 42.038878),train
NA5120_E1598N0808__m_4509836_ne_14_060_20210813,POINT (-98.525576 45.448555),train
NA5120_E1598N0847__m_4709844_sw_14_060_20220903,POINT (-98.560823 47.244702),train
NA5120_E1598N0847__m_4709852_nw_14_060_20210926,POINT (-98.560823 47.244702),train
NA5120_E1598N0863__m_4709804_nw_14_060_20210926,POINT (-98.576181 47.981414),train
NA5120_E1598N0884__m_4809804_nw_14_060_20211017,POINT (-98.597198 48.9482),test
NA5120_E1599N0393__m_2609847_sw_14_060_20220515,POINT (-98.228953 26.301271),train
NA5120_E1599N0424__m_2709822_ne_14_060_20220516,POINT (-98.240966 27.733639),val
NA5120_E1599N0427__m_2709806_se_14_060_20220516,POINT (-98.242161 27.87224),train
NA5120_E1599N0486__m_3009830_ne_14_060_20220607,POINT (-98.266932 30.597467),train
NA5120_E1599N0505__m_3109838_ne_14_060_20220718,POINT (-98.27545 31.47484),train
NA5120_E1599N0574__m_3409822_sw_14_060_20190629,POINT (-98.30886 34.660049),train
NA5120_E1599N0574__m_3409822_sw_14_060_20210509,POINT (-98.30886 34.660049),train
NA5120_E1599N0575__m_3409822_nw_14_060_20190629,POINT (-98.309375 34.7062),train
NA5120_E1599N0577__m_3409814_sw_14_060_20190629,POINT (-98.310407 34.798499),test
NA5120_E1599N0577__m_3409814_sw_14_060_20210509,POINT (-98.310407 34.798499),test
NA5120_E1599N0578__m_3409814_nw_14_060_20190629,POINT (-98.310925 34.844648),train
NA5120_E1599N0606__m_3609854_sw_14_060_20190626,POINT (-98.325802 36.136679),test
NA5120_E1599N0623__m_3609806_sw_14_060_20190627,POINT (-98.335211 36.920989),val
NA5120_E1599N0643__m_3709814_nw_14_060_20190712,POINT (-98.346667 37.843571),val
NA5120_E1599N0662__m_3809822_nw_14_060_20190713,POINT (-98.357954 38.719888),train
NA5120_E1599N0695__m_4009853_ne_14_060_20200710,POINT (-98.378554 40.241593),train
NA5120_E1599N0871__m_4809844_ne_14_060_20211017,POINT (-98.515045 48.350387),train
NA5120_E1599N0871__m_4809844_ne_14_060_20220820,POINT (-98.515045 48.350387),train
NA5120_E1599N0877__m_4809820_se_14_060_20211017,POINT (-98.520673 48.626615),train
NA5120_E1600N0393__m_2609847_se_14_060_20200502,POINT (-98.179379 26.301665),train
NA5120_E1600N0393__m_2609847_se_14_060_20220515,POINT (-98.179379 26.301665),train
NA5120_E1600N0394__m_2609847_ne_14_060_20200502,POINT (-98.179731 26.347876),train
NA5120_E1600N0394__m_2609847_ne_14_060_20220515,POINT (-98.179731 26.347876),train
NA5120_E1600N0415__m_2709847_nw_14_060_20200503,POINT (-98.187265 27.318222),train
NA5120_E1600N0415__m_2709847_nw_14_060_20220515,POINT (-98.187265 27.318222),train
NA5120_E1600N0440__m_2809839_nw_14_060_20200425,POINT (-98.196581 28.473219),train
NA5120_E1600N0440__m_2809839_nw_14_060_20220516,POINT (-98.196581 28.473219),train
NA5120_E1600N0460__m_2909839_sw_14_060_20201115,POINT (-98.204318 29.397074),train
NA5120_E1600N0464__m_2909831_nw_14_060_20201115,POINT (-98.205897 29.58183),train
NA5120_E1600N0474__m_3009863_sw_14_060_20220607,POINT (-98.209891 30.043696),train
NA5120_E1600N0563__m_3409854_se_14_060_20190629,POINT (-98.248631 34.152826),train
NA5120_E1600N0569__m_3409838_ne_14_060_20190629,POINT (-98.251466 34.429748),train
NA5120_E1600N0569__m_3409838_ne_14_060_20210509,POINT (-98.251466 34.429748),train
NA5120_E1600N0578__m_3409814_ne_14_060_20190629,POINT (-98.255777 34.845106),train
NA5120_E1600N0583__m_3509862_ne_14_060_20190629,POINT (-98.258201 35.075849),train
NA5120_E1600N0584__m_3509854_se_14_060_20190629,POINT (-98.258689 35.121996),train
NA5120_E1600N0590__m_3509838_se_14_060_20190629,POINT (-98.261633 35.398873),val
NA5120_E1600N0612__m_3609838_se_14_060_20210529,POINT (-98.272706 36.413979),train
NA5120_E1600N0633__m_3709838_se_14_060_20190712,POINT (-98.2837 37.382779),test
NA5120_E1600N0769__m_4309822_sw_14_060_20220829,POINT (-98.366674 43.652958),train
NA5120_E1600N0852__m_4709837_ne_14_060_20210926,POINT (-98.429868 47.476173),val
NA5120_E1600N0852__m_4709837_ne_14_060_20220823,POINT (-98.429868 47.476173),val
NA5120_E1600N0853__m_4709829_se_14_060_20210926,POINT (-98.430701 47.52222),val
NA5120_E1600N0879__m_4809821_nw_14_060_20211017,POINT (-98.453029 48.719304),train
NA5120_E1600N0884__m_4809805_nw_14_060_20211017,POINT (-98.457476 48.949483),train
NA5120_E1601N0390__m_2609855_se_14_060_20200502,POINT (-98.128827 26.163399),train
NA5120_E1601N0394__m_2609847_ne_14_060_20200502,POINT (-98.13013 26.348243),train
NA5120_E1601N0394__m_2609847_ne_14_060_20220515,POINT (-98.13013 26.348243),train
NA5120_E1601N0416__m_2709847_ne_14_060_20220515,POINT (-98.137453 27.364799),val
NA5120_E1601N0459__m_2909847_ne_14_060_20201115,POINT (-98.152559 29.35127),train
NA5120_E1601N0464__m_2909831_ne_14_060_20201115,POINT (-98.154387 29.582217),train
NA5120_E1601N0464__m_2909831_ne_14_060_20220608,POINT (-98.154387 29.582217),train
NA5120_E1601N0496__m_3109863_ne_14_060_20201011,POINT (-98.166461 31.060083),train
NA5120_E1601N0504__m_3109839_se_14_060_20201011,POINT (-98.169583 31.429496),test
NA5120_E1601N0565__m_3409847_sw_14_060_20190629,POINT (-98.194876 34.245556),val
NA5120_E1601N0565__m_3409847_sw_14_060_20210509,POINT (-98.194876 34.245556),val
NA5120_E1601N0579__m_3409807_sw_14_060_20190629,POINT (-98.201075 34.891682),train
NA5120_E1601N0579__m_3409807_sw_14_060_20210509,POINT (-98.201075 34.891682),train
NA5120_E1601N0601__m_3509807_sw_14_060_20210918,POINT (-98.211138 35.906882),train
NA5120_E1601N0624__m_3609807_nw_14_060_20190712,POINT (-98.222097 36.968042),train
NA5120_E1601N0627__m_3709863_nw_14_060_20190712,POINT (-98.223561 37.10644),train
NA5120_E1601N0648__m_3809863_nw_14_060_20190712,POINT (-98.234041 38.075134),train
NA5120_E1601N0652__m_3809847_sw_14_060_20190712,POINT (-98.236084 38.259629),train
NA5120_E1601N0809__m_4509830_sw_14_060_20220809,POINT (-98.33037 45.49633),test
NA5120_E1601N0823__m_4609854_sw_14_060_20220903,POINT (-98.34035 46.141188),train
NA5120_E1601N0878__m_4809821_se_14_060_20211017,POINT (-98.382671 48.673839),train
NA5120_E1601N0882__m_4809813_ne_14_060_20211017,POINT (-98.385958 48.857987),train
NA5120_E1601N0885__m_4909861_se_14_060_20211017,POINT (-98.388443 48.996094),train
NA5120_E1602N0387__m_2609864_sw_14_060_20200502,POINT (-98.078433 26.0251),train
NA5120_E1602N0392__m_2609848_sw_14_060_20200502,POINT (-98.079928 26.25616),val
NA5120_E1602N0402__m_2609824_nw_14_060_20200502,POINT (-98.082954 26.718258),train
NA5120_E1602N0402__m_2609824_nw_14_060_20220515,POINT (-98.082954 26.718258),train
NA5120_E1602N0404__m_2609816_nw_14_060_20220515,POINT (-98.083565 26.810674),train
NA5120_E1602N0421__m_2709832_nw_14_060_20200501,POINT (-98.088843 27.59616),train
NA5120_E1602N0421__m_2709832_nw_14_060_20220516,POINT (-98.088843 27.59616),train
NA5120_E1602N0429__m_2709808_nw_14_060_20200501,POINT (-98.091378 27.96577),train
NA5120_E1602N0429__m_2709808_nw_14_060_20220516,POINT (-98.091378 27.96577),train
NA5120_E1602N0439__m_2809840_sw_14_060_20201115,POINT (-98.094595 28.427754),train
NA5120_E1602N0439__m_2809840_sw_14_060_20220516,POINT (-98.094595 28.427754),train
NA5120_E1602N0465__m_2909824_sw_14_060_20201115,POINT (-98.103215 29.628764),test
NA5120_E1602N0465__m_2909824_sw_14_060_20220608,POINT (-98.103215 29.628764),test
NA5120_E1602N0467__m_2909824_nw_14_060_20201115,POINT (-98.103894 29.72114),test
NA5120_E1602N0467__m_2909824_nw_14_060_20220608,POINT (-98.103894 29.72114),test
NA5120_E1602N0473__m_3009864_sw_14_060_20220608,POINT (-98.105944 29.998262),train
NA5120_E1602N0474__m_3009864_sw_14_060_20220608,POINT (-98.106288 30.044447),train
NA5120_E1602N0477__m_3009856_nw_14_060_20220608,POINT (-98.107323 30.183003),train
NA5120_E1602N0490__m_3009816_sw_14_060_20201011,POINT (-98.111868 30.783375),val
NA5120_E1602N0499__m_3109856_nw_14_060_20201011,POINT (-98.115074 31.198984),train
NA5120_E1602N0596__m_3509823_se_14_060_20210918,POINT (-98.153021 35.67657),train
NA5120_E1602N0629__m_3709855_ne_14_060_20190712,POINT (-98.16751 37.199115),train
NA5120_E1602N0654__m_3809847_ne_14_060_20190712,POINT (-98.179091 38.352296),train
NA5120_E1602N0809__m_4509830_se_14_060_20210814,POINT (-98.265009 45.49682),val
NA5120_E1602N0809__m_4509830_se_14_060_20220809,POINT (-98.265009 45.49682),val
NA5120_E1602N0877__m_4809822_sw_14_060_20211016,POINT (-98.312442 48.628329),train
NA5120_E1603N0390__m_2609856_se_14_060_20200502,POINT (-98.029829 26.164048),train
NA5120_E1603N0396__m_2609840_ne_14_060_20200502,POINT (-98.031479 26.441315),train
NA5120_E1603N0426__m_2709816_ne_14_060_20220516,POINT (-98.039977 27.827488),train
NA5120_E1603N0466__m_2909824_se_14_060_20220608,POINT (-98.051986 29.675282),train
NA5120_E1603N0485__m_3009832_se_14_060_20220608,POINT (-98.057979 30.552803),train
NA5120_E1603N0573__m_3409832_nw_14_060_20210509,POINT (-98.08845 34.615531),val
NA5120_E1603N0758__m_4309855_se_14_060_20220731,POINT (-98.171034 43.147466),train
NA5120_E1603N0784__m_4409847_nw_14_060_20220803,POINT (-98.18524 44.345528),val
NA5120_E1603N0785__m_4409839_sw_14_060_20220803,POINT (-98.185802 44.391602),test
NA5120_E1603N0828__m_4609839_sw_14_060_20220903,POINT (-98.211123 46.372436),train
NA5120_E1603N0855__m_4709831_nw_14_060_20211017,POINT (-98.228271 47.615858),train
NA5120_E1603N0855__m_4709831_nw_14_060_20220823,POINT (-98.228271 47.615858),train
NA5120_E1603N0863__m_4709807_nw_14_060_20211017,POINT (-98.233553 47.984227),val
NA5120_E1603N0883__m_4809806_se_14_060_20200727,POINT (-98.247182 48.905043),train
NA5120_E1604N0390__m_2609749_sw_14_060_20220605,POINT (-97.98033 26.16433),train
NA5120_E1604N0431__m_2809757_nw_14_060_20201116,POINT (-97.990851 28.058782),train
NA5120_E1604N0431__m_2809757_nw_14_060_20220516,POINT (-97.990851 28.058782),train
NA5120_E1604N0431__m_2809757_sw_14_060_20200501,POINT (-97.990851 28.058782),train
NA5120_E1604N0462__m_2909840_ne_14_060_20201115,POINT (-97.999295 29.490825),val
NA5120_E1604N0462__m_2909840_ne_14_060_20220608,POINT (-97.999295 29.490825),val
NA5120_E1604N0467__m_2909824_ne_14_060_20201115,POINT (-98.000698 29.72177),train
NA5120_E1604N0467__m_2909824_ne_14_060_20220608,POINT (-98.000698 29.72177),train
NA5120_E1604N0468__m_2909816_se_14_060_20220608,POINT (-98.00098 29.767959),train
NA5120_E1604N0474__m_3009864_se_14_060_20220608,POINT (-98.002683 30.045081),val
NA5120_E1604N0560__m_3409864_se_14_060_20190710,POINT (-98.029121 34.015848),train
NA5120_E1604N0563__m_3409856_se_14_060_20210509,POINT (-98.030116 34.154317),test
NA5120_E1604N0571__m_3409832_se_14_060_20210509,POINT (-98.032798 34.523553),test
NA5120_E1604N0573__m_3409832_ne_14_060_20210509,POINT (-98.033475 34.615859),train
NA5120_E1604N0595__m_3509824_se_14_060_20210529,POINT (-98.041078 35.631127),train
NA5120_E1604N0615__m_3609832_se_14_060_20210529,POINT (-98.048259 36.553948),train
NA5120_E1604N0628__m_3709856_se_14_060_20190712,POINT (-98.053069 37.153705),train
NA5120_E1604N0628__m_3709856_se_14_060_20210922,POINT (-98.053069 37.153705),train
NA5120_E1604N0650__m_3809856_sw_14_060_20210918,POINT (-98.061479 38.168539),test
NA5120_E1604N0757__m_4309864_nw_14_060_20220731,POINT (-98.107863 43.10177),val
NA5120_E1604N0818__m_4509807_se_14_060_20190726,POINT (-98.139159 45.912254),train
NA5120_E1604N0818__m_4509807_se_14_060_20220903,POINT (-98.139159 45.912254),train
NA5120_E1605N0429__m_2709701_nw_14_060_20200501,POINT (-97.939792 27.966644),train
NA5120_E1605N0440__m_2809733_nw_14_060_20220516,POINT (-97.942426 28.474833),train
NA5120_E1605N0456__m_2909749_nw_14_060_20220608,POINT (-97.946344 29.213947),train
NA5120_E1605N0465__m_2909717_sw_14_060_20201115,POINT (-97.948595 29.629663),test
NA5120_E1605N0465__m_2909717_sw_14_060_20220608,POINT (-97.948595 29.629663),test
NA5120_E1605N0466__m_2909717_sw_14_060_20220608,POINT (-97.948847 29.675853),train
NA5120_E1605N0475__m_3009757_nw_14_060_20220608,POINT (-97.951136 30.091539),val
NA5120_E1605N0496__m_3109757_nw_14_060_20201011,POINT (-97.956615 31.061373),train
NA5120_E1605N0532__m_3209717_nw_14_060_20201007,POINT (-97.966481 32.723601),train
NA5120_E1605N0538__m_3309757_sw_14_060_20201007,POINT (-97.968186 33.000597),test
NA5120_E1605N0568__m_3409733_sw_14_060_20210509,POINT (-97.976986 34.385387),train
NA5120_E1605N0569__m_3409733_nw_14_060_20190628,POINT (-97.977287 34.431541),train
NA5120_E1605N0569__m_3409733_nw_14_060_20210509,POINT (-97.977287 34.431541),train
NA5120_E1605N0571__m_3409725_sw_14_060_20210509,POINT (-97.977892 34.523848),val
NA5120_E1605N0574__m_3409717_sw_14_060_20210509,POINT (-97.978803 34.662307),test
NA5120_E1605N0593__m_3509725_sw_14_060_20210529,POINT (-97.984688 35.539138),train
NA5120_E1605N0664__m_3809816_ne_14_060_20210918,POINT (-98.008583 38.81457),train
NA5120_E1605N0771__m_4309816_se_14_060_20220731,POINT (-98.051352 43.747279),train
NA5120_E1605N0842__m_4709864_sw_14_060_20220823,POINT (-98.085379 47.018016),train
NA5120_E1605N0864__m_4809864_sw_14_060_20211016,POINT (-98.097034 48.031099),train
NA5120_E1605N0870__m_4809848_nw_14_060_20211016,POINT (-98.100314 48.307363),train
NA5120_E1606N0400__m_2609717_se_14_060_20220605,POINT (-97.883316 26.626925),train
NA5120_E1606N0438__m_2809733_se_14_060_20201116,POINT (-97.891167 28.382674),train
NA5120_E1606N0438__m_2809733_se_14_060_20220516,POINT (-97.891167 28.382674),train
NA5120_E1606N0449__m_2809701_se_14_060_20201116,POINT (-97.893533 28.890833),train
NA5120_E1606N0450__m_2809701_ne_14_060_20201116,POINT (-97.89375 28.937027),train
NA5120_E1606N0571__m_3409725_se_14_060_20210509,POINT (-97.922985 34.524112),train
NA5120_E1606N0580__m_3409701_ne_14_060_20210529,POINT (-97.925417 34.93948),val
NA5120_E1606N0588__m_3509741_ne_14_060_20210529,POINT (-97.927612 35.308672),train
NA5120_E1606N0590__m_3509733_se_14_060_20190710,POINT (-97.928166 35.400967),train
NA5120_E1606N0590__m_3509733_se_14_060_20210529,POINT (-97.928166 35.400967),train
NA5120_E1606N0593__m_3509725_se_14_060_20210529,POINT (-97.929 35.539406),train
NA5120_E1606N0648__m_3809757_nw_14_060_20190712,POINT (-97.945137 38.076886),train
NA5120_E1606N0648__m_3809757_nw_14_060_20210703,POINT (-97.945137 38.076886),train
NA5120_E1606N0670__m_3909757_nw_14_060_20210703,POINT (-97.95207 39.09157),train
NA5120_E1606N0750__m_4209709_sw_14_060_20220731,POINT (-97.979924 42.779825),train
NA5120_E1606N0763__m_4309733_sw_14_060_20220731,POINT (-97.984886 43.378941),train
NA5120_E1606N0782__m_4409741_sw_14_060_20200904,POINT (-97.99238 44.254458),train
NA5120_E1606N0782__m_4409741_sw_14_060_20210813,POINT (-97.99238 44.254458),train
NA5120_E1606N0782__m_4409741_sw_14_060_20220803,POINT (-97.99238 44.254458),train
NA5120_E1606N0877__m_4809824_se_14_060_20210928,POINT (-98.03478 48.630009),train
NA5120_E1607N0417__m_2709734_sw_14_060_20200501,POINT (-97.836561 27.41265),val
NA5120_E1607N0419__m_2709726_sw_14_060_20200501,POINT (-97.83692 27.505059),train
NA5120_E1607N0420__m_2709726_sw_14_060_20200501,POINT (-97.8371 27.551263),val
NA5120_E1607N0420__m_2709726_sw_14_060_20220516,POINT (-97.8371 27.551263),val
NA5120_E1607N0432__m_2809758_nw_14_060_20201116,POINT (-97.839282 28.105686),train
NA5120_E1607N0447__m_2809710_sw_14_060_20220516,POINT (-97.842072 28.798652),train
NA5120_E1607N0461__m_2909734_nw_14_060_20201115,POINT (-97.844739 29.445355),train
NA5120_E1607N0470__m_2909710_nw_14_060_20220608,POINT (-97.846487 29.86106),train
NA5120_E1607N0476__m_3009750_sw_14_060_20220611,POINT (-97.847668 30.138182),train
NA5120_E1607N0527__m_3209726_sw_14_060_20201007,POINT (-97.858205 32.493238),train
NA5120_E1607N0527__m_3209734_nw_14_060_20201001,POINT (-97.858205 32.493238),train
NA5120_E1607N0529__m_3209726_nw_14_060_20201007,POINT (-97.858637 32.585576),val
NA5120_E1607N0648__m_3809757_ne_14_060_20190712,POINT (-97.887355 38.077133),train
NA5120_E1607N0752__m_4209701_se_14_060_20220731,POINT (-97.918283 42.872274),train
NA5120_E1607N0803__m_4509749_nw_14_060_20210811,POINT (-97.935982 45.222264),train
NA5120_E1607N0803__m_4509749_nw_14_060_20220809,POINT (-97.935982 45.222264),train
NA5120_E1607N0835__m_4609717_nw_14_060_20200728,POINT (-97.948102 46.69627),train
NA5120_E1607N0835__m_4609717_nw_14_060_20210922,POINT (-97.948102 46.69627),train
NA5120_E1607N0835__m_4609717_nw_14_060_20220903,POINT (-97.948102 46.69627),train
NA5120_E1607N0836__m_4609709_sw_14_060_20190726,POINT (-97.948495 46.742326),train
NA5120_E1607N0836__m_4609709_sw_14_060_20220903,POINT (-97.948495 46.742326),train
NA5120_E1607N0848__m_4709741_sw_14_060_20220823,POINT (-97.953273 47.294975),train
NA5120_E1607N0852__m_4709733_nw_14_060_20200819,POINT (-97.954894 47.47918),train
NA5120_E1607N0857__m_4709717_nw_14_060_20211006,POINT (-97.956941 47.709426),test
NA5120_E1607N0857__m_4709717_nw_14_060_20220823,POINT (-97.956941 47.709426),test
NA5120_E1608N0404__m_2609710_ne_14_060_20220605,POINT (-97.784395 26.812137),train
NA5120_E1608N0421__m_2709726_ne_14_060_20220516,POINT (-97.786967 27.597643),test
NA5120_E1608N0424__m_2709718_ne_14_060_20200501,POINT (-97.787429 27.736252),train
NA5120_E1608N0435__m_2809742_se_14_060_20201116,POINT (-97.78914 28.244463),train
NA5120_E1608N0442__m_2809726_ne_14_060_20220516,POINT (-97.790246 28.56785),train
NA5120_E1608N0472__m_2909702_ne_14_060_20220608,POINT (-97.795134 29.953619),train
NA5120_E1608N0491__m_3009710_ne_14_060_20201125,POINT (-97.798361 30.831121),train
NA5120_E1608N0506__m_3109726_se_14_060_20201125,POINT (-97.800983 31.523803),train
NA5120_E1608N0526__m_3209734_ne_14_060_20201001,POINT (-97.804587 32.447261),train
NA5120_E1608N0530__m_3209718_se_14_060_20220704,POINT (-97.805323 32.631936),train
NA5120_E1608N0533__m_3209710_se_14_060_20201007,POINT (-97.805878 32.770439),train
NA5120_E1608N0542__m_3309750_ne_14_060_20201007,POINT (-97.807561 33.185929),train
NA5120_E1608N0573__m_3409718_sw_14_060_20190628,POINT (-97.813568 34.616849),train
NA5120_E1608N0573__m_3409718_sw_14_060_20210509,POINT (-97.813568 34.616849),train
NA5120_E1608N0755__m_4309758_sw_14_060_20220731,POINT (-97.85673 43.010771),train
NA5120_E1608N0785__m_4409733_se_14_060_20210813,POINT (-97.865447 44.39321),train
NA5120_E1608N0785__m_4409733_se_14_060_20220803,POINT (-97.865447 44.39321),train
NA5120_E1608N0810__m_4509725_se_14_060_20200728,POINT (-97.873141 45.544985),train
NA5120_E1608N0832__m_4609725_ne_14_060_20210922,POINT (-97.880261 46.558354),train
NA5120_E1608N0832__m_4609725_ne_14_060_20220903,POINT (-97.880261 46.558354),train
NA5120_E1608N0844__m_4709757_ne_14_060_20220823,POINT (-97.88429 47.111024),train
NA5120_E1608N0849__m_4709741_ne_14_060_20220823,POINT (-97.886001 47.341287),train
NA5120_E1608N0879__m_4809717_ne_14_060_20210928,POINT (-97.896678 48.722671),train
NA5120_E1609N0392__m_2609743_sw_14_060_20201216,POINT (-97.73307 26.257754),train
NA5120_E1609N0403__m_2609711_sw_14_060_20201216,POINT (-97.734409 26.766074),train
NA5120_E1609N0403__m_2609711_sw_14_060_20220605,POINT (-97.734409 26.766074),train
NA5120_E1609N0409__m_2709759_sw_14_060_20200501,POINT (-97.73515 27.043324),train
NA5120_E1609N0429__m_2709703_nw_14_060_20220516,POINT (-97.737673 27.96741),train
NA5120_E1609N0514__m_3109702_se_14_060_20201001,POINT (-97.749389 31.893361),train
NA5120_E1609N0518__m_3209758_ne_14_060_20201001,POINT (-97.749983 32.078053),train
NA5120_E1609N0521__m_3209750_ne_14_060_20201001,POINT (-97.750432 32.216569),train
NA5120_E1609N0524__m_3209742_ne_14_060_20201001,POINT (-97.750882 32.355081),train
NA5120_E1609N0593__m_3509726_se_14_060_20210529,POINT (-97.761936 35.540014),train
NA5120_E1609N0635__m_3709734_ne_14_060_20190712,POINT (-97.769369 37.477848),train
NA5120_E1609N0635__m_3709734_ne_14_060_20210616,POINT (-97.769369 37.477848),train
NA5120_E1609N0649__m_3809750_se_14_060_20190712,POINT (-97.771977 38.123651),train
NA5120_E1609N0651__m_3809750_ne_14_060_20190712,POINT (-97.772356 38.215903),test
NA5120_E1609N0651__m_3809750_ne_14_060_20210703,POINT (-97.772356 38.215903),test
NA5120_E1609N0720__m_4109734_se_14_060_20220805,POINT (-97.786335 41.397692),train
NA5120_E1609N0750__m_4209710_se_14_060_20220731,POINT (-97.793029 42.780529),train
NA5120_E1609N0755__m_4309758_se_14_060_20220731,POINT (-97.794185 43.010969),train
NA5120_E1609N0769__m_4309718_se_14_060_20220731,POINT (-97.797485 43.656152),train
NA5120_E1609N0774__m_4309702_se_14_060_20220731,POINT (-97.798686 43.886557),train
NA5120_E1609N0818__m_4509702_sw_14_060_20190702,POINT (-97.809822 45.913715),test
NA5120_E1609N0818__m_4509702_sw_14_060_20220903,POINT (-97.809822 45.913715),test
NA5120_E1609N0853__m_4709726_sw_14_060_20200819,POINT (-97.819465 47.52571),train
NA5120_E1609N0872__m_4809734_sw_14_060_20210928,POINT (-97.825021 48.400602),train
NA5120_E1610N0449__m_2809703_sw_14_060_20201115,POINT (-97.689196 28.891495),val
NA5120_E1610N0449__m_2809703_sw_14_060_20220516,POINT (-97.689196 28.891495),val
NA5120_E1610N0467__m_2909719_nw_14_060_20201115,POINT (-97.691103 29.722954),val
NA5120_E1610N0470__m_2909711_nw_14_060_20201018,POINT (-97.691427 29.861521),train
NA5120_E1610N0476__m_3009751_sw_14_060_20201018,POINT (-97.692079 30.138645),train
NA5120_E1610N0487__m_3009719_sw_14_060_20201018,POINT (-97.693292 30.646675),train
NA5120_E1610N0488__m_3009719_nw_14_060_20201018,POINT (-97.693403 30.692858),train
NA5120_E1610N0521__m_3209751_nw_14_060_20201001,POINT (-97.697189 32.216698),train
NA5120_E1610N0532__m_3209719_nw_14_060_20201007,POINT (-97.698499 32.724564),train
NA5120_E1610N0533__m_3209711_sw_14_060_20201007,POINT (-97.69862 32.770731),train
NA5120_E1610N0537__m_3209703_nw_14_060_20201007,POINT (-97.699103 32.955398),val
NA5120_E1610N0546__m_3309743_nw_14_060_20201007,POINT (-97.700204 33.370878),train
NA5120_E1610N0581__m_3409703_nw_14_060_20190628,POINT (-97.704656 34.986368),train
NA5120_E1610N0581__m_3409703_nw_14_060_20210529,POINT (-97.704656 34.986368),train
NA5120_E1610N0592__m_3509727_sw_14_060_20210529,POINT (-97.706113 35.494005),train
NA5120_E1610N0613__m_3609735_nw_14_060_20190624,POINT (-97.708978 36.463011),train
NA5120_E1610N0623__m_3609703_sw_14_060_20190624,POINT (-97.710381 36.924387),train
NA5120_E1610N0671__m_3909751_sw_14_060_20190710,POINT (-97.717493 39.138488),train
NA5120_E1610N0758__m_4309751_sw_14_060_20220731,POINT (-97.732191 43.149389),train
NA5120_E1610N0815__m_4509710_se_14_060_20210811,POINT (-97.743328 45.775693),train
NA5120_E1610N0825__m_4609750_ne_14_060_20190702,POINT (-97.745425 46.236323),train
NA5120_E1610N0844__m_4709758_ne_14_060_20190706,POINT (-97.749537 47.111416),train
NA5120_E1610N0844__m_4709758_ne_14_060_20220823,POINT (-97.749537 47.111416),train
NA5120_E1610N0863__m_4709702_ne_14_060_20220823,POINT (-97.753825 47.986376),val
NA5120_E1610N0867__m_4809750_se_14_060_20210928,POINT (-97.754751 48.170561),train
NA5120_E1611N0418__m_2709735_ne_14_060_20200501,POINT (-97.635809 27.459388),train
NA5120_E1611N0466__m_2909719_se_14_060_20201031,POINT (-97.639425 29.676859),test
NA5120_E1611N0466__m_2909719_se_14_060_20220608,POINT (-97.639425 29.676859),test
NA5120_E1611N0483__m_3009735_ne_14_060_20201018,POINT (-97.640777 30.462037),train
NA5120_E1611N0494__m_3009703_ne_14_060_20201125,POINT (-97.641673 30.970043),train
NA5120_E1611N0495__m_3109759_se_14_060_20201125,POINT (-97.641755 31.016223),train
NA5120_E1611N0496__m_3109759_ne_14_060_20201125,POINT (-97.641838 31.062403),train
NA5120_E1611N0515__m_3109703_ne_14_060_20201001,POINT (-97.643431 31.939761),train
NA5120_E1611N0533__m_3209711_se_14_060_20201010,POINT (-97.64499 32.770831),train
NA5120_E1611N0536__m_3209703_se_14_060_20201010,POINT (-97.645255 32.909332),train
NA5120_E1611N0579__m_3409703_se_14_060_20190628,POINT (-97.649205 34.894169),test
NA5120_E1611N0585__m_3509751_se_14_060_20190628,POINT (-97.649781 35.171072),train
NA5120_E1611N0585__m_3509751_se_14_060_20210529,POINT (-97.649781 35.171072),train
NA5120_E1611N0592__m_3509727_se_14_060_20210529,POINT (-97.65046 35.49411),train
NA5120_E1611N0593__m_3509727_se_14_060_20210529,POINT (-97.650558 35.540256),train
NA5120_E1611N0615__m_3609727_ne_14_060_20190624,POINT (-97.652755 36.555396),val
NA5120_E1611N0677__m_3909735_se_14_060_20190710,POINT (-97.659451 39.415305),train
NA5120_E1611N0760__m_4309743_se_14_060_20220731,POINT (-97.669766 43.241683),train
NA5120_E1611N0760__m_4309751_ne_14_060_20200829,POINT (-97.669766 43.241683),train
NA5120_E1611N0767__m_4309727_ne_14_060_20220731,POINT (-97.670717 43.564273),train
NA5120_E1611N0796__m_4409703_se_14_060_20200930,POINT (-97.674808 44.90052),train
NA5120_E1611N0822__m_4609759_ne_14_060_20190702,POINT (-97.678695 46.098268),train
NA5120_E1611N0822__m_4609759_ne_14_060_20210830,POINT (-97.678695 46.098268),train
NA5120_E1611N0822__m_4609759_ne_14_060_20220903,POINT (-97.678695 46.098268),train
NA5120_E1611N0827__m_4609743_ne_14_060_20190702,POINT (-97.679468 46.328575),train
NA5120_E1611N0827__m_4609743_ne_14_060_20220903,POINT (-97.679468 46.328575),train
NA5120_E1611N0829__m_4609735_se_14_060_20190702,POINT (-97.679779 46.420696),test
NA5120_E1611N0829__m_4609735_se_14_060_20210830,POINT (-97.679779 46.420696),test
NA5120_E1611N0829__m_4609735_se_14_060_20220903,POINT (-97.679779 46.420696),test
NA5120_E1611N0838__m_4609711_ne_14_060_20190702,POINT (-97.681198 46.835218),train
NA5120_E1611N0838__m_4609711_ne_14_060_20200728,POINT (-97.681198 46.835218),train
NA5120_E1611N0838__m_4609711_ne_14_060_20210914,POINT (-97.681198 46.835218),train
NA5120_E1611N0838__m_4609711_ne_14_060_20220903,POINT (-97.681198 46.835218),train
NA5120_E1612N0394__m_2609744_nw_14_060_20220515,POINT (-97.584502 26.350446),train
NA5120_E1612N0408__m_2709760_sw_14_060_20200430,POINT (-97.585123 26.997386),train
NA5120_E1612N0429__m_2709704_nw_14_060_20220516,POINT (-97.586081 27.967685),train
NA5120_E1612N0475__m_3009760_nw_14_060_20220611,POINT (-97.588302 30.092618),val
NA5120_E1612N0478__m_3009752_nw_14_060_20201030,POINT (-97.588453 30.231177),train
NA5120_E1612N0480__m_3009744_nw_14_060_20201030,POINT (-97.588554 30.323548),val
NA5120_E1612N0496__m_3109760_nw_14_060_20201125,POINT (-97.589374 31.06247),train
NA5120_E1612N0502__m_3109744_nw_14_060_20201125,POINT (-97.589688 31.339544),train
NA5120_E1612N0502__m_3109744_nw_14_060_20220706,POINT (-97.589688 31.339544),train
NA5120_E1612N0504__m_3109736_nw_14_060_20201125,POINT (-97.589793 31.431899),val
NA5120_E1612N0512__m_3109712_sw_14_060_20201001,POINT (-97.590218 31.801306),train
NA5120_E1612N0518__m_3209760_nw_14_060_20201001,POINT (-97.59054 32.078348),train
NA5120_E1612N0531__m_3209720_sw_14_060_20201010,POINT (-97.59125 32.678563),train
NA5120_E1612N0538__m_3309760_sw_14_060_20201010,POINT (-97.591639 33.001732),train
NA5120_E1612N0543__m_3309752_nw_14_060_20201010,POINT (-97.59192 33.232557),train
NA5120_E1612N0579__m_3409704_sw_14_060_20210529,POINT (-97.594017 34.894241),train
NA5120_E1612N0584__m_3509752_sw_14_060_20210529,POINT (-97.594319 35.124994),train
NA5120_E1612N0593__m_3509728_sw_14_060_20210529,POINT (-97.594869 35.540328),test
NA5120_E1612N0595__m_3509720_sw_14_060_20190624,POINT (-97.594993 35.632621),val
NA5120_E1612N0595__m_3509720_sw_14_060_20210529,POINT (-97.594993 35.632621),val
NA5120_E1612N0602__m_3509704_nw_14_060_20190624,POINT (-97.595429 35.955634),train
NA5120_E1612N0606__m_3609752_sw_14_060_20190624,POINT (-97.59568 36.140205),train
NA5120_E1612N0665__m_3809712_nw_14_060_20190713,POINT (-97.599617 38.86196),train
NA5120_E1612N0668__m_3909760_sw_14_060_20210703,POINT (-97.599829 39.00032),train
NA5120_E1612N0693__m_4009752_sw_14_060_20200712,POINT (-97.601644 40.153197),train
NA5120_E1612N0693__m_4009752_sw_14_060_20220723,POINT (-97.601644 40.153197),train
NA5120_E1612N0694__m_4009752_nw_14_060_20200712,POINT (-97.601719 40.199307),test
NA5120_E1612N0701__m_4009728_sw_14_060_20200712,POINT (-97.602244 40.522069),train
NA5120_E1612N0719__m_4109744_nw_14_060_20220830,POINT (-97.603628 41.351944),train
NA5120_E1612N0733__m_4109704_nw_14_060_20220830,POINT (-97.604739 41.99732),train
NA5120_E1612N0748__m_4209720_nw_14_060_20220731,POINT (-97.605965 42.688713),val
NA5120_E1612N0822__m_4609760_nw_14_060_20190726,POINT (-97.612599 46.098358),train
NA5120_E1612N0822__m_4609760_nw_14_060_20210830,POINT (-97.612599 46.098358),train
NA5120_E1612N0822__m_4609760_nw_14_060_20220903,POINT (-97.612599 46.098358),train
NA5120_E1612N0832__m_4609728_nw_14_060_20210914,POINT (-97.613578 46.558964),train
NA5120_E1612N0832__m_4609728_nw_14_060_20220903,POINT (-97.613578 46.558964),train
NA5120_E1613N0442__m_2809728_ne_14_060_20201116,POINT (-97.535803 28.568312),train
NA5120_E1613N0442__m_2809728_ne_14_060_20220516,POINT (-97.535803 28.568312),train
NA5120_E1613N0476__m_3009752_se_14_060_20220611,POINT (-97.536489 30.138841),train
NA5120_E1613N0480__m_3009744_ne_14_060_20220611,POINT (-97.536572 30.323584),train
NA5120_E1613N0481__m_3009736_se_14_060_20220611,POINT (-97.536593 30.369769),train
NA5120_E1613N0485__m_3009728_ne_14_060_20220611,POINT (-97.536677 30.554506),train
NA5120_E1613N0520__m_3209752_se_14_060_20201001,POINT (-97.537437 32.17073),train
NA5120_E1613N0531__m_3209720_se_14_060_20201010,POINT (-97.537685 32.678601),train
NA5120_E1613N0557__m_3309704_se_14_060_20190710,POINT (-97.538292 33.878859),train
NA5120_E1613N0581__m_3409704_ne_14_060_20210529,POINT (-97.538878 34.986582),test
NA5120_E1613N0585__m_3509752_se_14_060_20210529,POINT (-97.538978 35.171183),train
NA5120_E1613N0586__m_3509752_ne_14_060_20210529,POINT (-97.539003 35.217332),train
NA5120_E1613N0597__m_3509720_ne_14_060_20190624,POINT (-97.539282 35.724952),test
NA5120_E1613N0604__m_3609760_se_14_060_20190624,POINT (-97.539463 36.04796),train
NA5120_E1613N0641__m_3709712_se_14_060_20190712,POINT (-97.540458 37.754998),train
NA5120_E1613N0651__m_3809752_ne_14_060_20190712,POINT (-97.540739 38.216275),test
NA5120_E1613N0769__m_4309720_se_14_060_20220731,POINT (-97.544498 43.656569),train
NA5120_E1613N0805__m_4509744_ne_14_060_20200930,POINT (-97.545835 45.31529),train
NA5120_E1613N0816__m_4509712_ne_14_060_20201010,POINT (-97.546264 45.822025),val
NA5120_E1613N0816__m_4509712_ne_14_060_20220808,POINT (-97.546264 45.822025),val
NA5120_E1613N0833__m_4609728_ne_14_060_20220903,POINT (-97.546948 46.605072),train
NA5120_E1613N0844__m_4709760_ne_14_060_20190706,POINT (-97.547404 47.111692),val
NA5120_E1613N0858__m_4709712_se_14_060_20190706,POINT (-97.548001 47.756416),train
NA5120_E1614N0412__m_2709753_nw_14_060_20200430,POINT (-97.485156 27.182255),test
NA5120_E1614N0430__m_2809761_sw_14_060_20200430,POINT (-97.485012 28.013926),val
NA5120_E1614N0430__m_2809761_sw_14_060_20220516,POINT (-97.485012 28.013926),val
NA5120_E1614N0476__m_3009753_sw_14_060_20220611,POINT (-97.484625 30.138847),train
NA5120_E1614N0478__m_3009753_nw_14_060_20220611,POINT (-97.484608 30.231219),train
NA5120_E1614N0533__m_3209713_sw_14_060_20201010,POINT (-97.484102 32.770943),train
NA5120_E1614N0556__m_3309713_nw_14_060_20190710,POINT (-97.483875 33.832706),train
NA5120_E1614N0556__m_3309713_nw_14_060_20210505,POINT (-97.483875 33.832706),train
NA5120_E1614N0584__m_3509753_sw_14_060_20210529,POINT (-97.483587 35.12504),train
NA5120_E1614N0597__m_3509721_nw_14_060_20190624,POINT (-97.483448 35.724958),test
NA5120_E1614N0646__m_3709705_nw_14_060_20190712,POINT (-97.482894 37.985648),train
NA5120_E1614N0747__m_4209721_sw_14_060_20220830,POINT (-97.481575 42.642676),train
NA5120_E1614N0752__m_4209705_sw_14_060_20220830,POINT (-97.481502 42.873124),train
NA5120_E1614N0821__m_4609761_sw_14_060_20210909,POINT (-97.480423 46.052352),test
NA5120_E1614N0821__m_4609761_sw_14_060_20220903,POINT (-97.480423 46.052352),test
NA5120_E1614N0833__m_4609729_nw_14_060_20220903,POINT (-97.480218 46.60508),test
NA5120_E1615N0428__m_2709705_sw_14_060_20220516,POINT (-97.434525 27.921501),train
NA5120_E1615N0485__m_3009729_ne_14_060_20220611,POINT (-97.432415 30.554489),test
NA5120_E1615N0489__m_3009721_ne_14_060_20220611,POINT (-97.432259 30.73922),train
NA5120_E1615N0490__m_3009713_se_14_060_20201011,POINT (-97.43222 30.785402),train
NA5120_E1615N0490__m_3009713_se_14_060_20220611,POINT (-97.43222 30.785402),train
NA5120_E1615N0533__m_3209713_se_14_060_20201011,POINT (-97.430472 32.770918),train
NA5120_E1615N0533__m_3209713_sw_14_060_20201010,POINT (-97.430472 32.770918),train
NA5120_E1615N0534__m_3209713_ne_14_060_20201011,POINT (-97.43043 32.817085),train
NA5120_E1615N0534__m_3209713_nw_14_060_20201010,POINT (-97.43043 32.817085),train
NA5120_E1615N0540__m_3309761_ne_14_060_20201011,POINT (-97.430175 33.094082),train
NA5120_E1615N0540__m_3309761_nw_14_060_20201010,POINT (-97.430175 33.094082),train
NA5120_E1615N0613__m_3609737_ne_14_060_20190624,POINT (-97.426846 36.463211),train
NA5120_E1615N0620__m_3609713_se_14_060_20190624,POINT (-97.426503 36.786179),train
NA5120_E1615N0623__m_3609705_se_14_060_20190624,POINT (-97.426355 36.924589),test
NA5120_E1615N0645__m_3709705_ne_14_060_20190712,POINT (-97.425241 37.939493),train
NA5120_E1615N0649__m_3809753_se_14_060_20190712,POINT (-97.425034 38.124002),train
NA5120_E1615N0656__m_3809737_ne_14_060_20190712,POINT (-97.424667 38.44688),train
NA5120_E1615N0694__m_4009753_ne_14_060_20200712,POINT (-97.422589 40.199329),train
NA5120_E1615N0734__m_4209761_se_14_060_20220830,POINT (-97.420229 42.043438),train
NA5120_E1615N0762__m_4309745_ne_14_060_20220731,POINT (-97.418461 43.333961),train
NA5120_E1615N0770__m_4309721_ne_14_060_20220731,POINT (-97.417937 43.702628),train
NA5120_E1615N0780__m_4409753_se_14_060_20220810,POINT (-97.41727 44.163429),train
NA5120_E1615N0862__m_4709705_ne_14_060_20211005,POINT (-97.411227 47.940585),val
NA5120_E1615N0862__m_4709705_ne_14_060_20220823,POINT (-97.411227 47.940585),val
NA5120_E1615N0873__m_4809737_ne_14_060_20190701,POINT (-97.410331 48.447086),train
NA5120_E1616N0481__m_3009737_se_14_060_20201103,POINT (-97.380558 30.369698),train
NA5120_E1616N0481__m_3009737_se_14_060_20220611,POINT (-97.380558 30.369698),train
NA5120_E1616N0494__m_3009705_ne_14_060_20201011,POINT (-97.37966 30.970074),train
NA5120_E1616N0494__m_3009705_ne_14_060_20220711,POINT (-97.37966 30.970074),train
NA5120_E1616N0497__m_3109761_ne_14_060_20201011,POINT (-97.37945 31.108614),train
NA5120_E1616N0524__m_3209745_ne_14_060_20201011,POINT (-97.37751 32.355341),train
NA5120_E1616N0527__m_3209729_se_14_060_20201011,POINT (-97.377288 32.493851),train
NA5120_E1616N0529__m_3209729_ne_14_060_20201011,POINT (-97.37714 32.58619),train
NA5120_E1616N0533__m_3209713_se_14_060_20201011,POINT (-97.376842 32.770862),train
NA5120_E1616N0534__m_3209713_ne_14_060_20201011,POINT (-97.376768 32.81703),train
NA5120_E1616N0535__m_3209713_ne_14_060_20201011,POINT (-97.376693 32.863197),train
NA5120_E1616N0578__m_3409713_ne_14_060_20210529,POINT (-97.373343 34.848051),train
NA5120_E1616N0584__m_3509753_se_14_060_20210529,POINT (-97.372855 35.124956),train
NA5120_E1616N0617__m_3609722_sw_14_060_20210430,POINT (-97.370073 36.647706),train
NA5120_E1616N0624__m_3609706_nw_14_060_20210430,POINT (-97.369462 36.970664),train
NA5120_E1616N0721__m_4109738_nw_14_060_20220804,POINT (-97.360094 41.444102),train
NA5120_E1616N0733__m_4109706_nw_14_060_20220830,POINT (-97.358808 41.997276),train
NA5120_E1616N0740__m_4209746_nw_14_060_20220830,POINT (-97.358043 42.319936),train
NA5120_E1616N0784__m_4409746_nw_14_060_20220731,POINT (-97.352978 44.347668),val
NA5120_E1616N0835__m_4609722_nw_14_060_20210909,POINT (-97.346491 46.697089),train
NA5120_E1617N0422__m_2709722_sw_14_060_20200430,POINT (-97.334054 27.644154),val
NA5120_E1617N0497__m_3109762_nw_14_060_20201011,POINT (-97.326956 31.10853),train
NA5120_E1617N0497__m_3109762_nw_14_060_20220711,POINT (-97.326956 31.10853),train
NA5120_E1617N0499__m_3109754_nw_14_060_20201011,POINT (-97.326754 31.200888),train
NA5120_E1617N0525__m_3209738_sw_14_060_20201011,POINT (-97.324065 32.401425),train
NA5120_E1617N0528__m_3209730_sw_14_060_20201011,POINT (-97.323747 32.539934),train
NA5120_E1617N0532__m_3209722_nw_14_060_20201011,POINT (-97.32332 32.724608),train
NA5120_E1617N0533__m_3209714_sw_14_060_20201011,POINT (-97.323213 32.770775),train
NA5120_E1617N0535__m_3209714_nw_14_060_20201011,POINT (-97.322998 32.86311),train
NA5120_E1617N0540__m_3309762_nw_14_060_20201011,POINT (-97.322457 33.093939),val
NA5120_E1617N0677__m_3909738_se_14_060_20210916,POINT (-97.305581 39.415242),train
NA5120_E1617N0679__m_3909730_se_14_060_20190718,POINT (-97.305302 39.507474),train
NA5120_E1617N0679__m_3909730_se_14_060_20210916,POINT (-97.305302 39.507474),train
NA5120_E1617N0681__m_3909730_ne_14_060_20190718,POINT (-97.305021 39.599704),test
NA5120_E1617N0760__m_4309746_se_14_060_20220809,POINT (-97.293004 43.241615),train
NA5120_E1617N0820__m_4609762_se_14_060_20220903,POINT (-97.28249 46.00607),train
NA5120_E1617N0844__m_4709762_ne_14_060_20210917,POINT (-97.277893 47.111476),train
NA5120_E1618N0430__m_2809762_se_14_060_20220516,POINT (-97.282781 28.013664),val
NA5120_E1618N0501__m_3109746_se_14_060_20220711,POINT (-97.273935 31.29313),train
NA5120_E1618N0530__m_3209722_se_14_060_20201011,POINT (-97.270002 32.632154),train
NA5120_E1618N0531__m_3209722_se_14_060_20201011,POINT (-97.269863 32.678322),train
NA5120_E1618N0541__m_3309754_se_14_060_20201011,POINT (-97.268457 33.139985),train
NA5120_E1618N0542__m_3309754_ne_14_060_20201011,POINT (-97.268315 33.18615),train
NA5120_E1618N0602__m_3509706_ne_14_060_20190624,POINT (-97.259324 35.955378),train
NA5120_E1618N0696__m_4009747_sw_14_060_20200712,POINT (-97.243084 40.291248),train
NA5120_E1618N0702__m_4009730_ne_14_060_20200712,POINT (-97.241945 40.567895),train
NA5120_E1618N0763__m_4309739_sw_14_060_20220809,POINT (-97.229565 43.379724),train
NA5120_E1618N0874__m_4809731_sw_14_060_20190707,POINT (-97.202562 48.492767),train
NA5120_E1618N0876__m_4809731_nw_14_060_20190707,POINT (-97.202013 48.584852),train
NA5120_E1619N0486__m_3009731_nw_14_060_20220610,POINT (-97.223733 30.600278),test
NA5120_E1619N0503__m_3109739_sw_14_060_20201011,POINT (-97.220992 31.38534),train
NA5120_E1619N0506__m_3109731_sw_14_060_20201011,POINT (-97.2205 31.523871),train
NA5120_E1619N0510__m_3109723_nw_14_060_20220711,POINT (-97.21984 31.708573),train
NA5120_E1619N0525__m_3209739_sw_14_060_20201011,POINT (-97.217323 32.40116),train
NA5120_E1619N0529__m_3209731_nw_14_060_20201011,POINT (-97.216641 32.585837),train
NA5120_E1619N0530__m_3209723_sw_14_060_20201011,POINT (-97.21647 32.632005),test
NA5120_E1619N0534__m_3209715_nw_14_060_20201011,POINT (-97.215782 32.816676),train
NA5120_E1619N0535__m_3209715_nw_14_060_20201011,POINT (-97.215609 32.862842),train
NA5120_E1619N0537__m_3209707_nw_14_060_20201011,POINT (-97.215263 32.955175),train
NA5120_E1619N0538__m_3309763_sw_14_060_20201011,POINT (-97.215089 33.00134),train
NA5120_E1619N0544__m_3309747_sw_14_060_20201011,POINT (-97.21404 33.278327),train
NA5120_E1619N0596__m_3509723_sw_14_060_20190624,POINT (-97.20447 35.678355),train
NA5120_E1619N0596__m_3509723_sw_14_060_20210529,POINT (-97.20447 35.678355),train
NA5120_E1619N0675__m_3909747_nw_14_060_20190718,POINT (-97.188074 39.322706),val
NA5120_E1619N0687__m_3909707_sw_14_060_20190718,POINT (-97.185362 39.87608),train
NA5120_E1619N0687__m_3909707_sw_14_060_20210916,POINT (-97.185362 39.87608),train
NA5120_E1619N0773__m_4309715_ne_14_060_20220830,POINT (-97.163936 43.840362),train
NA5120_E1619N0847__m_4709747_se_14_060_20210917,POINT (-97.142188 47.249277),train
NA5120_E1619N0864__m_4809763_se_14_060_20210831,POINT (-97.136676 48.032117),train
NA5120_E1620N0442__m_2809731_ne_14_060_20220516,POINT (-97.179582 28.567747),train
NA5120_E1620N0442__m_2809731_nw_14_060_20200501,POINT (-97.179582 28.567747),train
NA5120_E1620N0502__m_3109747_ne_14_060_20220711,POINT (-97.168508 31.338987),train
NA5120_E1620N0507__m_3109731_ne_14_060_20201011,POINT (-97.167533 31.569871),train
NA5120_E1620N0529__m_3209731_ne_14_060_20201011,POINT (-97.163142 32.585658),test
NA5120_E1620N0535__m_3209715_ne_14_060_20201011,POINT (-97.161915 32.862662),train
NA5120_E1620N0536__m_3209707_se_14_060_20201011,POINT (-97.161709 32.908828),train
NA5120_E1620N0537__m_3209707_ne_14_060_20201011,POINT (-97.161503 32.954994),train
NA5120_E1620N0541__m_3309755_se_14_060_20201011,POINT (-97.160675 33.139654),train
NA5120_E1620N0546__m_3309739_se_14_060_20201101,POINT (-97.159632 33.370471),train
NA5120_E1620N0546__m_3309747_ne_14_060_20201011,POINT (-97.159632 33.370471),train
NA5120_E1620N0557__m_3309707_se_14_060_20201101,POINT (-97.157304 33.878239),train
NA5120_E1620N0621__m_3609715_ne_14_060_20190624,POINT (-97.142811 36.83168),train
NA5120_E1620N0670__m_3909763_ne_14_060_20210916,POINT (-97.130502 39.091915),train
NA5120_E1620N0690__m_4009763_se_14_060_20200713,POINT (-97.12514 40.014208),train
NA5120_E1620N0690__m_4009763_se_14_060_20210916,POINT (-97.12514 40.014208),train
NA5120_E1620N0690__m_4009763_se_14_060_20220804,POINT (-97.12514 40.014208),train
NA5120_E1620N0772__m_4309716_sw_14_060_20220830,POINT (-97.100808 43.794057),val
NA5120_E1620N0850__m_4709740_sw_14_060_20200719,POINT (-97.073494 47.387189),train
NA5120_E1620N0862__m_4709708_nw_14_060_20210917,POINT (-97.068864 47.939777),train
NA5120_E1620N0862__m_4709708_nw_14_060_20220823,POINT (-97.068864 47.939777),train
NA5120_E1621N0449__m_2809707_se_14_060_20220516,POINT (-97.127263 28.890921),train
NA5120_E1621N0505__m_3109739_ne_14_060_20220711,POINT (-97.115185 31.477312),val
NA5120_E1621N0505__m_3109740_nw_14_060_20201011,POINT (-97.115185 31.477312),val
NA5120_E1621N0508__m_3109732_nw_14_060_20201011,POINT (-97.114505 31.61584),train
NA5120_E1621N0529__m_3209732_nw_14_060_20201011,POINT (-97.109643 32.585447),test
NA5120_E1621N0531__m_3209724_sw_14_060_20201011,POINT (-97.109171 32.677783),val
NA5120_E1621N0532__m_3209724_nw_14_060_20201011,POINT (-97.108934 32.72395),train
NA5120_E1621N0539__m_3309764_sw_14_060_20201011,POINT (-97.107265 33.047113),train
NA5120_E1621N0540__m_3309764_nw_14_060_20201011,POINT (-97.107025 33.093277),train
NA5120_E1621N0543__m_3309756_nw_14_060_20201011,POINT (-97.106302 33.231769),train
NA5120_E1621N0543__m_3309756_nw_14_060_20220713,POINT (-97.106302 33.231769),train
NA5120_E1621N0593__m_3509732_sw_14_060_20210529,POINT (-97.09367 35.539506),train
NA5120_E1621N0607__m_3609756_nw_14_060_20190624,POINT (-97.089925 36.185514),train
NA5120_E1621N0617__m_3609724_sw_14_060_20190624,POINT (-97.087191 36.646906),val
NA5120_E1621N0618__m_3609724_nw_14_060_20190624,POINT (-97.086915 36.693043),test
NA5120_E1621N0667__m_3809708_nw_14_060_20190718,POINT (-97.072731 38.953321),val
NA5120_E1621N0686__m_3909716_nw_14_060_20210916,POINT (-97.066868 39.82952),train
NA5120_E1621N0767__m_4309732_ne_14_060_20220829,POINT (-97.039266 43.563389),val
NA5120_E1621N0832__m_4609732_ne_14_060_20200728,POINT (-97.013542 46.557927),train
NA5120_E1622N0452__m_2909764_sw_14_060_20201116,POINT (-97.075476 29.029277),train
NA5120_E1622N0541__m_3309756_se_14_060_20201011,POINT (-97.052894 33.139198),train
NA5120_E1622N0588__m_3509748_ne_14_060_20210529,POINT (-97.039478 35.308518),train
NA5120_E1622N0602__m_3509708_ne_14_060_20190624,POINT (-97.035258 35.954548),train
NA5120_E1622N0606__m_3609756_se_14_060_20190624,POINT (-97.034032 36.139115),train
NA5120_E1622N0618__m_3609724_ne_14_060_20190624,POINT (-97.030301 36.692782),train
NA5120_E1622N0667__m_3809708_ne_14_060_20190718,POINT (-97.014174 38.953049),train
NA5120_E1623N0508__m_3109732_ne_14_060_20201030,POINT (-97.00884 31.615335),test
NA5120_E1623N0508__m_3109732_ne_14_060_20220708,POINT (-97.00884 31.615335),test
NA5120_E1623N0521__m_3209756_ne_14_060_20220711,POINT (-97.005032 32.21558),train
NA5120_E1623N0526__m_3209740_ne_14_060_20201011,POINT (-97.003545 32.446429),train
NA5120_E1623N0536__m_3209708_se_14_060_20201011,POINT (-97.000531 32.9081),train
NA5120_E1623N0537__m_3209708_ne_14_060_20201011,POINT (-97.000227 32.954265),train
NA5120_E1623N0542__m_3309756_ne_14_060_20201011,POINT (-96.998697 33.185086),test
NA5120_E1623N0544__m_3309748_se_14_060_20201011,POINT (-96.998081 33.277412),train
NA5120_E1623N0544__m_3309748_se_14_060_20220704,POINT (-96.998081 33.277412),train
NA5120_E1623N0545__m_3309748_ne_14_060_20220704,POINT (-96.997773 33.323575),train
NA5120_E1623N0610__m_3609641_nw_14_060_20190624,POINT (-96.976486 36.323385),val
NA5120_E1623N0661__m_3809617_sw_14_060_20190718,POINT (-96.957921 38.676023),train
NA5120_E1623N0661__m_3809617_sw_14_060_20210826,POINT (-96.957921 38.676023),train
NA5120_E1623N0691__m_4009657_nw_14_060_20200713,POINT (-96.946136 40.059483),val
NA5120_E1623N0691__m_4009657_sw_14_060_20190710,POINT (-96.946136 40.059483),val
NA5120_E1623N0703__m_4009625_nw_14_060_20200713,POINT (-96.941227 40.612774),train
NA5120_E1623N0733__m_4209657_se_14_060_20220809,POINT (-96.928438 41.995766),train
NA5120_E1623N0750__m_4209609_se_14_060_20200905,POINT (-96.920843 42.779313),train
NA5120_E1623N0762__m_4309641_ne_14_060_20200905,POINT (-96.915322 43.332339),train
NA5120_E1623N0768__m_4309625_ne_14_060_20200905,POINT (-96.91251 43.608831),train
NA5120_E1623N0829__m_4609633_se_14_060_20190702,POINT (-96.881822 46.419071),train
NA5120_E1623N0829__m_4609633_se_14_060_20210812,POINT (-96.881822 46.419071),train
NA5120_E1623N0839__m_4609601_se_14_060_20190702,POINT (-96.876396 46.879633),train
NA5120_E1623N0839__m_4609601_se_14_060_20210829,POINT (-96.876396 46.879633),train
NA5120_E1623N0839__m_4609601_se_14_060_20220830,POINT (-96.876396 46.879633),train
NA5120_E1623N0865__m_4809657_ne_14_060_20190723,POINT (-96.861716 48.076916),train
NA5120_E1624N0444__m_2809617_sw_14_060_20201116,POINT (-96.975457 28.659182),train
NA5120_E1624N0492__m_3009601_sw_14_060_20201014,POINT (-96.961071 30.876199),train
NA5120_E1624N0505__m_3109633_nw_14_060_20201030,POINT (-96.956968 31.476511),train
NA5120_E1624N0547__m_3309633_sw_14_060_20201101,POINT (-96.943065 33.415591),train
NA5120_E1624N0550__m_3309625_nw_14_060_20201101,POINT (-96.942032 33.554073),train
NA5120_E1624N0587__m_3509641_sw_14_060_20210529,POINT (-96.928833 35.261766),train
NA5120_E1624N0592__m_3509633_nw_14_060_20210529,POINT (-96.926981 35.492498),val
NA5120_E1624N0764__m_4309634_sw_14_060_20200905,POINT (-96.851398 43.424129),val
NA5120_E1624N0774__m_4309602_sw_14_060_20200905,POINT (-96.846164 43.884931),test
NA5120_E1624N0774__m_4309602_sw_14_060_20220809,POINT (-96.846164 43.884931),test
NA5120_E1624N0838__m_4609610_nw_14_060_20190702,POINT (-96.809927 46.833172),test
NA5120_E1624N0838__m_4609610_nw_14_060_20210829,POINT (-96.809927 46.833172),test
NA5120_E1624N0839__m_4609602_se_14_060_20190806,POINT (-96.80932 46.879226),train
NA5120_E1624N0839__m_4609602_sw_14_060_20190702,POINT (-96.80932 46.879226),train
NA5120_E1624N0839__m_4609602_sw_14_060_20210829,POINT (-96.80932 46.879226),train
NA5120_E1624N0839__m_4609602_sw_14_060_20220830,POINT (-96.80932 46.879226),train
NA5120_E1624N0859__m_4709610_se_14_060_20210724,POINT (-96.796897 47.800227),train
NA5120_E1624N0873__m_4809634_ne_14_060_20210814,POINT (-96.787864 48.444838),train
NA5120_E1625N0457__m_2909641_se_14_060_20220711,POINT (-96.920365 29.259382),train
NA5120_E1625N0538__m_3309657_se_14_060_20220704,POINT (-96.89234 32.999788),val
NA5120_E1625N0543__m_3309649_ne_14_060_20220704,POINT (-96.890478 33.230605),train
NA5120_E1625N0552__m_3309617_se_14_060_20201101,POINT (-96.887085 33.646053),train
NA5120_E1625N0678__m_3909634_nw_14_060_20190710,POINT (-96.833292 39.459298),train
NA5120_E1625N0697__m_4009642_nw_14_060_20200713,POINT (-96.82402 40.335395),train
NA5120_E1625N0757__m_4309658_ne_14_060_20200905,POINT (-96.792358 43.101133),train
NA5120_E1625N0757__m_4309658_ne_14_060_20220809,POINT (-96.792358 43.101133),train
NA5120_E1625N0783__m_4409642_se_14_060_20210829,POINT (-96.777397 44.299199),train
NA5120_E1626N0450__m_2809601_ne_14_060_20201116,POINT (-96.8715 28.935694),test
NA5120_E1626N0518__m_3209658_nw_14_060_20200930,POINT (-96.846482 32.076074),train
NA5120_E1626N0525__m_3209634_sw_14_060_20220708,POINT (-96.843738 32.399261),train
NA5120_E1626N0539__m_3309658_sw_14_060_20220704,POINT (-96.838146 33.045584),train
NA5120_E1626N0540__m_3309658_nw_14_060_20220704,POINT (-96.837742 33.091747),train
NA5120_E1626N0541__m_3309650_sw_14_060_20220704,POINT (-96.837336 33.13791),train
NA5120_E1626N0636__m_3709626_se_14_060_20190718,POINT (-96.795326 37.521787),train
NA5120_E1626N0668__m_3909658_se_14_060_20210826,POINT (-96.779441 38.997728),train
NA5120_E1626N0692__m_4009658_ne_14_060_20200713,POINT (-96.766875 40.104435),train
NA5120_E1626N0706__m_4009610_se_14_060_20200713,POINT (-96.759272 40.749915),train
NA5120_E1626N0764__m_4309635_sw_14_060_20200905,POINT (-96.72542 43.423262),train
NA5120_E1627N0522__m_3209642_se_14_060_20220708,POINT (-96.791646 32.26036),train
NA5120_E1627N0528__m_3209626_se_14_060_20220704,POINT (-96.789087 32.537368),train
NA5120_E1627N0534__m_3209610_ne_14_060_20220704,POINT (-96.7865 32.814364),train
NA5120_E1627N0543__m_3309650_ne_14_060_20220704,POINT (-96.782569 33.229834),train
NA5120_E1627N0545__m_3309642_ne_14_060_20201102,POINT (-96.781687 33.322157),train
NA5120_E1627N0545__m_3309642_ne_14_060_20220704,POINT (-96.781687 33.322157),train
NA5120_E1627N0566__m_3409642_se_14_060_20210926,POINT (-96.772236 34.291464),val
NA5120_E1627N0575__m_3409618_ne_14_060_20210926,POINT (-96.768076 34.706833),train
NA5120_E1627N0584__m_3509650_se_14_060_20210513,POINT (-96.763849 35.122174),train
NA5120_E1627N0625__m_3709658_se_14_060_20190718,POINT (-96.743693 37.013916),train
NA5120_E1627N0670__m_3909659_nw_14_060_20190710,POINT (-96.719737 39.089513),train
NA5120_E1627N0707__m_4009611_sw_14_060_20200713,POINT (-96.698441 40.795553),train
NA5120_E1627N0742__m_4209635_sw_14_060_20220804,POINT (-96.676822 42.408902),train
NA5120_E1627N0826__m_4609643_se_14_060_20190702,POINT (-96.618152 46.279047),val
NA5120_E1627N0826__m_4609643_se_14_060_20220830,POINT (-96.618152 46.279047),val
NA5120_E1627N0839__m_4609604_sw_14_060_20210725,POINT (-96.608098 46.877758),train
NA5120_E1628N0528__m_3209627_sw_14_060_20220704,POINT (-96.735623 32.536942),train
NA5120_E1628N0539__m_3309659_sw_14_060_20220704,POINT (-96.730502 33.044754),train
NA5120_E1628N0548__m_3309635_nw_14_060_20201102,POINT (-96.726239 33.460205),train
NA5120_E1628N0548__m_3309635_nw_14_060_20220704,POINT (-96.726239 33.460205),train
NA5120_E1628N0560__m_3409659_sw_14_060_20190811,POINT (-96.720448 34.014097),train
NA5120_E1628N0670__m_3909659_ne_14_060_20190710,POINT (-96.661059 39.08903),train
NA5120_E1628N0692__m_4009659_ne_14_060_20200713,POINT (-96.647642 40.103484),test
NA5120_E1628N0703__m_4009627_ne_14_060_20200713,POINT (-96.640717 40.610643),train
NA5120_E1628N0707__m_4009611_se_14_060_20200713,POINT (-96.638162 40.795053),train
NA5120_E1628N0709__m_4009603_se_14_060_20200713,POINT (-96.636876 40.887256),train
NA5120_E1628N0727__m_4109619_ne_14_060_20200718,POINT (-96.625078 41.717013),train
NA5120_E1628N0761__m_4309644_sw_14_060_20220830,POINT (-96.601597 43.283999),train
NA5120_E1628N0768__m_4309628_nw_14_060_20220830,POINT (-96.596558 43.606559),train
NA5120_E1628N0848__m_4709644_se_14_060_20190806,POINT (-96.533361 47.291634),train
NA5120_E1629N0538__m_3309659_se_14_060_20220704,POINT (-96.677184 32.998129),train
NA5120_E1629N0547__m_3309635_se_14_060_20201102,POINT (-96.67263 33.41358),train
NA5120_E1629N0547__m_3309635_se_14_060_20220704,POINT (-96.67263 33.41358),train
NA5120_E1629N0551__m_3309627_ne_14_060_20201102,POINT (-96.670583 33.598216),train
NA5120_E1629N0565__m_3409643_se_14_060_20190811,POINT (-96.663302 34.244398),train
NA5120_E1629N0646__m_3709603_ne_14_060_20190719,POINT (-96.617369 37.981641),train
NA5120_E1629N0646__m_3709604_nw_14_060_20190718,POINT (-96.617369 37.981641),train
NA5120_E1629N0658__m_3809628_sw_14_060_20210826,POINT (-96.609961 38.535103),train
NA5120_E1629N0740__m_4209644_ne_14_060_20200815,POINT (-96.554482 42.315653),train
NA5120_E1629N0740__m_4209644_ne_14_060_20220804,POINT (-96.554482 42.315653),train
NA5120_E1629N0740__m_4209644_nw_14_060_20220830,POINT (-96.554482 42.315653),train
NA5120_E1630N0497__m_3109659_ne_14_060_20220719,POINT (-96.64456 31.10469),train
NA5120_E1630N0527__m_3209635_ne_14_060_20220704,POINT (-96.629223 32.48983),train
NA5120_E1630N0532__m_3209619_ne_14_060_20201014,POINT (-96.626588 32.720656),train
NA5120_E1630N0536__m_3209603_se_14_060_20220704,POINT (-96.624464 32.905311),train
NA5120_E1630N0541__m_3309651_se_14_060_20220704,POINT (-96.621788 33.136122),train
NA5120_E1630N0548__m_3309635_ne_14_060_20220704,POINT (-96.618001 33.459243),train
NA5120_E1630N0549__m_3309627_se_14_060_20201102,POINT (-96.617456 33.505402),train
NA5120_E1630N0551__m_3309627_ne_14_060_20201102,POINT (-96.616364 33.597718),val
NA5120_E1630N0552__m_3309619_se_14_060_20220704,POINT (-96.615816 33.643876),val
NA5120_E1630N0603__m_3609660_sw_14_060_20210419,POINT (-96.58655 35.997447),train
NA5120_E1630N0647__m_3809660_se_14_060_20190719,POINT (-96.559022 38.027223),train
NA5120_E1630N0691__m_4009660_ne_14_060_20220723,POINT (-96.529122 40.056283),val
NA5120_E1630N0691__m_4009660_se_14_060_20190710,POINT (-96.529122 40.056283),val
NA5120_E1630N0694__m_4009652_ne_14_060_20200713,POINT (-96.52699 40.194602),train
NA5120_E1630N0694__m_4009652_ne_14_060_20220723,POINT (-96.52699 40.194602),train
NA5120_E1630N0710__m_4009604_ne_14_060_20220723,POINT (-96.515407 40.932244),train
NA5120_E1630N0721__m_4109636_ne_14_060_20200815,POINT (-96.507229 41.439316),train
NA5120_E1630N0744__m_4209628_se_14_060_20220830,POINT (-96.489541 42.499411),train
NA5120_E1630N0745__m_4209629_sw_14_060_20190828,POINT (-96.488753 42.545497),val
NA5120_E1630N0755__m_4309661_sw_14_060_20220830,POINT (-96.480787 43.006341),val
NA5120_E1631N0492__m_3009604_sw_14_060_20220719,POINT (-96.594704 30.8733),train
NA5120_E1631N0497__m_3109660_nw_14_060_20220719,POINT (-96.592072 31.104184),train
NA5120_E1631N0537__m_3209604_nw_14_060_20220704,POINT (-96.570177 32.950951),test
NA5120_E1631N0540__m_3309660_nw_14_060_20220704,POINT (-96.568472 33.089436),train
NA5120_E1631N0544__m_3309644_sw_14_060_20201014,POINT (-96.566186 33.274078),train
NA5120_E1631N0544__m_3309644_sw_14_060_20220704,POINT (-96.566186 33.274078),train
NA5120_E1631N0547__m_3309636_sw_14_060_20220704,POINT (-96.56446 33.412556),train
NA5120_E1631N0555__m_3309612_sw_14_060_20201102,POINT (-96.559815 33.781816),train
NA5120_E1631N0650__m_3809652_se_14_060_20190719,POINT (-96.499206 38.165013),train
NA5120_E1631N0650__m_3809652_se_14_060_20210826,POINT (-96.499206 38.165013),train
NA5120_E1631N0661__m_3809620_se_14_060_20210826,POINT (-96.491476 38.672328),train
NA5120_E1631N0708__m_4009613_nw_14_060_20220723,POINT (-96.456554 40.839434),train
NA5120_E1631N0743__m_4209637_ne_14_060_20190827,POINT (-96.428378 42.452693),train
NA5120_E1631N0744__m_4209629_se_14_060_20190828,POINT (-96.427544 42.498779),val
NA5120_E1631N0861__m_4709606_sw_14_060_20210702,POINT (-96.316821 47.888213),train
NA5120_E1632N0467__m_2909620_ne_14_060_20201102,POINT (-96.55594 29.71823),train
NA5120_E1632N0472__m_2909604_ne_14_060_20200611,POINT (-96.553271 29.949154),train
NA5120_E1632N0481__m_3009644_ne_14_060_20200611,POINT (-96.548411 30.364796),train
NA5120_E1632N0492__m_3009604_se_14_060_20220719,POINT (-96.542368 30.872765),train
NA5120_E1632N0508__m_3109628_ne_14_060_20220719,POINT (-96.533374 31.611558),train
NA5120_E1632N0529__m_3209628_ne_14_060_20201014,POINT (-96.521185 32.581091),test
NA5120_E1632N0529__m_3209628_ne_14_060_20220704,POINT (-96.521185 32.581091),test
NA5120_E1632N0530__m_3209620_se_14_060_20201014,POINT (-96.520593 32.627255),train
NA5120_E1632N0538__m_3209604_ne_14_060_20220704,POINT (-96.515824 32.996558),train
NA5120_E1632N0549__m_3309628_se_14_060_20201102,POINT (-96.509155 33.504313),test
NA5120_E1632N0557__m_3309604_se_14_060_20190811,POINT (-96.504223 33.873563),train
NA5120_E1632N0557__m_3309604_se_14_060_20210926,POINT (-96.504223 33.873563),train
NA5120_E1632N0677__m_3909637_se_14_060_20190718,POINT (-96.420973 39.409532),train
NA5120_E1632N0677__m_3909637_se_14_060_20210828,POINT (-96.420973 39.409532),train
NA5120_E1632N0684__m_3909621_ne_14_060_20190718,POINT (-96.415516 39.732299),train
NA5120_E1632N0696__m_4009645_se_14_060_20220723,POINT (-96.405988 40.285571),train
NA5120_E1632N0773__m_4309614_nw_14_060_20190828,POINT (-96.339155 43.834424),val
NA5120_E1632N0777__m_4409662_sw_14_060_20210818,POINT (-96.335389 44.018718),val
NA5120_E1632N0782__m_4409646_sw_14_060_20190808,POINT (-96.330638 44.249077),train
NA5120_E1632N0783__m_4409646_sw_14_060_20190808,POINT (-96.329682 44.295147),val
NA5120_E1632N0783__m_4409646_sw_14_060_20210814,POINT (-96.329682 44.295147),val
NA5120_E1633N0463__m_2909628_se_14_060_20201102,POINT (-96.50658 29.532934),test
NA5120_E1633N0526__m_3209637_nw_14_060_20201014,POINT (-96.469558 32.442015),train
NA5120_E1633N0530__m_3209621_sw_14_060_20201014,POINT (-96.467069 32.626673),train
NA5120_E1633N0530__m_3209621_sw_14_060_20220704,POINT (-96.467069 32.626673),train
NA5120_E1633N0533__m_3209613_sw_14_060_20201014,POINT (-96.465191 32.765163),train
NA5120_E1633N0533__m_3209613_sw_14_060_20220704,POINT (-96.465191 32.765163),train
NA5120_E1633N0537__m_3209605_nw_14_060_20220704,POINT (-96.462671 32.949811),train
NA5120_E1633N0558__m_3309605_sw_14_060_20210926,POINT (-96.449149 33.919121),train
NA5120_E1633N0635__m_3709637_ne_14_060_20190719,POINT (-96.394972 37.471907),val
NA5120_E1633N0647__m_3809661_se_14_060_20190719,POINT (-96.385818 38.025392),train
NA5120_E1633N0651__m_3809653_ne_14_060_20190719,POINT (-96.382721 38.209875),val
NA5120_E1633N0651__m_3809653_ne_14_060_20210826,POINT (-96.382721 38.209875),val
NA5120_E1633N0718__m_4109646_sw_14_060_20200815,POINT (-96.327158 41.299071),train
NA5120_E1633N0721__m_4109638_nw_14_060_20200815,POINT (-96.324496 41.437353),test
NA5120_E1633N0721__m_4109638_nw_14_060_20220802,POINT (-96.324496 41.437353),test
NA5120_E1633N0787__m_4409638_ne_14_060_20190808,POINT (-96.261673 44.478687),train
NA5120_E1634N0532__m_3209621_ne_14_060_20201012,POINT (-96.412229 32.718386),train
NA5120_E1634N0537__m_3209605_ne_14_060_20220704,POINT (-96.408919 32.949194),train
NA5120_E1634N0549__m_3309629_se_14_060_20220704,POINT (-96.400857 33.503099),train
NA5120_E1634N0554__m_3309621_ne_14_060_20220704,POINT (-96.397446 33.733877),train
NA5120_E1634N0563__m_3409653_se_14_060_20190811,POINT (-96.391232 34.149256),train
NA5120_E1634N0650__m_3809654_sw_14_060_20190719,POINT (-96.325645 38.163074),train
NA5120_E1634N0650__m_3809654_sw_14_060_20210826,POINT (-96.325645 38.163074),train
NA5120_E1634N0669__m_3909662_sw_14_060_20190718,POINT (-96.309859 39.039282),train
NA5120_E1634N0669__m_3909662_sw_14_060_20210826,POINT (-96.309859 39.039282),train
NA5120_E1634N0691__m_4009662_se_14_060_20190718,POINT (-96.290852 40.053669),train
NA5120_E1634N0715__m_4109654_se_14_060_20200815,POINT (-96.26917 41.160062),val
NA5120_E1634N0728__m_4109614_se_14_060_20200815,POINT (-96.256991 41.759266),test
NA5120_E1635N0464__m_2909629_ne_14_060_20201102,POINT (-96.403012 29.577929),train
NA5120_E1635N0477__m_3009653_se_14_060_20200611,POINT (-96.394923 30.178308),train
NA5120_E1635N0487__m_3009621_se_14_060_20200611,POINT (-96.388578 30.640099),train
NA5120_E1635N0524__m_3209645_ne_14_060_20220719,POINT (-96.364135 32.348433),train
NA5120_E1635N0531__m_3209622_sw_14_060_20201012,POINT (-96.359332 32.671578),test
NA5120_E1635N0531__m_3209622_sw_14_060_20220704,POINT (-96.359332 32.671578),test
NA5120_E1635N0537__m_3209606_nw_14_060_20220704,POINT (-96.355169 32.948546),train
NA5120_E1635N0538__m_3209606_nw_14_060_20201012,POINT (-96.35447 32.994706),train
NA5120_E1635N0538__m_3209606_nw_14_060_20220704,POINT (-96.35447 32.994706),train
NA5120_E1635N0539__m_3309662_sw_14_060_20220704,POINT (-96.353771 33.040866),train
NA5120_E1635N0542__m_3309654_nw_14_060_20220704,POINT (-96.351665 33.179343),val
NA5120_E1635N0643__m_3709614_ne_14_060_20190719,POINT (-96.273748 37.839516),train
NA5120_E1635N0657__m_3809638_ne_14_060_20190718,POINT (-96.261761 38.485184),train
NA5120_E1635N0666__m_3809606_se_14_060_20190718,POINT (-96.253886 38.900217),train
NA5120_E1635N0666__m_3809606_se_14_060_20210826,POINT (-96.253886 38.900217),train
NA5120_E1635N0696__m_4009647_sw_14_060_20200713,POINT (-96.226635 40.283439),test
NA5120_E1635N0696__m_4009647_sw_14_060_20220802,POINT (-96.226635 40.283439),test
NA5120_E1636N0459__m_2909646_nw_14_060_20201102,POINT (-96.354716 29.346362),train
NA5120_E1636N0529__m_3209630_ne_14_060_20201012,POINT (-96.307221 32.578578),val
NA5120_E1636N0539__m_3309662_se_14_060_20220705,POINT (-96.299956 33.040186),train
NA5120_E1636N0698__m_4009639_se_14_060_20220802,POINT (-96.164893 40.374858),train
NA5120_E1636N0723__m_4109631_se_14_060_20200815,POINT (-96.139716 41.527242),val
NA5120_E1636N0792__m_4409624_nw_14_060_20190808,POINT (-96.063282 44.70656),train
NA5120_E1637N0465__m_2909622_se_14_060_20201102,POINT (-96.29933 29.622804),train
NA5120_E1637N0478__m_3009654_ne_14_060_20200611,POINT (-96.290467 30.223165),train
NA5120_E1637N0486__m_3009630_ne_14_060_20200611,POINT (-96.284915 30.592589),train
NA5120_E1637N0546__m_3309646_ne_14_060_20220705,POINT (-96.240748 33.362575),train
NA5120_E1637N0775__m_4309608_se_14_060_20210821,POINT (-96.0196 43.922538),train
NA5120_E1637N0783__m_4409648_se_14_060_20190808,POINT (-96.009932 44.29108),train
NA5120_E1637N0789__m_4409632_ne_14_060_20190808,POINT (-96.002575 44.56747),train
NA5120_E1638N0450__m_2809606_se_14_060_20201107,POINT (-96.258215 28.929319),train
NA5120_E1638N0456__m_2909654_ne_14_060_20201102,POINT (-96.25408 29.206442),train
NA5120_E1638N0519__m_3209663_nw_14_060_20201002,POINT (-96.208024 32.115505),train
NA5120_E1638N0534__m_3209615_nw_14_060_20220705,POINT (-96.196304 32.807938),val
NA5120_E1638N0551__m_3309631_ne_14_060_20201103,POINT (-96.182643 33.5926),train
NA5120_E1638N0583__m_3509663_ne_14_060_20210925,POINT (-96.155787 35.069328),val
NA5120_E1638N0589__m_3509647_ne_14_060_20210925,POINT (-96.150578 35.346173),train
NA5120_E1638N0595__m_3509623_se_14_060_20210925,POINT (-96.145312 35.623005),test
NA5120_E1638N0597__m_3509623_ne_14_060_20210925,POINT (-96.143544 35.715279),train
NA5120_E1638N0633__m_3709640_sw_14_060_20190718,POINT (-96.11059 37.375964),train
NA5120_E1638N0741__m_4209541_nw_15_060_20190729,POINT (-95.997114 42.355061),train
NA5120_E1638N0785__m_4409533_sw_15_060_20210619,POINT (-95.943441 44.382279),train
NA5120_E1639N0484__m_3009631_se_14_060_20200611,POINT (-96.182131 30.498786),train
NA5120_E1639N0510__m_3109623_ne_14_060_20220719,POINT (-96.162028 31.699253),train
NA5120_E1639N0536__m_3209607_se_14_060_20220705,POINT (-96.141003 32.899485),train
NA5120_E1639N0568__m_3409640_sw_14_060_20190819,POINT (-96.113777 34.376365),train
NA5120_E1639N0594__m_3509632_nw_14_060_20210925,POINT (-96.090484 35.576056),train
NA5120_E1639N0598__m_3509616_sw_14_060_20210925,POINT (-96.086803 35.760602),train
NA5120_E1639N0603__m_3509608_nw_14_060_20210823,POINT (-96.082164 35.991276),val
NA5120_E1640N0475__m_3009663_ne_14_060_20200611,POINT (-96.137062 30.082422),train
NA5120_E1640N0485__m_3009631_se_14_060_20200611,POINT (-96.129256 30.544192),train
NA5120_E1640N0497__m_3109663_ne_14_060_20201014,POINT (-96.11971 31.098271),train
NA5120_E1640N0497__m_3109663_ne_14_060_20220719,POINT (-96.11971 31.098271),train
NA5120_E1640N0505__m_3109640_nw_14_060_20220719,POINT (-96.113237 31.467629),train
NA5120_E1640N0531__m_3209624_sw_14_060_20201012,POINT (-96.091571 32.66789),train
NA5120_E1640N0539__m_3309664_sw_14_060_20220705,POINT (-96.084705 33.037153),train
NA5120_E1640N0546__m_3309648_nw_14_060_20220705,POINT (-96.078617 33.360239),train
NA5120_E1640N0587__m_3509648_se_14_060_20210925,POINT (-96.041407 35.252248),train
NA5120_E1640N0593__m_3509632_se_14_060_20190904,POINT (-96.035729 35.529076),train
NA5120_E1640N0593__m_3509632_se_14_060_20210925,POINT (-96.035729 35.529076),train
NA5120_E1640N0597__m_3509624_ne_14_060_20210925,POINT (-96.031909 35.71362),train
NA5120_E1640N0602__m_3509608_ne_14_060_20210823,POINT (-96.027095 35.944292),train
NA5120_E1640N0712__m_4109557_se_15_060_20210916,POINT (-95.908986 41.016681),train
NA5120_E1640N0715__m_4109549_se_15_060_20190729,POINT (-95.905403 41.154953),test
NA5120_E1640N0715__m_4109549_se_15_060_20210916,POINT (-95.905403 41.154953),test
NA5120_E1640N0717__m_4109541_se_15_060_20190729,POINT (-95.903002 41.247133),train
NA5120_E1640N0784__m_4409542_nw_15_060_20210619,POINT (-95.81673 44.334234),val
NA5120_E1640N0786__m_4409534_sw_15_060_20190808,POINT (-95.813968 44.426359),train
NA5120_E1641N0495__m_3109664_sw_14_060_20220719,POINT (-96.068896 31.005121),test
NA5120_E1641N0505__m_3109640_nw_14_060_20201014,POINT (-96.060511 31.466816),test
NA5120_E1641N0520__m_3209656_se_14_060_20220719,POINT (-96.04766 32.159293),train
NA5120_E1641N0591__m_3509533_nw_15_060_20210925,POINT (-95.98203 35.435927),train
NA5120_E1641N0595__m_3509517_sw_15_060_20210923,POINT (-95.978079 35.620471),train
NA5120_E1641N0600__m_3509509_nw_15_060_20210923,POINT (-95.9731 35.851143),train
NA5120_E1641N0604__m_3609557_sw_15_060_20210825,POINT (-95.969084 36.035674),train
NA5120_E1641N0717__m_4109542_sw_15_060_20190729,POINT (-95.842289 41.246151),train
NA5120_E1642N0551__m_3309525_nw_15_060_20201102,POINT (-95.965808 33.589284),train
NA5120_E1642N0551__m_3309525_nw_15_060_20220705,POINT (-95.965808 33.589284),train
NA5120_E1642N0575__m_3409517_nw_15_060_20210923,POINT (-95.942521 34.696796),train
NA5120_E1642N0601__m_3509501_se_15_060_20210923,POINT (-95.916138 35.896362),train
NA5120_E1642N0607__m_3609549_se_15_060_20210825,POINT (-95.909871 36.173149),train
NA5120_E1642N0787__m_4409535_nw_15_060_20210619,POINT (-95.684291 44.470277),val
NA5120_E1642N0793__m_4409511_se_15_060_20190808,POINT (-95.675281 44.746626),test
NA5120_E1643N0475__m_3009557_nw_15_060_20220913,POINT (-95.981604 30.079953),train
NA5120_E1643N0540__m_3309557_ne_15_060_20201101,POINT (-95.922315 33.080705),train
NA5120_E1643N0540__m_3309557_ne_15_060_20220705,POINT (-95.922315 33.080705),train
NA5120_E1643N0595__m_3509517_se_15_060_20210923,POINT (-95.866597 35.618619),val
NA5120_E1643N0602__m_3509502_nw_15_060_20210825,POINT (-95.859103 35.941546),test
NA5120_E1643N0606__m_3609550_sw_15_060_20210825,POINT (-95.854777 36.126067),test
NA5120_E1643N0609__m_3609542_sw_15_060_20210825,POINT (-95.851512 36.264454),train
NA5120_E1643N0610__m_3609542_nw_15_060_20210825,POINT (-95.85042 36.310582),train
NA5120_E1643N0611__m_3609542_nw_15_060_20210825,POINT (-95.849326 36.35671),train
NA5120_E1643N0713__m_4109559_nw_15_060_20190729,POINT (-95.726207 41.05973),test
NA5120_E1643N0733__m_4109503_nw_15_060_20190729,POINT (-95.699089 41.981411),val
NA5120_E1643N0805__m_4509544_sw_15_060_20210619,POINT (-95.591807 45.298128),train
NA5120_E1644N0597__m_3509518_nw_15_060_20210923,POINT (-95.808654 35.709908),train
NA5120_E1644N0604__m_3609558_se_15_060_20210825,POINT (-95.800876 36.032824),train
NA5120_E1644N0706__m_4009519_ne_15_060_20190729,POINT (-95.675238 40.736025),train
NA5120_E1645N0580__m_3409502_se_15_060_20210923,POINT (-95.771937 34.924613),train
NA5120_E1645N0630__m_3709551_nw_15_060_20210615,POINT (-95.71405 37.231022),train
NA5120_E1645N0781__m_4409552_ne_15_060_20210815,POINT (-95.501711 44.190425),train
NA5120_E1646N0580__m_3409503_sw_15_060_20210923,POINT (-95.716738 34.923586),val
NA5120_E1646N0599__m_3509511_sw_15_060_20210923,POINT (-95.694678 35.800116),train
NA5120_E1646N0604__m_3609559_sw_15_060_20210825,POINT (-95.688745 36.030759),train
NA5120_E1646N0634__m_3709535_se_15_060_20210615,POINT (-95.651984 37.414416),train
NA5120_E1647N0461__m_2909534_ne_15_060_20201117,POINT (-95.787899 29.42978),test
NA5120_E1647N0464__m_2909526_ne_15_060_20201117,POINT (-95.785021 29.568314),train
NA5120_E1647N0546__m_3309543_nw_15_060_20201101,POINT (-95.700356 33.353693),train
NA5120_E1647N0546__m_3309543_nw_15_060_20220705,POINT (-95.700356 33.353693),train
NA5120_E1647N0602__m_3509503_ne_15_060_20210825,POINT (-95.635135 35.937423),train
NA5120_E1647N0619__m_3609520_nw_15_060_20210825,POINT (-95.613995 36.721534),train
NA5120_E1647N0731__m_4109505_sw_15_060_20210922,POINT (-95.456444 41.884604),train
NA5120_E1647N0798__m_4409506_nw_15_060_20210619,POINT (-95.344073 44.970791),train
NA5120_E1647N0810__m_4509530_sw_15_060_20210619,POINT (-95.322238 45.523343),train
NA5120_E1648N0464__m_2909527_nw_15_060_20201117,POINT (-95.733528 29.567322),train
NA5120_E1648N0588__m_3509544_sw_15_060_20210923,POINT (-95.596579 35.290501),val
NA5120_E1648N0610__m_3609544_nw_15_060_20210825,POINT (-95.568985 36.305309),train
NA5120_E1648N0676__m_3909545_nw_15_060_20210612,POINT (-95.479138 39.348603),train
NA5120_E1648N0702__m_4009529_sw_15_060_20200623,POINT (-95.440535 40.547),train
NA5120_E1649N0453__m_2909559_nw_15_060_20201117,POINT (-95.693149 29.058345),test
NA5120_E1649N0464__m_2909527_ne_15_060_20201117,POINT (-95.682037 29.566301),train
NA5120_E1649N0473__m_2909503_ne_15_060_20220913,POINT (-95.672791 29.98187),val
NA5120_E1649N0511__m_3109519_ne_15_060_20201111,POINT (-95.632154 31.736183),val
NA5120_E1649N0512__m_3109511_se_15_060_20201111,POINT (-95.631049 31.782342),train
NA5120_E1649N0541__m_3309552_sw_15_060_20220705,POINT (-95.598139 33.120802),train
NA5120_E1649N0553__m_3309520_sw_15_060_20201102,POINT (-95.584025 33.674557),val
NA5120_E1649N0558__m_3309504_sw_15_060_20201102,POINT (-95.578055 33.905273),val
NA5120_E1649N0578__m_3409512_ne_15_060_20210923,POINT (-95.55364 34.828042),train
NA5120_E1649N0592__m_3509536_ne_15_060_20210923,POINT (-95.536022 35.473889),train
NA5120_E1649N0608__m_3609552_ne_15_060_20210825,POINT (-95.515332 36.21191),train
NA5120_E1649N0618__m_3609520_se_15_060_20210825,POINT (-95.502091 36.673122),train
NA5120_E1649N0639__m_3709521_sw_15_060_20210614,POINT (-95.473477 37.641541),train
NA5120_E1649N0799__m_4509563_sw_15_060_20210619,POINT (-95.212743 45.014112),train
NA5120_E1649N0807__m_4509539_sw_15_060_20210619,POINT (-95.197347 45.382461),train
NA5120_E1649N0817__m_4509515_ne_15_060_20210619,POINT (-95.177729 45.842858),train
NA5120_E1649N0818__m_4509507_se_15_060_20210619,POINT (-95.175744 45.888896),train
NA5120_E1649N0829__m_4609539_se_15_060_20210708,POINT (-95.153622 46.395279),train
NA5120_E1650N0465__m_2909527_ne_15_060_20201117,POINT (-95.629498 29.611425),train
NA5120_E1650N0475__m_3009559_ne_15_060_20220913,POINT (-95.618907 30.073155),train
NA5120_E1650N0553__m_3309520_se_15_060_20201102,POINT (-95.529762 33.673427),train
NA5120_E1650N0574__m_3409520_se_15_060_20190903,POINT (-95.503611 34.642349),train
NA5120_E1650N0615__m_3609529_sw_15_060_20210825,POINT (-95.449622 36.53357),train
NA5120_E1650N0617__m_3609521_sw_15_060_20210825,POINT (-95.446884 36.625808),train
NA5120_E1650N0643__m_3709513_ne_15_060_20210614,POINT (-95.410352 37.824759),train
NA5120_E1650N0788__m_4409531_se_15_060_20210619,POINT (-95.169317 44.506182),test
NA5120_E1650N0794__m_4409515_se_15_060_20210619,POINT (-95.157741 44.782465),train
NA5120_E1650N0809__m_4509539_ne_15_060_20210619,POINT (-95.128151 45.473106),train
NA5120_E1650N0810__m_4509531_se_15_060_20210619,POINT (-95.126144 45.519145),train
NA5120_E1650N0817__m_4509515_ne_15_060_20210619,POINT (-95.111978 45.841408),train
NA5120_E1650N0820__m_4509508_nw_15_060_20210619,POINT (-95.105841 45.979514),train
NA5120_E1651N0474__m_3009560_sw_15_060_20220913,POINT (-95.568195 30.025895),train
NA5120_E1651N0505__m_3109536_ne_15_060_20220720,POINT (-95.53332 31.457018),train
NA5120_E1651N0518__m_3209560_ne_15_060_20200928,POINT (-95.518134 32.057064),train
NA5120_E1651N0623__m_3609505_se_15_060_20210825,POINT (-95.381841 36.901278),train
NA5120_E1651N0667__m_3809506_nw_15_060_20210729,POINT (-95.3165 38.92996),train
NA5120_E1651N0673__m_3909554_ne_15_060_20190719,POINT (-95.307163 39.206538),train
NA5120_E1651N0682__m_3909522_se_15_060_20190719,POINT (-95.292954 39.621377),train
NA5120_E1651N0712__m_4109562_se_15_060_20210916,POINT (-95.243764 41.003936),train
NA5120_E1651N0718__m_4109547_sw_15_060_20210915,POINT (-95.233575 41.280404),train
NA5120_E1651N0721__m_4109539_sw_15_060_20210916,POINT (-95.228435 41.418632),train
NA5120_E1651N0789__m_4409532_sw_15_060_20210619,POINT (-95.103174 44.550782),train
NA5120_E1652N0463__m_2909528_se_15_060_20201117,POINT (-95.528677 29.516888),train
NA5120_E1652N0464__m_2909528_ne_15_060_20201117,POINT (-95.527572 29.563061),train
NA5120_E1652N0465__m_2909528_ne_15_060_20201117,POINT (-95.526465 29.609234),train
NA5120_E1652N0471__m_2909504_se_15_060_20201118,POINT (-95.519784 29.886266),train
NA5120_E1652N0471__m_2909504_se_15_060_20220913,POINT (-95.519784 29.886266),train
NA5120_E1652N0474__m_3009560_se_15_060_20220913,POINT (-95.516418 30.024777),train
NA5120_E1652N0598__m_3509514_sw_15_060_20210923,POINT (-95.360826 35.747036),train
NA5120_E1652N0603__m_3509506_nw_15_060_20210825,POINT (-95.353806 35.97765),test
NA5120_E1652N0617__m_3609522_sw_15_060_20210825,POINT (-95.333806 36.623319),train
NA5120_E1652N0634__m_3709538_sw_15_060_20210614,POINT (-95.308817 37.40724),val
NA5120_E1652N0649__m_3809562_ne_15_060_20190719,POINT (-95.286102 38.09884),train
NA5120_E1652N0660__m_3809530_ne_15_060_20190719,POINT (-95.269034 38.605955),train
NA5120_E1652N0668__m_3809506_ne_15_060_20190719,POINT (-95.256396 38.974736),train
NA5120_E1652N0711__m_4009507_nw_15_060_20210916,POINT (-95.185036 40.956481),train
NA5120_E1652N0731__m_4109507_se_15_060_20210916,POINT (-95.149744 41.877962),train
NA5120_E1652N0736__m_4209563_ne_15_060_20210916,POINT (-95.140699 42.108306),train
NA5120_E1652N0797__m_4409508_se_15_060_20210619,POINT (-95.022602 44.917642),train
NA5120_E1652N0813__m_4509417_sw_15_060_20210619,POINT (-94.989055 45.654252),train
NA5120_E1653N0463__m_2909529_sw_15_060_20201117,POINT (-95.477221 29.51575),train
NA5120_E1653N0466__m_2909521_sw_15_060_20201118,POINT (-95.473813 29.654267),train
NA5120_E1653N0467__m_2909521_nw_15_060_20201118,POINT (-95.472673 29.700438),train
NA5120_E1653N0469__m_2909513_sw_15_060_20201118,POINT (-95.470388 29.79278),train
NA5120_E1653N0477__m_3009553_sw_15_060_20220913,POINT (-95.46117 30.162134),train
NA5120_E1653N0528__m_3209529_se_15_060_20200929,POINT (-95.399346 32.516229),train
NA5120_E1653N0593__m_3509530_sw_15_060_20210923,POINT (-95.312132 35.515144),train
NA5120_E1653N0598__m_3509514_se_15_060_20210923,POINT (-95.304994 35.745763),test
NA5120_E1653N0622__m_3609514_ne_15_060_20210825,POINT (-95.269812 36.852595),train
NA5120_E1653N0664__m_3809515_sw_15_060_20190719,POINT (-95.204351 38.788998),train
NA5120_E1653N0732__m_4109508_sw_15_060_20210916,POINT (-95.086564 41.92259),train
NA5120_E1653N0741__m_4209548_nw_15_060_20210916,POINT (-95.069758 42.337185),train
NA5120_E1653N0805__m_4509441_sw_15_060_20210619,POINT (-94.940895 45.284409),train
NA5120_E1653N0816__m_4509409_se_15_060_20210619,POINT (-94.916953 45.790784),test
NA5120_E1654N0451__m_2809505_nw_15_060_20201117,POINT (-95.439567 28.960496),test
NA5120_E1654N0453__m_2909561_sw_15_060_20201117,POINT (-95.437286 29.052847),val
NA5120_E1654N0454__m_2909561_nw_15_060_20201117,POINT (-95.436143 29.099022),val
NA5120_E1654N0459__m_2909545_ne_15_060_20201117,POINT (-95.430397 29.329893),train
NA5120_E1654N0461__m_2909537_se_15_060_20201117,POINT (-95.428085 29.422239),train
NA5120_E1654N0472__m_2909505_ne_15_060_20201118,POINT (-95.415229 29.930115),test
NA5120_E1654N0475__m_3009561_ne_15_060_20220913,POINT (-95.411682 30.06862),train
NA5120_E1654N0599__m_3509514_se_15_060_20210923,POINT (-95.247692 35.790578),train
NA5120_E1654N0639__m_3709523_sw_15_060_20210614,POINT (-95.186553 37.635109),train
NA5120_E1654N0681__m_3909531_ne_15_060_20190719,POINT (-95.117248 39.571168),train
NA5120_E1654N0686__m_3909516_sw_15_060_20210612,POINT (-95.108621 39.801603),train
NA5120_E1654N0706__m_4009524_nw_15_060_20210915,POINT (-95.073269 40.723238),val
NA5120_E1654N0820__m_4509402_nw_15_060_20210708,POINT (-94.842202 45.97329),train
NA5120_E1655N0455__m_2909553_se_15_060_20201117,POINT (-95.383772 29.144009),train
NA5120_E1655N0462__m_2909537_ne_15_060_20201117,POINT (-95.375501 29.467216),train
NA5120_E1655N0468__m_2909513_se_15_060_20201118,POINT (-95.368333 29.744237),train
NA5120_E1655N0472__m_2909506_nw_15_060_20220914,POINT (-95.363514 29.928911),train
NA5120_E1655N0520__m_3209554_se_15_060_20220720,POINT (-95.303052 32.144547),train
NA5120_E1655N0520__m_3209554_sw_15_060_20200929,POINT (-95.303052 32.144547),train
NA5120_E1655N0659__m_3809532_nw_15_060_20190719,POINT (-95.096059 38.555718),train
NA5120_E1655N0663__m_3809524_nw_15_060_20190719,POINT (-95.089284 38.740098),train
NA5120_E1655N0663__m_3809524_nw_15_060_20210824,POINT (-95.089284 38.740098),train
NA5120_E1655N0667__m_3809508_sw_15_060_20190719,POINT (-95.082459 38.924471),train
NA5120_E1655N0667__m_3809508_sw_15_060_20210824,POINT (-95.082459 38.924471),train
NA5120_E1655N0706__m_4009524_ne_15_060_20210915,POINT (-95.013087 40.721761),val
NA5120_E1655N0814__m_4509418_ne_15_060_20210619,POINT (-94.790216 45.695466),train
NA5120_E1656N0457__m_2909554_nw_15_060_20201117,POINT (-95.330138 29.235135),train
NA5120_E1656N0462__m_2909538_nw_15_060_20201117,POINT (-95.324077 29.465991),train
NA5120_E1656N0543__m_3309555_nw_15_060_20201111,POINT (-95.218338 33.204597),train
NA5120_E1656N0546__m_3309547_nw_15_060_20201111,POINT (-95.21413 33.343017),train
NA5120_E1656N0549__m_3309539_nw_15_060_20201111,POINT (-95.2099 33.481434),train
NA5120_E1656N0584__m_3509563_ne_15_060_20210923,POINT (-95.158846 35.096039),train
NA5120_E1656N0662__m_3809524_ne_15_060_20210824,POINT (-95.032684 38.692551),train
NA5120_E1656N0733__m_4109401_ne_15_060_20210916,POINT (-94.900453 41.964108),train
NA5120_E1656N0735__m_4209457_ne_15_060_20210916,POINT (-94.896454 42.056233),train
NA5120_E1656N0774__m_4309410_nw_15_060_20210813,POINT (-94.815154 43.852328),train
NA5120_E1657N0472__m_2909506_se_15_060_20220913,POINT (-95.260089 29.926412),train
NA5120_E1657N0636__m_3709532_se_15_060_20210614,POINT (-95.019522 37.492536),val
NA5120_E1657N0672__m_3909449_sw_15_060_20210612,POINT (-94.956431 39.151961),train
NA5120_E1657N0685__m_3909409_sw_15_060_20210612,POINT (-94.932568 39.751065),train
NA5120_E1657N0721__m_4109434_sw_15_060_20190827,POINT (-94.863257 41.409747),val
NA5120_E1657N0721__m_4109434_sw_15_060_20210915,POINT (-94.863257 41.409747),val
NA5120_E1657N0793__m_4409419_nw_15_060_20210619,POINT (-94.708703 44.725416),train
NA5120_E1658N0530__m_3209531_ne_15_060_20200929,POINT (-95.129337 32.602056),train
NA5120_E1658N0540__m_3309563_ne_15_060_20201111,POINT (-95.11489 33.06347),train
NA5120_E1658N0684__m_3909417_ne_15_060_20190714,POINT (-94.875211 39.70343),train
NA5120_E1658N0684__m_3909417_ne_15_060_20210612,POINT (-94.875211 39.70343),train
NA5120_E1658N0714__m_4109458_nw_15_060_20210915,POINT (-94.816587 41.085671),train
NA5120_E1658N0727__m_4109418_ne_15_060_20210915,POINT (-94.790091 41.684521),train
NA5120_E1658N0727__m_4109418_se_15_060_20210916,POINT (-94.790091 41.684521),train
NA5120_E1658N0733__m_4109402_ne_15_060_20210916,POINT (-94.77763 41.960889),train
NA5120_E1658N0820__m_4509404_nw_15_060_20210618,POINT (-94.578626 45.966416),val
NA5120_E1659N0642__m_3709409_se_15_060_20210614,POINT (-94.894326 37.766121),train
NA5120_E1659N0687__m_3909410_nw_15_060_20220710,POINT (-94.810162 39.840078),train
NA5120_E1659N0689__m_3909402_ne_15_060_20220710,POINT (-94.806251 39.932234),train
NA5120_E1659N0717__m_4109450_ne_15_060_20190827,POINT (-94.749867 41.222234),test
NA5120_E1659N0717__m_4109450_ne_15_060_20210916,POINT (-94.749867 41.222234),test
NA5120_E1659N0720__m_4109442_ne_15_060_20210916,POINT (-94.74364 41.360428),train
NA5120_E1659N0720__m_4109443_nw_15_060_20210915,POINT (-94.74364 41.360428),train
NA5120_E1659N0722__m_4109434_ne_15_060_20210916,POINT (-94.739468 41.452555),val
NA5120_E1659N0722__m_4109435_nw_15_060_20210915,POINT (-94.739468 41.452555),val
NA5120_E1659N0802__m_4509452_sw_15_060_20210618,POINT (-94.557933 45.136181),train
NA5120_E1659N0809__m_4509436_ne_15_060_20210618,POINT (-94.540565 45.45836),train
NA5120_E1660N0464__m_2909532_sw_15_060_20201116,POINT (-95.115729 29.553132),train
NA5120_E1660N0465__m_2909532_nw_15_060_20201116,POINT (-95.114392 29.599297),train
NA5120_E1660N0526__m_3209540_se_15_060_20200929,POINT (-95.028327 32.414685),train
NA5120_E1660N0669__m_3909458_se_15_060_20210612,POINT (-94.786118 39.008996),train
NA5120_E1660N0721__m_4109435_se_15_060_20210915,POINT (-94.68071 41.404809),train
NA5120_E1660N0723__m_4109427_se_15_060_20210915,POINT (-94.676438 41.496932),val
NA5120_E1660N0724__m_4109427_se_15_060_20210915,POINT (-94.674295 41.542993),train
NA5120_E1660N0731__m_4109411_ne_15_060_20210915,POINT (-94.659178 41.865407),train
NA5120_E1660N0736__m_4209459_ne_15_060_20210916,POINT (-94.64825 42.095689),train
NA5120_E1660N0743__m_4209435_se_15_060_20210916,POINT (-94.632765 42.418065),val
NA5120_E1660N0805__m_4509445_sw_15_060_20210618,POINT (-94.485473 45.27243),train
NA5120_E1660N0816__m_4509413_sw_15_060_20210618,POINT (-94.457282 45.778664),train
NA5120_E1661N0467__m_2909524_nw_15_060_20201118,POINT (-95.06015 29.69025),train
NA5120_E1661N0470__m_2909516_ne_15_060_20201118,POINT (-95.056022 29.828738),train
NA5120_E1661N0472__m_2909508_se_15_060_20201118,POINT (-95.053259 29.921062),train
NA5120_E1661N0472__m_2909508_se_15_060_20220914,POINT (-95.053259 29.921062),train
NA5120_E1661N0539__m_3309457_sw_15_060_20201111,POINT (-94.955008 33.013045),train
NA5120_E1661N0672__m_3909451_sw_15_060_20220710,POINT (-94.721622 39.145607),train
NA5120_E1661N0674__m_3909451_nw_15_060_20220710,POINT (-94.717655 39.23777),train
NA5120_E1661N0710__m_4009403_se_15_060_20210915,POINT (-94.643565 40.8964),train
NA5120_E1661N0716__m_4109451_se_15_060_20210915,POINT (-94.630703 41.172783),train
NA5120_E1661N0808__m_4509437_se_15_060_20210618,POINT (-94.412643 45.408622),train
NA5120_E1662N0463__m_2909532_se_15_060_20201116,POINT (-95.014178 29.504193),train
NA5120_E1662N0465__m_2909532_ne_15_060_20201116,POINT (-95.011389 29.596519),train
NA5120_E1662N0468__m_2909524_ne_15_060_20201118,POINT (-95.007189 29.735006),train
NA5120_E1662N0633__m_3709443_nw_15_060_20210614,POINT (-94.738932 37.346476),val
NA5120_E1662N0642__m_3709411_sw_15_060_20210614,POINT (-94.721883 37.761331),train
NA5120_E1662N0668__m_3809403_ne_15_060_20210613,POINT (-94.670983 38.959606),train
NA5120_E1662N0669__m_3909459_se_15_060_20190712,POINT (-94.668975 39.005688),train
NA5120_E1662N0669__m_3909459_se_15_060_20210613,POINT (-94.668975 39.005688),train
NA5120_E1662N0671__m_3909459_ne_15_060_20210613,POINT (-94.664947 39.09785),val
NA5120_E1662N0710__m_4009404_sw_15_060_20210915,POINT (-94.583225 40.894662),val
NA5120_E1662N0718__m_4109444_sw_15_060_20190827,POINT (-94.56568 41.263156),train
NA5120_E1662N0720__m_4109444_nw_15_060_20190827,POINT (-94.56125 41.355275),train
NA5120_E1662N0720__m_4109444_nw_15_060_20210915,POINT (-94.56125 41.355275),train
NA5120_E1662N0722__m_4109436_ne_15_060_20210915,POINT (-94.556803 41.447392),train
NA5120_E1662N0802__m_4509453_se_15_060_20210618,POINT (-94.363291 45.130586),train
NA5120_E1662N0811__m_4509430_sw_15_060_20210618,POINT (-94.339438 45.544759),train
NA5120_E1662N0819__m_4509406_sw_15_060_20191007,POINT (-94.317847 45.91288),test
NA5120_E1662N0819__m_4509406_sw_15_060_20210618,POINT (-94.317847 45.91288),test
NA5120_E1663N0558__m_3309402_sw_15_060_20210824,POINT (-94.816187 33.886502),train
NA5120_E1663N0637__m_3709427_se_15_060_20210614,POINT (-94.674111 37.529203),val
NA5120_E1663N0667__m_3809404_sw_15_060_20220710,POINT (-94.614503 38.911821),train
NA5120_E1663N0668__m_3809404_nw_15_060_20210613,POINT (-94.612457 38.957902),train
NA5120_E1663N0668__m_3809404_nw_15_060_20220710,POINT (-94.612457 38.957902),train
NA5120_E1663N0669__m_3909460_sw_15_060_20210613,POINT (-94.610408 39.003982),train
NA5120_E1663N0670__m_3909460_sw_15_060_20220710,POINT (-94.608354 39.050061),train
NA5120_E1663N0671__m_3909460_nw_15_060_20220710,POINT (-94.606297 39.096141),train
NA5120_E1663N0695__m_4009452_ne_15_060_20200607,POINT (-94.555717 40.201911),train
NA5120_E1663N0719__m_4109444_ne_15_060_20190827,POINT (-94.502723 41.307427),train
NA5120_E1664N0475__m_3009457_ne_15_060_20220913,POINT (-94.893728 30.055211),train
NA5120_E1664N0520__m_3209450_sw_15_060_20220914,POINT (-94.824549 32.131892),train
NA5120_E1664N0672__m_3909452_se_15_060_20220629,POINT (-94.545547 39.140473),train
NA5120_E1664N0673__m_3909452_ne_15_060_20220629,POINT (-94.54344 39.18655),test
NA5120_E1664N0674__m_3909452_ne_15_060_20220629,POINT (-94.541329 39.232626),train
NA5120_E1664N0690__m_3909404_ne_15_060_20220629,POINT (-94.506995 39.969788),train
NA5120_E1664N0693__m_4009460_ne_15_060_20220629,POINT (-94.500439 40.107993),train
NA5120_E1664N0700__m_4009437_nw_15_060_20200607,POINT (-94.484992 40.430456),train
NA5120_E1664N0700__m_4009437_nw_15_060_20220629,POINT (-94.484992 40.430456),train
NA5120_E1664N0707__m_4009413_sw_15_060_20210915,POINT (-94.469333 40.752897),train
NA5120_E1664N0717__m_4109453_nw_15_060_20210916,POINT (-94.446587 41.213488),test
NA5120_E1664N0719__m_4109445_nw_15_060_20210915,POINT (-94.441983 41.305601),test
NA5120_E1664N0721__m_4109437_sw_15_060_20210915,POINT (-94.437362 41.397712),val
NA5120_E1664N0734__m_4109405_ne_15_060_20190827,POINT (-94.40687 41.99639),train
NA5120_E1665N0600__m_3509411_ne_15_060_20210922,POINT (-94.631436 35.820143),train
NA5120_E1665N0633__m_3709444_nw_15_060_20220630,POINT (-94.56757 37.341421),test
NA5120_E1665N0665__m_3809412_ne_15_060_20220629,POINT (-94.501788 38.816154),train
NA5120_E1665N0667__m_3809404_se_15_060_20220629,POINT (-94.497544 38.90831),train
NA5120_E1665N0673__m_3909453_nw_15_060_20220629,POINT (-94.484712 39.184767),train
NA5120_E1665N0701__m_4009437_ne_15_060_20220629,POINT (-94.422839 40.47469),train
NA5120_E1665N0791__m_4409423_sw_15_060_20210618,POINT (-94.198998 44.618436),train
NA5120_E1665N0794__m_4409415_sw_15_060_20210618,POINT (-94.190802 44.756495),train
NA5120_E1665N0821__m_4609463_se_15_060_20210618,POINT (-94.114643 45.998832),train
NA5120_E1666N0522__m_3209451_nw_15_060_20220915,POINT (-94.714909 32.221016),train
NA5120_E1666N0581__m_3409404_nw_15_060_20210922,POINT (-94.611309 34.942374),train
NA5120_E1666N0587__m_3509452_nw_15_060_20210922,POINT (-94.600153 35.219043),train
NA5120_E1666N0591__m_3509436_sw_15_060_20190909,POINT (-94.592648 35.403481),test
NA5120_E1666N0627__m_3709460_ne_15_060_20220630,POINT (-94.522589 37.063116),val
NA5120_E1666N0651__m_3809453_sw_15_060_20220630,POINT (-94.473231 38.169232),train
NA5120_E1666N0663__m_3809421_nw_15_060_20220629,POINT (-94.447706 38.722195),train
NA5120_E1666N0671__m_3909461_ne_15_060_20220629,POINT (-94.430365 39.090802),test
NA5120_E1666N0678__m_3909437_se_15_060_20220629,POINT (-94.414973 39.41331),val
NA5120_E1666N0691__m_4009461_se_15_060_20200607,POINT (-94.385833 40.012194),train
NA5120_E1666N0691__m_4009461_se_15_060_20220629,POINT (-94.385833 40.012194),train
NA5120_E1666N0713__m_4109462_sw_15_060_20210916,POINT (-94.334814 41.025518),train
NA5120_E1666N0714__m_4109462_nw_15_060_20210916,POINT (-94.332443 41.071572),test
NA5120_E1666N0715__m_4109454_sw_15_060_20210916,POINT (-94.330066 41.117627),test
NA5120_E1666N0796__m_4409415_ne_15_060_20210618,POINT (-94.120774 44.846481),train
NA5120_E1666N0796__m_4409416_nw_15_060_20210619,POINT (-94.120774 44.846481),train
NA5120_E1667N0550__m_3309428_sw_15_060_20201101,POINT (-94.612958 33.511021),val
NA5120_E1667N0550__m_3309428_sw_15_060_20220705,POINT (-94.612958 33.511021),val
NA5120_E1667N0591__m_3509436_se_15_060_20190909,POINT (-94.537102 35.40176),train
NA5120_E1667N0627__m_3709461_nw_15_060_20200624,POINT (-94.465708 37.06134),train
NA5120_E1667N0627__m_3709461_nw_15_060_20220630,POINT (-94.465708 37.06134),train
NA5120_E1667N0667__m_3809405_se_15_060_20220629,POINT (-94.380597 38.90466),train
NA5120_E1667N0668__m_3809405_ne_15_060_20220629,POINT (-94.378386 38.950733),train
NA5120_E1667N0677__m_3909446_nw_15_060_20220629,POINT (-94.358296 39.365379),train
NA5120_E1667N0679__m_3909438_nw_15_060_20220629,POINT (-94.353785 39.457517),train
NA5120_E1667N0696__m_4009454_nw_15_060_20220629,POINT (-94.314727 40.240621),train
NA5120_E1667N0713__m_4109462_se_15_060_20210916,POINT (-94.274358 41.023593),val
NA5120_E1667N0745__m_4209431_sw_15_060_20190729,POINT (-94.19459 42.497059),train
NA5120_E1667N0745__m_4209431_sw_15_060_20210922,POINT (-94.19459 42.497059),train
NA5120_E1667N0745__m_4209439_nw_15_060_20210916,POINT (-94.19459 42.497059),train
NA5120_E1667N0797__m_4409408_se_15_060_20210618,POINT (-94.053382 44.890404),train
NA5120_E1667N0801__m_4509464_ne_15_060_20210619,POINT (-94.041873 45.074453),train
NA5120_E1667N0804__m_4509456_ne_15_060_20210619,POINT (-94.033177 45.212485),train
NA5120_E1667N0808__m_4509440_se_15_060_20210619,POINT (-94.021497 45.39652),train
NA5120_E1668N0618__m_3609421_se_15_060_20220630,POINT (-94.427464 36.644701),val
NA5120_E1668N0620__m_3609421_ne_15_060_20220630,POINT (-94.42335 36.736888),train
NA5120_E1668N0631__m_3709445_se_15_060_20220630,POINT (-94.400449 37.243886),train
NA5120_E1668N0649__m_3809462_nw_15_060_20220630,POINT (-94.36195 38.073406),test
NA5120_E1668N0653__m_3809446_sw_15_060_20220630,POINT (-94.353217 38.257724),train
NA5120_E1668N0655__m_3809446_nw_15_060_20220630,POINT (-94.348826 38.349881),train
NA5120_E1668N0656__m_3809438_sw_15_060_20220630,POINT (-94.346625 38.395958),train
NA5120_E1668N0658__m_3809438_nw_15_060_20220630,POINT (-94.342209 38.488112),train
NA5120_E1668N0662__m_3809422_sw_15_060_20220629,POINT (-94.333327 38.672414),train
NA5120_E1668N0665__m_3809414_nw_15_060_20220629,POINT (-94.326621 38.810636),test
NA5120_E1668N0666__m_3809414_nw_15_060_20220629,POINT (-94.324377 38.856709),train
NA5120_E1668N0718__m_4109447_sw_15_060_20210908,POINT (-94.201546 41.251884),train
NA5120_E1668N0804__m_4509349_nw_15_060_20210619,POINT (-93.968222 45.210337),train
NA5120_E1668N0814__m_4509317_sw_15_060_20210619,POINT (-93.938283 45.670388),train
NA5120_E1669N0551__m_3309428_se_15_060_20201101,POINT (-94.502858 33.553724),train
NA5120_E1669N0622__m_3609414_nw_15_060_20220630,POINT (-94.362536 36.827237),val
NA5120_E1669N0629__m_3709454_sw_15_060_20220630,POINT (-94.347696 37.149861),train
NA5120_E1669N0696__m_4009455_nw_15_060_20220629,POINT (-94.195333 40.236727),train
NA5120_E1669N0699__m_4009439_sw_15_060_20200607,POINT (-94.188043 40.374897),train
NA5120_E1669N0699__m_4009439_sw_15_060_20220629,POINT (-94.188043 40.374897),train
NA5120_E1669N0702__m_4009431_se_15_060_20200607,POINT (-94.180711 40.513063),train
NA5120_E1669N0731__m_4109416_nw_15_060_20210908,POINT (-94.107561 41.848449),train
NA5120_E1669N0801__m_4509357_ne_15_060_20210618,POINT (-93.912291 45.070131),train
NA5120_E1669N0814__m_4509317_se_15_060_20210619,POINT (-93.872784 45.668177),train
NA5120_E1670N0528__m_3209436_ne_15_060_20200930,POINT (-94.49124 32.491116),train
NA5120_E1670N0637__m_3709430_se_15_060_20220630,POINT (-94.27324 37.516654),train
NA5120_E1670N0663__m_3809423_nw_15_060_20220629,POINT (-94.214498 38.714644),train
NA5120_E1670N0672__m_3909455_sw_15_060_20220629,POINT (-94.193484 39.129261),train
NA5120_E1670N0787__m_4409333_se_15_060_20210619,POINT (-93.889598 44.423799),train
NA5120_E1670N0794__m_4409310_sw_15_060_20210618,POINT (-93.868708 44.745867),test
NA5120_E1670N0795__m_4409309_se_15_060_20210619,POINT (-93.865699 44.791875),train
NA5120_E1670N0795__m_4409310_sw_15_060_20210618,POINT (-93.865699 44.791875),train
NA5120_E1670N0797__m_4409302_sw_15_060_20210618,POINT (-93.859661 44.883889),val
NA5120_E1670N0799__m_4409302_nw_15_060_20210618,POINT (-93.853597 44.975901),train
NA5120_E1670N0801__m_4509358_nw_15_060_20210618,POINT (-93.847508 45.06791),train
NA5120_E1670N0805__m_4509342_sw_15_060_20210618,POINT (-93.835252 45.251924),train
NA5120_E1671N0524__m_3209445_nw_15_060_20200930,POINT (-94.445194 32.30485),train
NA5120_E1671N0614__m_3609438_ne_15_060_20200606,POINT (-94.266508 36.454753),train
NA5120_E1671N0615__m_3609430_se_15_060_20200606,POINT (-94.264355 36.500844),train
NA5120_E1671N0640__m_3709423_sw_15_060_20220630,POINT (-94.209235 37.652965),train
NA5120_E1671N0669__m_3809407_ne_15_060_20220629,POINT (-94.141988 38.989074),test
NA5120_E1671N0726__m_4109432_ne_15_060_20210908,POINT (-93.998401 41.614084),train
NA5120_E1671N0795__m_4409310_se_15_060_20210618,POINT (-93.801242 44.789628),train
NA5120_E1671N0806__m_4509342_se_15_060_20210618,POINT (-93.767123 45.295654),train
NA5120_E1671N0807__m_4509342_ne_15_060_20210618,POINT (-93.763981 45.341654),train
NA5120_E1672N0546__m_3309446_nw_15_060_20220705,POINT (-94.350131 33.317771),train
NA5120_E1672N0580__m_3409406_se_15_060_20211123,POINT (-94.282266 34.885548),test
NA5120_E1672N0736__m_4209357_ne_15_060_20210908,POINT (-93.910014 42.072299),train
NA5120_E1672N0791__m_4409326_ne_15_060_20210618,POINT (-93.749214 44.603327),train
NA5120_E1672N0802__m_4509359_nw_15_060_20210618,POINT (-93.714795 45.10935),test
NA5120_E1672N0804__m_4509351_nw_15_060_20210618,POINT (-93.708451 45.201347),val
NA5120_E1673N0627__m_3709463_se_15_060_20220630,POINT (-94.124488 37.049974),train
NA5120_E1673N0726__m_4109325_ne_15_060_20210908,POINT (-93.876345 41.609781),train
NA5120_E1673N0786__m_4409335_sw_15_060_20210618,POINT (-93.700626 44.370993),train
NA5120_E1673N0800__m_4509359_se_15_060_20210618,POINT (-93.656399 45.015013),train
NA5120_E1673N0801__m_4509359_ne_15_060_20210618,POINT (-93.65319 45.06101),test
NA5120_E1673N0804__m_4509351_ne_15_060_20210618,POINT (-93.643522 45.199),train
NA5120_E1673N0812__m_4509327_ne_15_060_20210618,POINT (-93.617435 45.566949),test
NA5120_E1673N0817__m_4509312_sw_15_060_20210618,POINT (-93.600903 45.7969),train
NA5120_E1673N0819__m_4509304_sw_15_060_20210618,POINT (-93.59424 45.888877),val
NA5120_E1674N0675__m_3909341_sw_15_060_20220629,POINT (-93.951259 39.259262),val
NA5120_E1674N0726__m_4109326_nw_15_060_20210908,POINT (-93.815324 41.607575),train
NA5120_E1674N0799__m_4409304_nw_15_060_20210618,POINT (-93.594948 44.96664),train
NA5120_E1674N0800__m_4509360_sw_15_060_20210618,POINT (-93.591692 45.012636),train
NA5120_E1674N0812__m_4509328_ne_15_060_20210618,POINT (-93.552074 45.564542),val
NA5120_E1674N0837__m_4609321_nw_15_060_20191007,POINT (-93.466187 46.714099),train
NA5120_E1675N0535__m_3209415_nw_15_060_20201112,POINT (-94.21038 32.80487),train
NA5120_E1675N0552__m_3309431_ne_15_060_20220705,POINT (-94.17592 33.588818),train
NA5120_E1675N0594__m_3509432_sw_15_060_20190905,POINT (-94.0862 35.525099),train
NA5120_E1675N0788__m_4409336_nw_15_060_20190727,POINT (-93.56625 44.458268),train
NA5120_E1675N0788__m_4409336_nw_15_060_20210618,POINT (-93.56625 44.458268),train
NA5120_E1675N0796__m_4409312_ne_15_060_20210618,POINT (-93.540186 44.826244),train
NA5120_E1675N0802__m_4509360_ne_15_060_20210618,POINT (-93.520349 45.102204),train
NA5120_E1675N0803__m_4509352_se_15_060_20190727,POINT (-93.517018 45.148196),train
NA5120_E1675N0803__m_4509352_se_15_060_20210618,POINT (-93.517018 45.148196),train
NA5120_E1675N0832__m_4609337_ne_15_060_20191007,POINT (-93.417259 46.481715),train
NA5120_E1676N0542__m_3309455_se_15_060_20220705,POINT (-94.142475 33.125756),train
NA5120_E1676N0549__m_3309439_ne_15_060_20220705,POINT (-94.128005 33.44854),train
NA5120_E1676N0725__m_4109327_nw_15_060_20190730,POINT (-93.696185 41.557023),train
NA5120_E1676N0726__m_4109327_nw_15_060_20190730,POINT (-93.693294 41.603052),train
NA5120_E1676N0730__m_4109311_sw_15_060_20190730,POINT (-93.681675 41.787162),train
NA5120_E1676N0735__m_4209359_se_15_060_20210818,POINT (-93.66702 42.017289),train
NA5120_E1676N0795__m_4409313_sw_15_060_20210618,POINT (-93.479039 44.777806),train
NA5120_E1676N0797__m_4409305_sw_15_060_20210618,POINT (-93.472361 44.86979),train
NA5120_E1676N0798__m_4409305_sw_15_060_20210618,POINT (-93.469012 44.915782),test
NA5120_E1676N0800__m_4509361_sw_15_060_20190727,POINT (-93.462293 45.007763),train
NA5120_E1676N0806__m_4509345_sw_15_060_20210618,POINT (-93.441962 45.283695),train
NA5120_E1676N0820__m_4509305_se_15_060_20210618,POINT (-93.393501 45.927461),train
NA5120_E1676N0854__m_4709338_ne_15_060_20191007,POINT (-93.269503 47.490443),train
NA5120_E1677N0725__m_4109327_ne_15_060_20190730,POINT (-93.635223 41.554709),train
NA5120_E1677N0725__m_4109327_se_15_060_20190822,POINT (-93.635223 41.554709),train
NA5120_E1677N0726__m_4109327_ne_15_060_20190730,POINT (-93.632287 41.600735),test
NA5120_E1677N0729__m_4109319_ne_15_060_20190730,POINT (-93.623442 41.738812),test
NA5120_E1677N0790__m_4409329_se_15_060_20210618,POINT (-93.43145 44.545364),train
NA5120_E1677N0793__m_4409321_ne_15_060_20210618,POINT (-93.42137 44.683341),train
NA5120_E1677N0801__m_4509361_se_15_060_20210618,POINT (-93.394178 45.051255),train
NA5120_E1677N0816__m_4509322_nw_15_060_20210618,POINT (-93.341932 45.741001),train
NA5120_E1677N0819__m_4509306_sw_15_060_20210618,POINT (-93.33128 45.878935),train
NA5120_E1677N0851__m_4709347_nw_15_060_20191007,POINT (-93.213239 47.349923),train
NA5120_E1678N0549__m_3309440_ne_15_060_20190902,POINT (-94.019872 33.44456),train
NA5120_E1678N0671__m_3909359_nw_15_060_20200710,POINT (-93.726954 39.066302),train
NA5120_E1678N0795__m_4409314_sw_15_060_20210618,POINT (-93.350197 44.772801),train
NA5120_E1678N0799__m_4409306_nw_15_060_20210618,POINT (-93.336388 44.956747),train
NA5120_E1678N0802__m_4509362_nw_15_060_20210618,POINT (-93.325954 45.094701),train
NA5120_E1678N0803__m_4509354_sw_15_060_20210618,POINT (-93.322461 45.140685),test
NA5120_E1678N0805__m_4509354_nw_15_060_20210618,POINT (-93.315454 45.232651),train
NA5120_E1678N0806__m_4509346_sw_15_060_20210618,POINT (-93.311939 45.278633),train
NA5120_E1678N0807__m_4509346_nw_15_060_20210618,POINT (-93.308416 45.324614),train
NA5120_E1678N0819__m_4509306_se_15_060_20210618,POINT (-93.265555 45.876348),train
NA5120_E1679N0656__m_3809335_sw_15_060_20220630,POINT (-93.708647 38.37324),train
NA5120_E1679N0795__m_4409314_se_15_060_20210618,POINT (-93.285785 44.770239),train
NA5120_E1679N0800__m_4509362_se_15_060_20210618,POINT (-93.268238 45.000158),val
NA5120_E1679N0804__m_4509354_ne_15_060_20210618,POINT (-93.254067 45.184082),train
NA5120_E1679N0805__m_4509354_ne_15_060_20210618,POINT (-93.250505 45.230062),train
NA5120_E1679N0811__m_4509331_sw_15_060_20210618,POINT (-93.228976 45.50593),val
NA5120_E1679N0813__m_4509331_nw_15_060_20210618,POINT (-93.221738 45.597881),val
NA5120_E1679N0852__m_4709340_sw_15_060_20191007,POINT (-93.074153 47.39048),train
NA5120_E1680N0785__m_4409346_ne_15_060_20210618,POINT (-93.256448 44.307787),train
NA5120_E1680N0785__m_4409346_se_15_060_20210814,POINT (-93.256448 44.307787),train
NA5120_E1680N0795__m_4409315_sw_15_060_20210618,POINT (-93.221378 44.767638),train
NA5120_E1680N0796__m_4409315_nw_15_060_20210618,POINT (-93.217831 44.81362),train
NA5120_E1680N0797__m_4409315_nw_15_060_20210618,POINT (-93.214276 44.859602),train
NA5120_E1680N0800__m_4509363_sw_15_060_20210618,POINT (-93.203565 44.997543),train
NA5120_E1680N0802__m_4509363_nw_15_060_20210618,POINT (-93.196387 45.089501),test
NA5120_E1680N0806__m_4509347_se_15_060_20210618,POINT (-93.18194 45.273411),train
NA5120_E1680N0808__m_4509347_ne_15_060_20210618,POINT (-93.17467 45.365362),train
NA5120_E1680N0815__m_4509323_ne_15_060_20210618,POINT (-93.148979 45.687174),val
NA5120_E1680N0816__m_4509323_ne_15_060_20210618,POINT (-93.145278 45.733145),train
NA5120_E1680N0846__m_4709364_ne_15_060_20191007,POINT (-93.030423 47.112006),train
NA5120_E1681N0573__m_3409326_se_15_060_20211119,POINT (-93.802633 34.544676),train
NA5120_E1681N0624__m_3609303_se_15_060_20220630,POINT (-93.677448 36.894738),train
NA5120_E1681N0780__m_4409363_nw_15_060_20210814,POINT (-93.210092 44.075241),train
NA5120_E1681N0793__m_4409323_se_15_060_20210618,POINT (-93.164157 44.673037),train
NA5120_E1681N0799__m_4409307_ne_15_060_20210618,POINT (-93.14253 44.948912),train
NA5120_E1681N0800__m_4409307_ne_15_060_20210618,POINT (-93.138899 44.994889),val
NA5120_E1681N0803__m_4509355_se_15_060_20210618,POINT (-93.127959 45.132817),train
NA5120_E1682N0472__m_2909301_sw_15_060_20220914,POINT (-93.967915 29.885233),train
NA5120_E1682N0626__m_3609303_ne_15_060_20220630,POINT (-93.615506 36.984594),test
NA5120_E1682N0633__m_3709344_nw_15_060_20220630,POINT (-93.59706 37.307036),val
NA5120_E1682N0760__m_4309355_sw_15_060_20210814,POINT (-93.215785 43.152786),train
NA5120_E1682N0791__m_4409332_nw_15_060_20210618,POINT (-93.107122 44.578406),train
NA5120_E1682N0792__m_4409324_sw_15_060_20210618,POINT (-93.103499 44.624385),train
NA5120_E1682N0795__m_4409316_sw_15_060_20210618,POINT (-93.092584 44.762318),train
NA5120_E1682N0802__m_4509364_nw_15_060_20210618,POINT (-93.066845 45.084142),train
NA5120_E1682N0807__m_4509348_ne_15_060_20191007,POINT (-93.048226 45.314),train
NA5120_E1682N0807__m_4509348_ne_15_060_20210618,POINT (-93.048226 45.314),train
NA5120_E1682N0810__m_4509340_ne_15_060_20210618,POINT (-93.036959 45.451907),train
NA5120_E1682N0825__m_4609249_sw_15_060_20210814,POINT (-92.979526 46.141367),train
NA5120_E1683N0559__m_3309303_sw_15_060_20190905,POINT (-93.726263 33.895023),train
NA5120_E1683N0613__m_3609336_sw_15_060_20210824,POINT (-93.592838 36.383427),train
NA5120_E1683N0628__m_3709360_ne_15_060_20220630,POINT (-93.553395 37.074407),train
NA5120_E1683N0629__m_3709352_se_15_060_20220630,POINT (-93.550727 37.120469),train
NA5120_E1683N0665__m_3809313_sw_15_060_20200710,POINT (-93.451273 38.778357),test
NA5120_E1683N0795__m_4409316_se_15_060_20210618,POINT (-93.028196 44.759599),val
NA5120_E1683N0799__m_4409308_ne_15_060_20210618,POINT (-93.013322 44.943491),test
NA5120_E1683N0813__m_4509225_nw_15_060_20210618,POINT (-92.96026 45.587039),train
NA5120_E1683N0817__m_4509209_sw_15_060_20190731,POINT (-92.944806 45.770889),train
NA5120_E1683N0818__m_4509209_nw_15_060_20210618,POINT (-92.940922 45.81685),train
NA5120_E1684N0529__m_3209327_sw_15_030_20211021,POINT (-93.74164 32.509848),test
NA5120_E1684N0573__m_3409327_se_15_060_20211119,POINT (-93.638042 34.538055),train
NA5120_E1684N0627__m_3709360_se_15_060_20200816,POINT (-93.499236 37.025998),train
NA5120_E1684N0627__m_3709360_se_15_060_20220630,POINT (-93.499236 37.025998),train
NA5120_E1684N0629__m_3709352_se_15_060_20220630,POINT (-93.493828 37.118117),train
NA5120_E1684N0796__m_4409209_sw_15_060_20210618,POINT (-92.960055 44.802812),train
NA5120_E1684N0798__m_4409201_sw_15_060_20210618,POINT (-92.952512 44.894752),train
NA5120_E1684N0800__m_4409201_nw_15_060_20190731,POINT (-92.944937 44.98669),train
NA5120_E1684N0804__m_4509249_se_15_060_20210618,POINT (-92.92969 45.170558),train
NA5120_E1684N0810__m_4509233_ne_15_060_20210618,POINT (-92.906575 45.446344),train
NA5120_E1685N0469__m_2909318_nw_15_030_20220113,POINT (-93.819183 29.740668),train
NA5120_E1685N0583__m_3409304_ne_15_060_20211123,POINT (-93.558144 34.996598),train
NA5120_E1685N0640__m_3709321_se_15_060_20220630,POINT (-93.4064 37.62233),train
NA5120_E1685N0797__m_4409209_ne_15_060_20210618,POINT (-92.891806 44.845978),train
NA5120_E1685N0811__m_4509234_nw_15_060_20210618,POINT (-92.837458 45.489461),val
NA5120_E1685N0816__m_4509218_nw_15_060_20200625,POINT (-92.817652 45.719248),train
NA5120_E1686N0525__m_3209343_ne_15_060_20190813,POINT (-93.644142 32.32103),train
NA5120_E1686N0612__m_3609345_ne_15_060_20211126,POINT (-93.426666 36.33031),train
NA5120_E1686N0629__m_3709361_ne_15_060_20220630,POINT (-93.380042 37.113313),train
NA5120_E1686N0630__m_3709353_se_15_060_20220630,POINT (-93.377254 37.159368),train
NA5120_E1686N0689__m_3909307_sw_15_060_20200624,POINT (-93.203133 39.875697),train
NA5120_E1686N0751__m_4209324_ne_15_060_20210814,POINT (-92.997454 42.72817),train
NA5120_E1686N0758__m_4309257_sw_15_060_20210813,POINT (-92.972592 43.05009),train
NA5120_E1686N0801__m_4509258_sw_15_060_20210618,POINT (-92.811754 45.026988),train
NA5120_E1686N0807__m_4509242_se_15_060_20200625,POINT (-92.788139 45.302748),train
NA5120_E1686N0807__m_4509242_se_15_060_20210618,POINT (-92.788139 45.302748),train
NA5120_E1686N0807__m_4509242_se_15_060_20220730,POINT (-92.788139 45.302748),train
NA5120_E1687N0527__m_3209336_sw_15_030_20211024,POINT (-93.586187 32.41099),train
NA5120_E1687N0593__m_3509337_ne_15_060_20190906,POINT (-93.421536 35.452647),train
NA5120_E1687N0628__m_3709362_nw_15_060_20220630,POINT (-93.325976 37.064808),test
NA5120_E1687N0631__m_3709354_nw_15_060_20220630,POINT (-93.317496 37.202966),train
NA5120_E1687N0692__m_4009363_se_15_060_20200710,POINT (-93.134302 40.011169),test
NA5120_E1687N0702__m_4009340_nw_15_060_20200625,POINT (-93.102181 40.471345),train
NA5120_E1687N0807__m_4509243_sw_15_060_20220730,POINT (-92.723135 45.299835),train
NA5120_E1687N0817__m_4509211_se_15_060_20200625,POINT (-92.682552 45.759357),train
NA5120_E1687N0817__m_4509211_se_15_060_20220730,POINT (-92.682552 45.759357),train
NA5120_E1688N0732__m_4109209_nw_15_060_20210814,POINT (-92.940727 41.848811),train
NA5120_E1688N0736__m_4209257_se_15_060_20210814,POINT (-92.926721 42.03279),train
NA5120_E1688N0748__m_4209225_ne_15_060_20210814,POINT (-92.884023 42.584672),val
NA5120_E1688N0803__m_4509259_ne_15_060_20200625,POINT (-92.674346 45.11307),train
NA5120_E1688N0803__m_4509259_ne_15_060_20220730,POINT (-92.674346 45.11307),train
NA5120_E1688N0819__m_4509212_nw_15_060_20220730,POINT (-92.608674 45.848264),train
NA5120_E1689N0539__m_3209305_nw_15_030_20211030,POINT (-93.45025 32.959537),test
NA5120_E1689N0723__m_4109233_ne_15_060_20210814,POINT (-92.911025 41.432076),train
NA5120_E1689N0740__m_4209250_nw_15_060_20210814,POINT (-92.851003 42.213964),train
NA5120_E1689N0795__m_4409211_se_15_060_20200625,POINT (-92.642006 44.742459),train
NA5120_E1689N0795__m_4409211_se_15_060_20220730,POINT (-92.642006 44.742459),train
NA5120_E1689N0798__m_4409203_se_15_060_20200625,POINT (-92.629907 44.880325),train
NA5120_E1689N0810__m_4509236_nw_15_060_20200625,POINT (-92.580736 45.431735),train
NA5120_E1690N0632__m_3709347_se_15_060_20220630,POINT (-93.143678 37.241439),val
NA5120_E1690N0684__m_3909217_sw_15_060_20200710,POINT (-92.982276 39.635042),train
NA5120_E1690N0686__m_3909217_nw_15_060_20200710,POINT (-92.975745 39.727075),val
NA5120_E1690N0708__m_4009217_ne_15_060_20210814,POINT (-92.902205 40.739294),train
NA5120_E1690N0780__m_4409259_se_15_060_20210813,POINT (-92.637813 44.050098),train
NA5120_E1690N0783__m_4409251_ne_15_060_20210813,POINT (-92.625933 44.187982),train
NA5120_E1690N0788__m_4409236_sw_15_060_20210618,POINT (-92.605968 44.417777),train
NA5120_E1690N0801__m_4509260_se_15_060_20200625,POINT (-92.55307 45.015173),train
NA5120_E1690N0801__m_4509260_se_15_060_20220730,POINT (-92.55307 45.015173),train
NA5120_E1691N0773__m_4309220_nw_15_060_20210813,POINT (-92.602048 43.725381),train
NA5120_E1691N0783__m_4409252_nw_15_060_20210813,POINT (-92.562225 44.184986),train
NA5120_E1691N0792__m_4409228_ne_15_060_20220730,POINT (-92.525669 44.598578),train
NA5120_E1691N0800__m_4409204_ne_15_060_20220730,POINT (-92.492591 44.966173),train
NA5120_E1691N0802__m_4509261_nw_15_060_20220730,POINT (-92.484234 45.058066),val
NA5120_E1691N0805__m_4509253_nw_15_060_20220730,POINT (-92.471632 45.195901),train
NA5120_E1691N0858__m_4709223_sw_15_060_20210813,POINT (-92.235034 47.630026),train
NA5120_E1692N0532__m_3209322_se_15_030_20211030,POINT (-93.30701 32.629748),train
NA5120_E1692N0609__m_3609356_sw_15_060_20190916,POINT (-93.09799 36.177169),val
NA5120_E1692N0800__m_4409205_ne_15_060_20220730,POINT (-92.427998 44.963085),train
NA5120_E1693N0779__m_4309205_nw_15_060_20210813,POINT (-92.451266 43.995067),train
NA5120_E1693N0779__m_4409261_sw_15_060_20210814,POINT (-92.451266 43.995067),train
NA5120_E1693N0800__m_4409205_ne_15_060_20200625,POINT (-92.363413 44.959956),train
NA5120_E1693N0800__m_4409205_ne_15_060_20220730,POINT (-92.363413 44.959956),train
NA5120_E1694N0591__m_3509348_ne_15_060_20190916,POINT (-93.038545 35.342996),test
NA5120_E1694N0748__m_4209228_ne_15_060_20210813,POINT (-92.512232 42.567204),test
NA5120_E1695N0671__m_3909259_sw_15_060_20200624,POINT (-92.731481 39.02299),test
NA5120_E1695N0789__m_4409238_ne_15_060_20200625,POINT (-92.281922 44.448269),test
NA5120_E1695N0789__m_4409238_ne_15_060_20220730,POINT (-92.281922 44.448269),test
NA5120_E1695N0860__m_4709117_nw_15_060_20210813,POINT (-91.953582 47.708416),train
NA5120_E1696N0484__m_3009339_sw_15_060_20190901,POINT (-93.21583 30.407397),train
NA5120_E1696N0590__m_3509241_se_15_060_20190916,POINT (-92.930599 35.29165),train
NA5120_E1696N0649__m_3809258_se_15_060_20220621,POINT (-92.746818 38.007805),train
NA5120_E1696N0861__m_4709109_se_15_060_20210725,POINT (-91.880553 47.750843),test
NA5120_E1697N0513__m_3109324_nw_15_030_20211030,POINT (-93.090095 31.74166),test
NA5120_E1698N0476__m_3009363_se_15_030_20220117,POINT (-93.131844 30.033632),test
NA5120_E1698N0480__m_3009355_ne_15_060_20190905,POINT (-93.121903 30.218038),train
NA5120_E1700N0476__m_3009364_se_15_030_20220117,POINT (-93.028391 30.028585),train
NA5120_E1700N0587__m_3509251_sw_15_060_20190906,POINT (-92.718246 35.142552),train
NA5120_E1700N0774__m_4309216_se_15_060_20190924,POINT (-92.029167 43.742892),train
NA5120_E1701N0612__m_3609244_sw_15_060_20190906,POINT (-92.583403 36.290608),val
NA5120_E1702N0602__m_3509212_nw_15_060_20190906,POINT (-92.559843 35.827414),train
NA5120_E1702N0669__m_3809206_sw_15_060_20220620,POINT (-92.329328 38.910245),train
NA5120_E1702N0696__m_4009255_sw_15_060_20220620,POINT (-92.227903 40.151845),train
NA5120_E1702N0725__m_4109240_nw_15_060_20210816,POINT (-92.112891 41.484922),train
NA5120_E1702N0766__m_4309133_sw_15_060_20190924,POINT (-91.938556 43.368708),test
NA5120_E1703N0703__m_4009239_ne_15_060_20200625,POINT (-92.140902 40.47047),train
NA5120_E1704N0470__m_2909218_nw_15_030_20220129,POINT (-92.837353 29.741589),train
NA5120_E1704N0674__m_3909255_sw_15_060_20220620,POINT (-92.193744 39.133941),train
NA5120_E1704N0678__m_3909247_ne_15_060_20220620,POINT (-92.178573 39.317874),train
NA5120_E1705N0531__m_3209227_se_15_060_20190901,POINT (-92.615225 32.549551),train
NA5120_E1705N0662__m_3809231_ne_15_060_20220619,POINT (-92.18047 38.578936),train
NA5120_E1705N0662__m_3809231_nw_15_060_20220620,POINT (-92.18047 38.578936),train
NA5120_E1705N0676__m_3909255_ne_15_060_20220620,POINT (-92.127501 39.22272),train
NA5120_E1705N0703__m_4009240_ne_15_060_20220620,POINT (-92.021253 40.463964),train
NA5120_E1705N0716__m_4109157_nw_15_060_20210816,POINT (-91.968078 41.061437),train
NA5120_E1706N0504__m_3109243_se_15_030_20211031,POINT (-92.640395 31.302947),train
NA5120_E1706N0738__m_4209158_nw_15_060_20210905,POINT (-91.813533 42.068878),train
NA5120_E1706N0781__m_4409159_se_15_060_20190924,POINT (-91.617027 44.043571),train
NA5120_E1706N0781__m_4409159_se_15_060_20210815,POINT (-91.617027 44.043571),train
NA5120_E1707N0481__m_3009251_ne_15_030_20220208,POINT (-92.652652 30.240404),train
NA5120_E1707N0644__m_3709223_ne_15_060_20200618,POINT (-92.131799 37.744747),test
NA5120_E1707N0682__m_3909125_sw_15_060_20220620,POINT (-91.986538 39.492071),train
NA5120_E1707N0775__m_4309112_sw_15_060_20190924,POINT (-91.58231 43.764522),train
NA5120_E1708N0474__m_2909203_se_15_030_20220129,POINT (-92.620234 29.915055),train
NA5120_E1708N0682__m_3909133_nw_15_060_20200708,POINT (-91.927634 39.488759),train
NA5120_E1709N0617__m_3609239_ne_15_060_20190905,POINT (-92.116247 36.496424),test
NA5120_E1709N0695__m_4009158_nw_15_060_20220620,POINT (-91.815476 40.082894),test
NA5120_E1709N0730__m_4109119_ne_15_060_20190731,POINT (-91.665212 41.690954),train
NA5120_E1709N0772__m_4309121_sw_15_060_20190926,POINT (-91.47052 43.619525),train
NA5120_E1709N0772__m_4309121_sw_15_060_20210822,POINT (-91.47052 43.619525),train
NA5120_E1710N0580__m_3409215_sw_15_060_20211115,POINT (-92.189453 34.790799),train
NA5120_E1710N0617__m_3609232_sw_15_060_20200618,POINT (-92.059919 36.493236),train
NA5120_E1710N0718__m_4109151_se_15_060_20210905,POINT (-91.657445 41.136211),test
NA5120_E1710N0734__m_4109104_sw_15_060_20190708,POINT (-91.586189 41.871125),train
NA5120_E1711N0701__m_4009143_ne_15_060_20200624,POINT (-91.671043 40.351696),train
NA5120_E1711N0777__m_4309114_nw_15_060_20210822,POINT (-91.319702 43.841576),train
NA5120_E1712N0715__m_4009104_ne_15_060_20190708,POINT (-91.549941 40.991307),train
NA5120_E1712N0733__m_4109113_nw_15_060_20190708,POINT (-91.468459 41.817986),train
NA5120_E1712N0777__m_4309114_ne_15_060_20220830,POINT (-91.256458 43.83779),val
NA5120_E1712N0778__m_4309106_se_15_060_20220830,POINT (-91.251415 43.883678),train
NA5120_E1713N0584__m_3409208_ne_15_060_20211115,POINT (-92.010477 34.965397),train
NA5120_E1713N0795__m_4409124_sw_15_060_20220831,POINT (-91.099912 44.659766),train
NA5120_E1714N0491__m_3009222_ne_15_030_20211222,POINT (-92.259889 30.680912),train
NA5120_E1714N0575__m_3409125_sw_15_060_20211115,POINT (-91.98705 34.548065),train
NA5120_E1714N0718__m_4109153_se_15_060_20210905,POINT (-91.415704 41.121849),val
NA5120_E1715N0679__m_3909144_ne_15_060_20220616,POINT (-91.528333 39.326752),train
NA5120_E1715N0740__m_4209154_se_15_060_20190708,POINT (-91.251683 42.128241),train
NA5120_E1715N0745__m_4209147_nw_15_060_20210916,POINT (-91.227497 42.357754),train
NA5120_E1716N0754__m_4209116_sw_15_060_20220805,POINT (-91.121266 42.766981),train
NA5120_E1718N0666__m_3809121_ne_15_060_20220616,POINT (-91.408626 38.718662),train
NA5120_E1718N0732__m_4109116_sw_15_060_20190708,POINT (-91.106769 41.749567),val
NA5120_E1718N0741__m_4209156_sw_15_060_20190708,POINT (-91.062501 42.16263),val
NA5120_E1718N0747__m_4209140_ne_15_060_20190708,POINT (-91.032543 42.437971),train
NA5120_E1719N0712__m_4009115_ne_15_060_20190708,POINT (-91.142241 40.827633),train
NA5120_E1719N0723__m_4109148_nw_15_060_20190802,POINT (-91.08964 41.332601),train
NA5120_E1719N0725__m_4109140_sw_15_060_20190708,POINT (-91.079953 41.424403),train
NA5120_E1719N0729__m_4109132_nw_15_060_20190708,POINT (-91.060465 41.608),train
NA5120_E1719N0757__m_4209001_se_15_060_20220830,POINT (-90.919604 42.892838),train
NA5120_E1719N0780__m_4309002_ne_15_060_20200905,POINT (-90.797774 43.947787),train
NA5120_E1720N0680__m_3909147_nw_15_060_20220616,POINT (-91.230271 39.354419),train
NA5120_E1720N0729__m_4109132_ne_15_060_20190708,POINT (-90.999588 41.604096),train
NA5120_E1720N0776__m_4309010_se_15_060_20200905,POINT (-90.756253 43.760259),train
NA5120_E1721N0512__m_3109118_sw_15_030_20211017,POINT (-91.826195 31.625946),val
NA5120_E1721N0514__m_3109118_nw_15_030_20211017,POINT (-91.819495 31.718007),train
NA5120_E1721N0515__m_3109110_sw_15_030_20211017,POINT (-91.816137 31.764036),train
NA5120_E1721N0581__m_3409112_sw_15_060_20211031,POINT (-91.581019 34.800714),train
NA5120_E1721N0730__m_4109017_se_15_060_20190708,POINT (-90.933731 41.646046),test
NA5120_E1721N0744__m_4209041_se_15_060_20190801,POINT (-90.862852 42.288421),test
NA5120_E1721N0748__m_4209034_nw_15_060_20190801,POINT (-90.842234 42.471929),train
NA5120_E1721N0758__m_4209002_ne_15_060_20200902,POINT (-90.789957 42.930644),train
NA5120_E1722N0574__m_3409136_ne_15_060_20211031,POINT (-91.552539 34.47531),train
NA5120_E1722N0668__m_3809115_se_15_060_20220618,POINT (-91.167041 38.795744),train
NA5120_E1722N0756__m_4209010_ne_15_060_20200902,POINT (-90.738372 42.834825),train
NA5120_E1722N0771__m_4309027_se_15_060_20220627,POINT (-90.657534 43.522711),val
NA5120_E1722N0799__m_4409012_ne_15_060_20200829,POINT (-90.499797 44.806269),train
NA5120_E1722N0799__m_4409012_se_15_060_20200905,POINT (-90.499797 44.806269),train
NA5120_E1723N0511__m_3109127_nw_15_060_20190725,POINT (-91.724162 31.573331),train
NA5120_E1723N0746__m_4209035_sw_15_060_20190801,POINT (-90.729274 42.372054),train
NA5120_E1723N0749__m_4209027_sw_15_060_20190801,POINT (-90.713481 42.509657),train
NA5120_E1723N0759__m_4209003_ne_15_060_20220627,POINT (-90.66014 42.968283),test
NA5120_E1724N0669__m_3809116_ne_15_060_20200607,POINT (-91.046033 38.834056),train
NA5120_E1724N0669__m_3809116_ne_15_060_20220618,POINT (-91.046033 38.834056),train
NA5120_E1724N0672__m_3809108_ne_15_060_20200607,POINT (-91.032319 38.971821),train
NA5120_E1724N0672__m_3809108_ne_15_060_20220618,POINT (-91.032319 38.971821),train
NA5120_E1724N0781__m_4309005_nw_15_060_20200905,POINT (-90.47556 43.97271),train
NA5120_E1724N0781__m_4309005_nw_15_060_20220722,POINT (-90.47556 43.97271),train
NA5120_E1725N0544__m_3309160_ne_15_060_20211007,POINT (-91.501268 33.084991),train
NA5120_E1725N0576__m_3409129_ne_15_060_20211031,POINT (-91.380632 34.556723),train
NA5120_E1725N0663__m_3809132_ne_15_060_20220618,POINT (-91.015212 38.554665),train
NA5120_E1725N0672__m_3809001_nw_15_060_20200607,POINT (-90.973939 38.96795),train
NA5120_E1725N0721__m_4109051_nw_15_060_20190801,POINT (-90.736316 41.217011),train
NA5120_E1726N0558__m_3309121_ne_15_060_20211007,POINT (-91.395154 33.725418),train
NA5120_E1726N0659__m_3809033_sw_15_060_20220618,POINT (-90.975483 38.367104),val
NA5120_E1726N0727__m_4109035_ne_15_060_20190801,POINT (-90.644893 41.488166),train
NA5120_E1726N0741__m_4209052_sw_15_060_20190801,POINT (-90.571219 42.130296),train
NA5120_E1726N0748__m_4209036_ne_15_060_20190802,POINT (-90.533603 42.451302),train
NA5120_E1726N0754__m_4209020_ne_15_060_20220627,POINT (-90.500937 42.726418),train
NA5120_E1727N0669__m_3809009_ne_15_060_20200607,POINT (-90.87128 38.822369),train
NA5120_E1727N0669__m_3809009_ne_15_060_20220618,POINT (-90.87128 38.822369),train
NA5120_E1727N0669__m_3809010_nw_15_060_20200713,POINT (-90.87128 38.822369),train
NA5120_E1727N0729__m_4109028_nw_15_060_20190801,POINT (-90.573673 41.57575),val
NA5120_E1727N0732__m_4109020_ne_15_060_20190801,POINT (-90.557859 41.713345),test
NA5120_E1727N0734__m_4109012_ne_15_060_20190801,POINT (-90.547263 41.805071),train
NA5120_E1727N0738__m_4109004_ne_15_060_20190801,POINT (-90.525946 41.988515),val
NA5120_E1727N0741__m_4209052_se_15_060_20190801,POINT (-90.509846 42.126088),train
NA5120_E1727N0744__m_4209044_se_15_060_20190802,POINT (-90.49365 42.263655),train
NA5120_E1727N0750__m_4209029_sw_15_060_20190802,POINT (-90.460963 42.538765),train
NA5120_E1727N0750__m_4209029_sw_15_060_20220627,POINT (-90.460963 42.538765),train
NA5120_E1727N0751__m_4209029_nw_15_060_20200905,POINT (-90.455477 42.584614),train
NA5120_E1727N0754__m_4209021_nw_15_060_20200905,POINT (-90.438952 42.722156),train
NA5120_E1727N0754__m_4209021_nw_15_060_20220627,POINT (-90.438952 42.722156),train
NA5120_E1727N0759__m_4209005_ne_15_060_20220627,POINT (-90.411186 42.951375),test
NA5120_E1727N0774__m_4309022_sw_15_060_20200905,POINT (-90.326177 43.638906),train
NA5120_E1727N0797__m_4409023_nw_15_060_20200829,POINT (-90.190625 44.692742),train
NA5120_E1728N0668__m_3809010_sw_15_060_20200713,POINT (-90.81776 38.772495),train
NA5120_E1728N0752__m_4209021_se_15_060_20220627,POINT (-90.388099 42.626171),train
NA5120_E1728N0796__m_4409023_se_15_060_20200829,POINT (-90.132588 44.642447),train
NA5120_E1728N0796__m_4409023_se_15_060_20220722,POINT (-90.132588 44.642447),train
NA5120_E1729N0668__m_3809010_se_15_060_20200713,POINT (-90.75957 38.768499),train
NA5120_E1729N0670__m_3809010_ne_15_060_20200713,POINT (-90.750049 38.860309),train
NA5120_E1729N0727__m_4109037_nw_15_060_20190802,POINT (-90.462729 41.475604),train
NA5120_E1729N0729__m_4109029_nw_15_060_20190802,POINT (-90.452057 41.567322),train
NA5120_E1730N0580__m_3409124_nw_15_060_20190829,POINT (-91.090533 34.722328),train
NA5120_E1730N0653__m_3809058_ne_15_060_20200713,POINT (-90.772269 38.075856),val
NA5120_E1730N0667__m_3809019_nw_15_060_20200713,POINT (-90.706176 38.718567),val
NA5120_E1730N0668__m_3809011_sw_15_060_20200713,POINT (-90.701388 38.764469),train
NA5120_E1730N0668__m_3809011_sw_15_060_20220618,POINT (-90.701388 38.764469),train
NA5120_E1730N0669__m_3809011_nw_15_060_20200713,POINT (-90.696591 38.810371),train
NA5120_E1730N0670__m_3809011_nw_15_060_20220618,POINT (-90.691785 38.856272),train
NA5120_E1730N0749__m_4209038_ne_15_060_20210916,POINT (-90.281249 42.479969),train
NA5120_E1730N0753__m_4209022_se_15_060_20220627,POINT (-90.258713 42.663311),train
NA5120_E1730N0782__m_4309008_nw_15_060_20220722,POINT (-90.089738 43.992129),train
NA5120_E1731N0669__m_3809011_ne_15_060_20200713,POINT (-90.638376 38.806303),train
NA5120_E1731N0725__m_4109038_sw_15_060_20190802,POINT (-90.352139 41.375342),test
NA5120_E1731N0727__m_4109038_nw_15_060_20190802,POINT (-90.341329 41.467047),train
NA5120_E1731N0757__m_4209015_ne_15_060_20220627,POINT (-90.173903 42.842215),train
NA5120_E1732N0496__m_3009114_ne_15_060_20190726,POINT (-91.304635 30.852132),train
NA5120_E1732N0666__m_3809020_sw_15_060_20200713,POINT (-90.594774 38.664515),train
NA5120_E1732N0669__m_3809012_sw_15_060_20220618,POINT (-90.580168 38.8022),train
NA5120_E1732N0803__m_4408902_nw_16_060_20200905,POINT (-89.832126 44.944594),train
NA5120_E1733N0561__m_3309116_ne_15_030_20211016,POINT (-91.003999 33.837712),train
NA5120_E1733N0661__m_3809036_nw_15_060_20220618,POINT (-90.561054 38.430919),train
NA5120_E1733N0669__m_3809012_se_15_060_20200713,POINT (-90.521967 38.798063),train
NA5120_E1733N0687__m_3909021_se_15_060_20190728,POINT (-90.431825 39.623955),train
NA5120_E1733N0715__m_4009006_se_15_060_20210924,POINT (-90.285263 40.908165),train
NA5120_E1734N0553__m_3309033_nw_15_060_20200614,POINT (-90.98215 33.466193),train
NA5120_E1734N0561__m_3309009_nw_15_030_20211016,POINT (-90.94977 33.833919),train
NA5120_E1734N0663__m_3809028_se_15_060_20200713,POINT (-90.493386 38.518561),train
NA5120_E1734N0663__m_3809028_se_15_060_20220618,POINT (-90.493386 38.518561),train
NA5120_E1734N0667__m_3809021_nw_15_060_20220618,POINT (-90.473682 38.702117),train
NA5120_E1734N0741__m_4209064_nw_15_060_20210916,POINT (-90.080486 42.095599),train
NA5120_E1734N0805__m_4508959_sw_16_060_20220826,POINT (-89.690391 45.026664),train
NA5120_E1735N0487__m_3009139_se_15_060_20190726,POINT (-91.180888 30.427316),train
NA5120_E1735N0489__m_3009131_se_15_060_20190726,POINT (-91.173643 30.519327),train
NA5120_E1735N0560__m_3309009_se_15_030_20211017,POINT (-90.899652 33.784135),train
NA5120_E1735N0665__m_3809029_ne_15_060_20220618,POINT (-90.425527 38.60615),val
NA5120_E1735N0666__m_3809021_se_15_060_20220618,POINT (-90.420557 38.652035),train
NA5120_E1735N0667__m_3809021_ne_15_060_20220618,POINT (-90.415577 38.697919),val
NA5120_E1735N0699__m_4009054_se_15_060_20190728,POINT (-90.251111 40.165793),train
NA5120_E1735N0699__m_4009054_se_15_060_20210924,POINT (-90.251111 40.165793),train
NA5120_E1735N0706__m_4009039_nw_15_060_20210924,POINT (-90.213767 40.48678),train
NA5120_E1735N0732__m_4109024_nw_15_060_20190802,POINT (-90.07051 41.678658),test
NA5120_E1736N0487__m_3009139_se_15_060_20190726,POINT (-91.128982 30.423688),train
NA5120_E1736N0489__m_3009131_se_15_060_20190726,POINT (-91.121678 30.515693),test
NA5120_E1736N0552__m_3309033_se_15_060_20200614,POINT (-90.878318 33.412602),train
NA5120_E1736N0572__m_3409042_ne_15_060_20200614,POINT (-90.795314 34.331721),train
NA5120_E1736N0604__m_3509011_se_15_060_20210811,POINT (-90.656211 35.801745),train
NA5120_E1736N0658__m_3809045_se_15_060_20220618,POINT (-90.402323 38.280735),train
NA5120_E1736N0663__m_3809029_se_15_060_20220618,POINT (-90.377503 38.51016),train
NA5120_E1736N0665__m_3809029_ne_15_060_20200713,POINT (-90.36751 38.601925),val
NA5120_E1736N0668__m_3809022_nw_15_060_20220618,POINT (-90.352449 38.739566),train
NA5120_E1736N0690__m_3909014_se_15_060_20190728,POINT (-90.239345 39.748713),train
NA5120_E1736N0803__m_4408904_sw_16_060_20220826,POINT (-89.574676 44.925502),train
NA5120_E1737N0486__m_3009140_sw_15_060_20190726,POINT (-91.080753 30.37403),train
NA5120_E1737N0547__m_3309050_nw_15_030_20211126,POINT (-90.844865 33.178939),train
NA5120_E1737N0559__m_3309018_ne_15_030_20211017,POINT (-90.795453 33.730444),train
NA5120_E1737N0564__m_3309002_ne_15_060_20200614,POINT (-90.774555 33.960209),train
NA5120_E1737N0565__m_3409058_se_15_030_20211017,POINT (-90.770353 34.00616),train
NA5120_E1737N0565__m_3409058_se_15_060_20200614,POINT (-90.770353 34.00616),train
NA5120_E1737N0647__m_3709013_se_15_060_20220618,POINT (-90.398814 37.771743),train
NA5120_E1737N0664__m_3809030_sw_15_060_20220618,POINT (-90.314541 38.551787),val
NA5120_E1737N0666__m_3809022_se_15_060_20220618,POINT (-90.304449 38.643542),test
NA5120_E1737N0668__m_3809022_ne_15_060_20220618,POINT (-90.294319 38.735294),test
NA5120_E1737N0670__m_3809014_ne_15_060_20220618,POINT (-90.28415 38.827043),test
NA5120_E1737N0681__m_3909047_nw_15_060_20210704,POINT (-90.227528 39.331604),train
NA5120_E1737N0731__m_4108917_sw_16_060_20190802,POINT (-89.954499 41.623799),train
NA5120_E1737N0794__m_4408928_sw_16_060_20220826,POINT (-89.569517 44.508798),train
NA5120_E1738N0549__m_3309042_se_15_060_20200614,POINT (-90.782889 33.266984),train
NA5120_E1738N0561__m_3309011_nw_15_060_20200614,POINT (-90.732909 33.818433),train
NA5120_E1738N0562__m_3309011_nw_15_030_20211017,POINT (-90.728696 33.864383),train
NA5120_E1738N0592__m_3509044_sw_15_060_20190815,POINT (-90.598774 35.242554),train
NA5120_E1738N0666__m_3809022_se_15_060_20220618,POINT (-90.246406 38.639245),train
NA5120_E1738N0666__m_3809023_sw_15_060_20190828,POINT (-90.246406 38.639245),train
NA5120_E1738N0668__m_3809023_nw_15_060_20190828,POINT (-90.236196 38.730989),train
NA5120_E1738N0691__m_3909015_se_15_060_20210704,POINT (-90.115944 39.785812),test
NA5120_E1738N0702__m_4009048_sw_15_060_20210924,POINT (-90.056535 40.290139),train
NA5120_E1738N0761__m_4208903_nw_16_060_20220831,POINT (-89.715087 42.993364),train
NA5120_E1739N0560__m_3309011_se_15_060_20200614,POINT (-90.682946 33.768536),train
NA5120_E1739N0625__m_3609013_se_15_060_20220618,POINT (-90.391085 36.753628),train
NA5120_E1739N0675__m_3909063_se_15_060_20210704,POINT (-90.141754 39.0477),train
NA5120_E1739N0764__m_4308951_se_16_060_20220626,POINT (-89.634277 43.125974),train
NA5120_E1740N0486__m_3009041_ne_15_060_20190726,POINT (-90.925165 30.362888),val
NA5120_E1740N0530__m_3209034_se_15_030_20211126,POINT (-90.753522 32.385932),train
NA5120_E1740N0553__m_3309035_ne_15_030_20211126,POINT (-90.658478 33.442933),train
NA5120_E1740N0569__m_3409052_sw_15_030_20211017,POINT (-90.590066 34.178026),train
NA5120_E1740N0666__m_3809023_se_15_060_20190923,POINT (-90.130344 38.630546),train
NA5120_E1740N0666__m_3809023_se_15_060_20220618,POINT (-90.130344 38.630546),train
NA5120_E1740N0671__m_3809016_nw_15_060_20190923,POINT (-90.104342 38.859861),train
NA5120_E1740N0753__m_4208919_se_16_060_20220626,POINT (-89.640129 42.61756),train
NA5120_E1740N0756__m_4208911_se_16_060_20220626,POINT (-89.621681 42.754922),train
NA5120_E1740N0761__m_4208904_nw_16_060_20220626,POINT (-89.590685 42.98384),train
NA5120_E1740N0764__m_4308952_sw_16_060_20220626,POINT (-89.571936 43.121179),train
NA5120_E1740N0777__m_4308921_nw_16_060_20200904,POINT (-89.489355 43.716215),test
NA5120_E1741N0540__m_3209011_ne_15_060_20200907,POINT (-90.659161 32.841598),val
NA5120_E1741N0557__m_3309020_sw_15_060_20200614,POINT (-90.587498 33.622723),train
NA5120_E1741N0569__m_3409052_se_15_030_20211022,POINT (-90.535609 34.173986),train
NA5120_E1741N0681__m_3908941_nw_16_060_20190713,POINT (-89.992965 39.313965),train
NA5120_E1741N0746__m_4208943_se_16_060_20190802,POINT (-89.621268 42.292269),val
NA5120_E1741N0766__m_4308952_ne_16_060_20220626,POINT (-89.496947 43.207892),train
NA5120_E1742N0675__m_3908957_sw_16_060_20210704,POINT (-89.966605 39.034388),train
NA5120_E1743N0652__m_3709008_ne_15_060_20190828,POINT (-90.029487 37.975223),train
NA5120_E1743N0652__m_3709008_ne_15_060_20220618,POINT (-90.029487 37.975223),train
NA5120_E1743N0664__m_3808925_sw_16_060_20210616,POINT (-89.966881 38.525535),train
NA5120_E1743N0670__m_3808909_se_16_060_20190713,POINT (-89.935045 38.800646),train
NA5120_E1743N0755__m_4208921_nw_16_060_20220626,POINT (-89.442175 42.694656),test
NA5120_E1743N0760__m_4208905_se_16_060_20220626,POINT (-89.410527 42.923507),train
NA5120_E1744N0612__m_3609055_se_15_060_20220618,POINT (-90.172458 36.135727),train
NA5120_E1744N0677__m_3908950_sw_16_060_20190713,POINT (-89.839004 39.117021),train
NA5120_E1744N0684__m_3908934_ne_16_060_20190713,POINT (-89.800612 39.437874),train
NA5120_E1744N0701__m_4008951_nw_16_060_20190713,POINT (-89.705209 40.216912),train
NA5120_E1744N0736__m_4108912_ne_16_060_20210916,POINT (-89.498596 41.819993),train
NA5120_E1744N0746__m_4208945_sw_16_060_20210918,POINT (-89.436898 42.277806),val
NA5120_E1744N0850__m_4708859_sw_16_060_20200811,POINT (-88.71418 47.032974),train
NA5120_E1745N0625__m_3609024_ne_15_060_20220618,POINT (-90.052522 36.727884),train
NA5120_E1745N0675__m_3908958_se_16_060_20190713,POINT (-89.791529 39.020765),train
NA5120_E1745N0691__m_3908911_sw_16_060_20190713,POINT (-89.702695 39.754041),val
NA5120_E1745N0692__m_3908911_sw_16_060_20190713,POINT (-89.697052 39.799864),train
NA5120_E1745N0692__m_3908911_sw_16_060_20210622,POINT (-89.697052 39.799864),train
NA5120_E1745N0694__m_3908903_sw_16_060_20210622,POINT (-89.685734 39.891506),train
NA5120_E1745N0750__m_4208938_nw_16_060_20210918,POINT (-89.350249 42.45599),train
NA5120_E1746N0647__m_3708917_ne_16_060_20220618,POINT (-89.883436 37.732511),train
NA5120_E1746N0684__m_3908935_se_16_060_20190713,POINT (-89.683182 39.428612),train
NA5120_E1746N0726__m_4108945_nw_16_060_20210916,POINT (-89.438042 41.352448),train
NA5120_E1746N0791__m_4408948_ne_16_060_20220623,POINT (-89.016075 44.326463),train
NA5120_E1746N0845__m_4608811_se_16_060_20220906,POINT (-88.619654 46.793756),val
NA5120_E1747N0584__m_3409015_ne_15_060_20200614,POINT (-90.1395 34.837699),train
NA5120_E1747N0621__m_3608925_sw_16_060_20220618,POINT (-89.959875 36.53555),train
NA5120_E1747N0627__m_3608909_ne_16_060_20220629,POINT (-89.929594 36.810776),train
NA5120_E1747N0629__m_3608901_se_16_060_20220629,POINT (-89.919426 36.902512),train
NA5120_E1747N0669__m_3808919_nw_16_060_20190713,POINT (-89.70796 38.736526),train
NA5120_E1747N0743__m_4208954_se_16_060_20210918,POINT (-89.271674 42.12572),train
NA5120_E1747N0746__m_4208946_se_16_060_20210928,POINT (-89.252619 42.263011),train
NA5120_E1747N0786__m_4408857_nw_16_060_20220623,POINT (-88.987204 44.092676),train
NA5120_E1747N0791__m_4408841_nw_16_060_20220623,POINT (-88.952474 44.321266),train
NA5120_E1747N0799__m_4408817_ne_16_060_20220623,POINT (-88.896151 44.686954),val
NA5120_E1747N0830__m_4608859_ne_16_060_20200811,POINT (-88.668726 46.103319),train
NA5120_E1747N0830__m_4608859_ne_16_060_20220906,POINT (-88.668726 46.103319),train
NA5120_E1748N0630__m_3608902_nw_16_060_20220629,POINT (-89.857754 36.943886),val
NA5120_E1748N0770__m_4308948_ne_16_060_20220624,POINT (-89.033421 43.355882),test
NA5120_E1748N0771__m_4308940_se_16_060_20220624,POINT (-89.026678 43.401614),train
NA5120_E1748N0774__m_4308932_se_16_060_20220624,POINT (-89.006368 43.538804),train
NA5120_E1748N0778__m_4308817_nw_16_060_20220624,POINT (-88.979093 43.721708),train
NA5120_E1748N0783__m_4308801_nw_16_060_20220623,POINT (-88.944684 43.950315),train
NA5120_E1748N0796__m_4408826_sw_16_060_20220623,POINT (-88.853538 44.544566),train
NA5120_E1748N0830__m_4608860_nw_16_060_20220906,POINT (-88.603079 46.097867),train
NA5120_E1749N0488__m_3009037_sw_15_030_20211115,POINT (-90.450615 30.419799),train
NA5120_E1749N0682__m_3908944_ne_16_060_20190713,POINT (-89.518534 39.322832),train
NA5120_E1749N0746__m_4208947_se_16_060_20190802,POINT (-89.129817 42.252963),test
NA5120_E1749N0746__m_4208947_se_16_060_20210928,POINT (-89.129817 42.252963),test
NA5120_E1749N0777__m_4308817_se_16_060_20220624,POINT (-88.923055 43.670784),train
NA5120_E1749N0798__m_4408818_se_16_060_20220623,POINT (-88.775362 44.630661),train
NA5120_E1750N0584__m_3408909_nw_16_030_20211023,POINT (-89.974748 34.824657),train
NA5120_E1750N0590__m_3508957_nw_16_060_20211008,POINT (-89.945803 35.099988),train
NA5120_E1750N0595__m_3508941_ne_16_060_20211008,POINT (-89.921444 35.32941),train
NA5120_E1750N0710__m_4008930_ne_16_060_20210726,POINT (-89.294639 40.600338),train
NA5120_E1750N0713__m_4008922_ne_16_060_20190802,POINT (-89.276393 40.737682),train
NA5120_E1750N0733__m_4108923_se_16_060_20210916,POINT (-89.151976 41.653085),train
NA5120_E1750N0743__m_4208964_nw_16_060_20210906,POINT (-89.087903 42.110637),val
NA5120_E1750N0744__m_4208956_sw_16_060_20210906,POINT (-89.081426 42.156387),train
NA5120_E1750N0745__m_4208956_nw_16_060_20210906,POINT (-89.074935 42.202136),train
NA5120_E1750N0746__m_4208948_sw_16_060_20210906,POINT (-89.068432 42.247884),train
NA5120_E1750N0748__m_4208948_ne_16_060_20210906,POINT (-89.055386 42.339376),train
NA5120_E1750N0749__m_4208940_se_16_060_20210906,POINT (-89.048843 42.38512),train
NA5120_E1750N0751__m_4208940_ne_16_060_20210906,POINT (-89.035719 42.476607),train
NA5120_E1750N0775__m_4308825_ne_16_060_20220624,POINT (-88.874023 43.574115),train
NA5120_E1750N0781__m_4308810_nw_16_060_20200904,POINT (-88.832351 43.848396),train
NA5120_E1750N0781__m_4308810_nw_16_060_20220624,POINT (-88.832351 43.848396),train
NA5120_E1750N0800__m_4408819_nw_16_060_20220623,POINT (-88.696932 44.71669),train
NA5120_E1751N0615__m_3608942_se_16_060_20220615,POINT (-89.765785 36.242366),train
NA5120_E1751N0640__m_3708935_se_16_060_20220615,POINT (-89.635072 37.388667),test
NA5120_E1751N0726__m_4108947_ne_16_060_20190809,POINT (-89.135612 41.32772),train
NA5120_E1751N0726__m_4108947_ne_16_060_20210916,POINT (-89.135612 41.32772),train
NA5120_E1751N0731__m_4108932_nw_16_060_20191008,POINT (-89.103949 41.55652),train
NA5120_E1751N0748__m_4208841_nw_16_060_20210906,POINT (-88.993918 42.33425),train
NA5120_E1751N0750__m_4208833_sw_16_060_20210906,POINT (-88.980727 42.425728),train
NA5120_E1751N0770__m_4308842_nw_16_060_20200904,POINT (-88.84585 43.340278),train
NA5120_E1751N0773__m_4308834_nw_16_060_20200904,POINT (-88.825142 43.477424),train
NA5120_E1751N0773__m_4308834_nw_16_060_20220624,POINT (-88.825142 43.477424),train
NA5120_E1752N0590__m_3508958_nw_16_060_20211008,POINT (-89.835587 35.091088),val
NA5120_E1752N0592__m_3508950_nw_16_060_20211008,POINT (-89.825731 35.182844),train
NA5120_E1752N0593__m_3508950_nw_16_060_20211008,POINT (-89.820789 35.22872),test
NA5120_E1752N0619__m_3608935_sw_16_060_20220615,POINT (-89.689133 36.421229),train
NA5120_E1752N0629__m_3608903_se_16_060_20220615,POINT (-89.636817 36.879738),train
NA5120_E1752N0703__m_4008947_sw_16_060_20190926,POINT (-89.217885 40.269982),train
NA5120_E1752N0727__m_4108940_sw_16_060_20210916,POINT (-89.068803 41.368424),test
NA5120_E1752N0735__m_4108924_ne_16_060_20210916,POINT (-89.017531 41.734444),train
NA5120_E1752N0777__m_4308819_sw_16_060_20220624,POINT (-88.734492 43.654956),train
NA5120_E1753N0478__m_2909006_ne_15_030_20211123,POINT (-90.284327 29.943914),train
NA5120_E1753N0590__m_3508958_ne_16_060_20211008,POINT (-89.780489 35.08659),test
NA5120_E1753N0591__m_3508950_se_16_060_20211008,POINT (-89.775531 35.132464),train
NA5120_E1753N0614__m_3608951_ne_16_060_20211016,POINT (-89.658986 36.18735),val
NA5120_E1753N0614__m_3608951_ne_16_060_20220615,POINT (-89.658986 36.18735),val
NA5120_E1753N0623__m_3608928_nw_16_060_20220615,POINT (-89.612044 36.600013),train
NA5120_E1753N0721__m_4108964_ne_16_060_20190809,POINT (-89.046506 41.088801),test
NA5120_E1753N0725__m_4108948_se_16_060_20190809,POINT (-89.021094 41.271823),val
NA5120_E1753N0780__m_4308811_se_16_060_20220624,POINT (-88.650359 43.786695),train
NA5120_E1753N0781__m_4308811_ne_16_060_20220624,POINT (-88.643229 43.83239),train
NA5120_E1754N0479__m_2909007_nw_15_030_20211123,POINT (-90.228658 29.985738),test
NA5120_E1754N0624__m_3608920_se_16_060_20220615,POINT (-89.550474 36.641194),val
NA5120_E1754N0630__m_3608904_se_16_060_20200807,POINT (-89.518468 36.916235),train
NA5120_E1754N0708__m_4008940_nw_16_060_20190809,POINT (-89.068089 40.488828),train
NA5120_E1754N0717__m_4008908_se_16_060_20210909,POINT (-89.011681 40.90068),train
NA5120_E1754N0736__m_4108809_se_16_060_20210916,POINT (-88.889284 41.769876),train
NA5120_E1754N0743__m_4208858_nw_16_060_20210906,POINT (-88.843021 42.090013),train
NA5120_E1754N0747__m_4208842_sw_16_060_20210918,POINT (-88.816294 42.272925),val
NA5120_E1754N0785__m_4408860_se_16_060_20220623,POINT (-88.551348 44.009723),train
NA5120_E1754N0785__m_4408860_sw_16_060_20200904,POINT (-88.551348 44.009723),train
NA5120_E1754N0789__m_4408852_ne_16_060_20220623,POINT (-88.522245 44.19245),train
NA5120_E1754N0795__m_4408837_nw_16_060_20220623,POINT (-88.478135 44.466506),train
NA5120_E1755N0614__m_3608952_se_16_060_20211016,POINT (-89.547111 36.178066),train
NA5120_E1755N0708__m_4008940_ne_16_060_20190809,POINT (-89.008449 40.483753),test
NA5120_E1755N0717__m_4008801_sw_16_060_20190809,POINT (-88.951651 40.895562),train
NA5120_E1755N0743__m_4208858_ne_16_060_20210906,POINT (-88.781827 42.084765),train
NA5120_E1755N0778__m_4308820_ne_16_060_20220624,POINT (-88.538849 43.684474),train
NA5120_E1756N0478__m_2909007_ne_15_030_20220130,POINT (-90.129674 29.931439),train
NA5120_E1756N0616__m_3608945_sw_16_060_20211016,POINT (-89.480602 36.265059),train
NA5120_E1756N0708__m_4008833_nw_16_060_20190809,POINT (-88.948819 40.478644),train
NA5120_E1756N0727__m_4108842_nw_16_060_20210916,POINT (-88.8269 41.347827),test
NA5120_E1756N0777__m_4308821_sw_16_060_20220624,POINT (-88.483237 43.633321),train
NA5120_E1757N0490__m_3009040_ne_15_030_20220107,POINT (-90.027285 30.478489),train
NA5120_E1757N0772__m_4308837_sw_16_060_20220624,POINT (-88.456642 43.39942),train
NA5120_E1757N0798__m_4408830_ne_16_060_20220622,POINT (-88.264332 44.586769),train
NA5120_E1758N0620__m_3608938_nw_16_060_20211016,POINT (-89.347055 36.438888),train
NA5120_E1758N0771__m_4308845_ne_16_060_20220624,POINT (-88.401356 43.348229),train
NA5120_E1758N0823__m_4508824_ne_16_060_20220714,POINT (-88.004209 45.721872),train
NA5120_E1759N0614__m_3608954_sw_16_060_20211016,POINT (-89.323451 36.159107),train
NA5120_E1759N0649__m_3708915_se_16_060_20190912,POINT (-89.128635 37.762627),train
NA5120_E1759N0744__m_4208860_ne_16_060_20210905,POINT (-88.530267 42.10911),train
NA5120_E1759N0788__m_4408855_sw_16_060_20220622,POINT (-88.212899 44.118946),test
NA5120_E1760N0521__m_3108903_sw_16_030_20211115,POINT (-89.732616 31.888846),train
NA5120_E1760N0521__m_3108903_sw_16_060_20200617,POINT (-89.732616 31.888846),train
NA5120_E1760N0687__m_3908826_sw_16_060_20190919,POINT (-88.843562 39.497157),train
NA5120_E1760N0718__m_4008803_se_16_060_20190809,POINT (-88.645062 40.915161),train
NA5120_E1760N0723__m_4108852_sw_16_060_20190809,POINT (-88.611915 41.143778),train
NA5120_E1760N0732__m_4108828_ne_16_060_20190809,POINT (-88.551424 41.55522),train
NA5120_E1760N0732__m_4108828_ne_16_060_20210928,POINT (-88.551424 41.55522),train
NA5120_E1760N0741__m_4108804_ne_16_060_20210928,POINT (-88.489852 41.966575),train
NA5120_E1760N0748__m_4208845_sw_16_060_20210905,POINT (-88.441196 42.286455),train
NA5120_E1760N0749__m_4208845_nw_16_060_20210905,POINT (-88.434189 42.332148),test
NA5120_E1760N0752__m_4208837_ne_16_060_20210905,POINT (-88.413086 42.46922),train
NA5120_E1760N0760__m_4208814_nw_16_060_20200724,POINT (-88.356185 42.834694),train
NA5120_E1760N0761__m_4208806_sw_16_060_20200724,POINT (-88.349008 42.880373),train
NA5120_E1760N0767__m_4308854_se_16_060_20220623,POINT (-88.305639 43.154423),train
NA5120_E1760N0767__m_4308854_sw_16_060_20220624,POINT (-88.305639 43.154423),train
NA5120_E1760N0771__m_4308846_ne_16_060_20200724,POINT (-88.276432 43.3371),train
NA5120_E1760N0795__m_4408840_nw_16_060_20220622,POINT (-88.096084 44.432763),train
NA5120_E1761N0588__m_3408906_nw_16_030_20211018,POINT (-89.350403 34.957766),train
NA5120_E1761N0685__m_3908834_se_16_060_20190919,POINT (-88.797349 39.400464),train
NA5120_E1761N0703__m_4008851_ne_16_060_20190919,POINT (-88.683224 40.223891),train
NA5120_E1761N0714__m_4008820_nw_16_060_20190809,POINT (-88.611509 40.726931),train
NA5120_E1761N0736__m_4108821_nw_16_060_20210928,POINT (-88.463383 41.732625),train
NA5120_E1761N0744__m_4208861_ne_16_060_20210905,POINT (-88.407908 42.0982),train
NA5120_E1761N0745__m_4208853_se_16_060_20190914,POINT (-88.400911 42.143892),val
NA5120_E1761N0745__m_4208853_se_16_060_20210905,POINT (-88.400911 42.143892),val
NA5120_E1761N0753__m_4208830_sw_16_060_20200724,POINT (-88.344433 42.509386),train
NA5120_E1761N0764__m_4308862_se_16_060_20200724,POINT (-88.265281 43.011822),train
NA5120_E1761N0767__m_4308854_se_16_060_20200724,POINT (-88.243387 43.148825),test
NA5120_E1761N0769__m_4308855_nw_16_060_20200724,POINT (-88.228718 43.240155),train
NA5120_E1761N0790__m_4408856_nw_16_060_20220622,POINT (-88.071016 44.198828),train
NA5120_E1761N0796__m_4408840_ne_16_060_20220622,POINT (-88.024693 44.472636),train
NA5120_E1762N0485__m_3008950_ne_16_030_20211116,POINT (-89.789968 30.227163),train
NA5120_E1762N0579__m_3408930_sw_16_030_20211018,POINT (-89.342285 34.54039),train
NA5120_E1762N0720__m_4008804_ne_16_060_20190809,POINT (-88.511653 40.995879),train
NA5120_E1762N0735__m_4108821_ne_16_060_20190809,POINT (-88.409501 41.681461),test
NA5120_E1762N0735__m_4108821_ne_16_060_20210928,POINT (-88.409501 41.681461),test
NA5120_E1762N0737__m_4108813_se_16_060_20210928,POINT (-88.395652 41.772853),train
NA5120_E1762N0741__m_4108805_ne_16_060_20210928,POINT (-88.367788 41.955624),val
NA5120_E1762N0746__m_4208854_nw_16_060_20210905,POINT (-88.332646 42.184062),train
NA5120_E1762N0761__m_4208807_sw_16_060_20220623,POINT (-88.225088 42.869205),train
NA5120_E1762N0767__m_4308855_se_16_060_20200724,POINT (-88.181148 43.143189),train
NA5120_E1762N0771__m_4308847_ne_16_060_20220623,POINT (-88.151556 43.325821),train
NA5120_E1762N0796__m_4408733_nw_16_060_20200729,POINT (-87.961025 44.466833),train
NA5120_E1762N0796__m_4408733_nw_16_060_20220622,POINT (-87.961025 44.466833),train
NA5120_E1763N0620__m_3608940_sw_16_060_20211012,POINT (-89.066527 36.414489),train
NA5120_E1763N0634__m_3708857_nw_16_060_20220629,POINT (-88.98719 37.05571),train
NA5120_E1763N0722__m_4108861_nw_16_060_20210928,POINT (-88.438039 41.081875),test
NA5120_E1763N0736__m_4108822_nw_16_060_20190809,POINT (-88.341795 41.721654),val
NA5120_E1763N0736__m_4108822_nw_16_060_20210928,POINT (-88.341795 41.721654),val
NA5120_E1763N0737__m_4108814_sw_16_060_20210928,POINT (-88.334818 41.767344),train
NA5120_E1763N0738__m_4108814_nw_16_060_20210928,POINT (-88.327828 41.813033),val
NA5120_E1763N0739__m_4108814_nw_16_060_20210928,POINT (-88.320823 41.858721),val
NA5120_E1763N0740__m_4108806_sw_16_060_20210928,POINT (-88.313805 41.904408),test
NA5120_E1763N0741__m_4108806_ne_16_060_20210928,POINT (-88.306773 41.950094),train
NA5120_E1763N0742__m_4108806_ne_16_060_20210928,POINT (-88.299727 41.995778),train
NA5120_E1763N0743__m_4208862_se_16_060_20210928,POINT (-88.292667 42.041462),train
NA5120_E1763N0745__m_4208854_se_16_060_20190914,POINT (-88.278504 42.132825),train
NA5120_E1763N0763__m_4208807_ne_16_060_20200724,POINT (-88.148463 42.954887),train
NA5120_E1763N0773__m_4308840_sw_16_060_20220623,POINT (-88.074154 43.411423),val
NA5120_E1763N0789__m_4408749_sw_16_060_20200729,POINT (-87.952063 44.141627),test
NA5120_E1763N0789__m_4408749_sw_16_060_20220622,POINT (-87.952063 44.141627),test
NA5120_E1764N0525__m_3208960_se_16_030_20211114,POINT (-89.502504 32.054259),train
NA5120_E1764N0612__m_3608964_se_16_060_20211012,POINT (-89.055168 36.043053),train
NA5120_E1764N0626__m_3608817_nw_16_060_20220629,POINT (-88.976472 36.684315),train
NA5120_E1764N0737__m_4108814_se_16_060_20190914,POINT (-88.273995 41.761799),train
NA5120_E1764N0741__m_4108806_ne_16_060_20210928,POINT (-88.245769 41.944527),train
NA5120_E1764N0742__m_4108806_ne_16_060_20210928,POINT (-88.238678 41.990206),train
NA5120_E1764N0764__m_4208808_nw_16_060_20220623,POINT (-88.079027 42.994852),val
NA5120_E1764N0765__m_4308864_sw_16_060_20220623,POINT (-88.071602 43.040504),train
NA5120_E1764N0769__m_4308856_ne_16_060_20220623,POINT (-88.041748 43.2231),train
NA5120_E1764N0778__m_4308717_sw_16_060_20200902,POINT (-87.973683 43.633871),train
NA5120_E1764N0794__m_4408742_nw_16_060_20220622,POINT (-87.849537 44.363882),test
NA5120_E1764N0798__m_4408726_sw_16_060_20200728,POINT (-87.817855 44.546334),train
NA5120_E1765N0613__m_3608857_nw_16_060_20211012,POINT (-88.993792 36.083883),val
NA5120_E1765N0624__m_3608825_ne_16_060_20200530,POINT (-88.931618 36.587689),train
NA5120_E1765N0624__m_3608825_ne_16_060_20220629,POINT (-88.931618 36.587689),train
NA5120_E1765N0638__m_3708850_nw_16_060_20220629,POINT (-88.85066 37.228734),test
NA5120_E1765N0726__m_4108846_se_16_060_20190809,POINT (-88.290157 41.253681),train
NA5120_E1765N0726__m_4108846_se_16_060_20210928,POINT (-88.290157 41.253681),train
NA5120_E1765N0734__m_4108823_sw_16_060_20210928,POINT (-88.234342 41.619176),val
NA5120_E1765N0738__m_4108815_sw_16_060_20210928,POINT (-88.206103 41.801896),train
NA5120_E1765N0740__m_4108807_sw_16_060_20210928,POINT (-88.1919 41.893249),train
NA5120_E1765N0742__m_4108807_ne_16_060_20210928,POINT (-88.17764 41.984597),train
NA5120_E1765N0743__m_4208863_se_16_060_20210928,POINT (-88.170488 42.03027),train
NA5120_E1765N0752__m_4208840_nw_16_060_20200902,POINT (-88.105483 42.44127),val
NA5120_E1765N0754__m_4208832_sw_16_060_20200902,POINT (-88.090878 42.53259),test
NA5120_E1765N0755__m_4208832_nw_16_060_20200902,POINT (-88.083554 42.578249),val
NA5120_E1765N0755__m_4208832_nw_16_060_20220623,POINT (-88.083554 42.578249),val
NA5120_E1765N0757__m_4208824_sw_16_060_20220623,POINT (-88.068861 42.669562),train
NA5120_E1765N0764__m_4208808_ne_16_060_20220623,POINT (-88.016967 42.989121),train
NA5120_E1765N0765__m_4308864_se_16_060_20220623,POINT (-88.009494 43.034767),train
NA5120_E1765N0766__m_4308864_ne_16_060_20200902,POINT (-88.002005 43.080412),val
NA5120_E1765N0766__m_4308864_ne_16_060_20220623,POINT (-88.002005 43.080412),val
NA5120_E1765N0771__m_4308741_nw_16_060_20200902,POINT (-87.964335 43.30862),train
NA5120_E1765N0771__m_4308741_nw_16_060_20220623,POINT (-87.964335 43.30862),train
NA5120_E1765N0773__m_4308733_sw_16_060_20200902,POINT (-87.949159 43.399895),train
NA5120_E1766N0565__m_3308907_sw_16_030_20211018,POINT (-89.197 33.879384),train
NA5120_E1766N0622__m_3608833_ne_16_060_20211012,POINT (-88.886876 36.491044),train
NA5120_E1766N0630__m_3608810_nw_16_060_20220629,POINT (-88.840743 36.857357),train
NA5120_E1766N0692__m_3908821_nw_16_060_20190918,POINT (-88.459047 39.694159),test
NA5120_E1766N0709__m_4008838_nw_16_060_20190809,POINT (-88.346331 40.471299),train
NA5120_E1766N0726__m_4108847_sw_16_060_20190809,POINT (-88.229847 41.248123),train
NA5120_E1766N0726__m_4108847_sw_16_060_20210928,POINT (-88.229847 41.248123),train
NA5120_E1766N0730__m_4108839_nw_16_060_20210928,POINT (-88.201872 41.430858),train
NA5120_E1766N0735__m_4108823_se_16_060_20210928,POINT (-88.166593 41.659251),train
NA5120_E1766N0737__m_4108815_se_16_060_20210928,POINT (-88.152383 41.7506),train
NA5120_E1766N0738__m_4108815_se_16_060_20210928,POINT (-88.145258 41.796272),train
NA5120_E1766N0739__m_4108815_ne_16_060_20210928,POINT (-88.138118 41.841944),train
NA5120_E1766N0740__m_4108807_se_16_060_20210928,POINT (-88.130964 41.887615),train
NA5120_E1766N0741__m_4108807_ne_16_060_20210928,POINT (-88.123796 41.933284),train
NA5120_E1766N0743__m_4208864_sw_16_060_20210928,POINT (-88.109416 42.024619),val
NA5120_E1766N0755__m_4208832_ne_16_060_20200902,POINT (-88.021929 42.572531),train
NA5120_E1766N0757__m_4208824_se_16_060_20220623,POINT (-88.007142 42.663833),test
NA5120_E1766N0765__m_4308757_sw_16_060_20200902,POINT (-87.947398 43.028993),train
NA5120_E1766N0770__m_4308741_se_16_060_20220623,POINT (-87.909565 43.257178),train
NA5120_E1766N0775__m_4308733_ne_16_060_20220623,POINT (-87.871346 43.485332),train
NA5120_E1766N0802__m_4408719_ne_16_060_20220622,POINT (-87.658056 44.716817),train
NA5120_E1767N0637__m_3708850_se_16_060_20220629,POINT (-88.743135 37.172678),train
NA5120_E1767N0680__m_3908853_sw_16_060_20190918,POINT (-88.478075 39.140046),train
NA5120_E1767N0732__m_4108831_se_16_060_20210928,POINT (-88.127237 41.516591),train
NA5120_E1767N0733__m_4108831_ne_16_060_20210928,POINT (-88.120137 41.562264),train
NA5120_E1767N0736__m_4108824_nw_16_060_20190809,POINT (-88.098751 41.699277),train
NA5120_E1767N0736__m_4108824_nw_16_060_20210928,POINT (-88.098751 41.699277),train
NA5120_E1767N0738__m_4108816_sw_16_060_20210928,POINT (-88.084424 41.790613),train
NA5120_E1767N0740__m_4108808_sw_16_060_20210928,POINT (-88.070039 41.881944),train
NA5120_E1767N0742__m_4108808_ne_16_060_20210908,POINT (-88.055598 41.97327),train
NA5120_E1767N0742__m_4108808_nw_16_060_20210928,POINT (-88.055598 41.97327),train
NA5120_E1767N0759__m_4208709_se_16_060_20200902,POINT (-87.930496 42.749353),train
NA5120_E1767N0759__m_4208709_se_16_060_20220623,POINT (-87.930496 42.749353),train
NA5120_E1767N0760__m_4208709_se_16_060_20200902,POINT (-87.923004 42.794995),train
NA5120_E1767N0760__m_4208709_se_16_060_20220623,POINT (-87.923004 42.794995),train
NA5120_E1767N0789__m_4408751_sw_16_060_20220622,POINT (-87.698983 44.118044),train
NA5120_E1767N0802__m_4408720_nw_16_060_20220622,POINT (-87.59415 44.710784),train
NA5120_E1768N0510__m_3108946_nw_16_030_20211114,POINT (-89.363297 31.347471),train
NA5120_E1768N0511__m_3108938_sw_16_030_20211114,POINT (-89.358533 31.393351),train
NA5120_E1768N0633__m_3608803_nw_16_060_20220629,POINT (-88.710207 36.984406),train
NA5120_E1768N0687__m_3908837_ne_16_060_20190918,POINT (-88.374231 39.454709),train
NA5120_E1768N0688__m_3908829_se_16_060_20190918,POINT (-88.367682 39.500427),train
NA5120_E1768N0725__m_4108855_ne_16_060_20210928,POINT (-88.116307 41.191222),train
NA5120_E1768N0732__m_4108832_sw_16_060_20190809,POINT (-88.066683 41.510928),test
NA5120_E1768N0732__m_4108832_sw_16_060_20210928,POINT (-88.066683 41.510928),test
NA5120_E1768N0737__m_4108824_ne_16_060_20190809,POINT (-88.030817 41.739255),train
NA5120_E1768N0754__m_4208725_se_16_060_20200902,POINT (-87.906179 42.515344),test
NA5120_E1768N0758__m_4208717_ne_16_060_20220623,POINT (-87.876233 42.697903),train
NA5120_E1768N0761__m_4208710_nw_16_060_20220623,POINT (-87.853615 42.834809),val
NA5120_E1769N0501__m_3008906_nw_16_030_20211114,POINT (-89.353666 30.929864),train
NA5120_E1769N0501__m_3008906_sw_16_030_20211112,POINT (-89.353666 30.929864),train
NA5120_E1769N0624__m_3608827_nw_16_060_20200530,POINT (-88.706821 36.567247),test
NA5120_E1769N0624__m_3608827_nw_16_060_20220629,POINT (-88.706821 36.567247),test
NA5120_E1769N0626__m_3608819_sw_16_060_20200530,POINT (-88.695089 36.6588),train
NA5120_E1769N0626__m_3608819_sw_16_060_20220629,POINT (-88.695089 36.6588),train
NA5120_E1769N0628__m_3608811_sw_16_060_20200530,POINT (-88.683315 36.750349),train
NA5120_E1769N0628__m_3608811_sw_16_060_20220629,POINT (-88.683315 36.750349),train
NA5120_E1769N0629__m_3608811_se_16_060_20200530,POINT (-88.677411 36.796122),train
NA5120_E1769N0739__m_4108709_nw_16_060_20210908,POINT (-87.955515 41.824839),train
NA5120_E1769N0752__m_4208734_sw_16_060_20190809,POINT (-87.859612 42.418247),test
NA5120_E1769N0758__m_4208718_nw_16_060_20200902,POINT (-87.814504 42.692057),train
NA5120_E1769N0759__m_4208718_ne_16_060_20200902,POINT (-87.806933 42.737688),train
NA5120_E1769N0759__m_4208718_ne_16_060_20220623,POINT (-87.806933 42.737688),train
NA5120_E1770N0489__m_3008938_sw_16_030_20211114,POINT (-89.357913 30.37457),train
NA5120_E1770N0510__m_3108946_ne_16_030_20211114,POINT (-89.258483 31.338069),train
NA5120_E1770N0531__m_3208947_se_16_030_20211107,POINT (-89.155425 32.301219),val
NA5120_E1770N0541__m_3208916_sw_16_030_20211107,POINT (-89.105024 32.759735),train
NA5120_E1770N0618__m_3608843_sw_16_060_20211012,POINT (-88.6858 36.287399),train
NA5120_E1770N0625__m_3608827_ne_16_060_20220629,POINT (-88.644745 36.607826),val
NA5120_E1770N0803__m_4408721_ne_16_060_20220622,POINT (-87.394181 44.738023),train
NA5120_E1771N0617__m_3608851_ne_16_060_20211012,POINT (-88.635706 36.236427),train
NA5120_E1771N0711__m_4008832_se_16_060_20190809,POINT (-88.034695 40.534776),train
NA5120_E1771N0715__m_4008824_ne_16_060_20190809,POINT (-88.006668 40.717472),train
NA5120_E1771N0733__m_4108725_se_16_060_20190809,POINT (-87.877811 41.539373),test
NA5120_E1772N0488__m_3008946_ne_16_030_20211114,POINT (-89.259067 30.319326),train
NA5120_E1772N0518__m_3108923_ne_16_060_20200615,POINT (-89.114388 31.695442),train
NA5120_E1772N0633__m_3608805_nw_16_060_20200530,POINT (-88.484187 36.963403),train
NA5120_E1772N0650__m_3708821_ne_16_060_20190918,POINT (-88.37948 37.741087),train
NA5120_E1772N0825__m_4508724_nw_16_060_20220908,POINT (-87.076237 45.727439),test
NA5120_E1773N0615__m_3608852_se_16_060_20211012,POINT (-88.535727 36.134409),train
NA5120_E1773N0625__m_3608829_nw_16_060_20200530,POINT (-88.476151 36.592038),train
NA5120_E1773N0650__m_3708822_nw_16_060_20190918,POINT (-88.322357 37.735672),train
NA5120_E1774N0557__m_3308834_ne_16_060_20200612,POINT (-88.807127 33.473268),train
NA5120_E1774N0569__m_3408858_se_16_030_20211017,POINT (-88.742159 34.023011),train
NA5120_E1774N0569__m_3408859_sw_16_030_20211018,POINT (-88.742159 34.023011),train
NA5120_E1774N0574__m_3408843_sw_16_030_20211018,POINT (-88.714681 34.252032),train
NA5120_E1774N0618__m_3608845_sw_16_060_20211012,POINT (-88.462041 36.266412),train
NA5120_E1775N0491__m_3008940_nw_16_030_20211114,POINT (-89.089472 30.442684),train
NA5120_E1775N0578__m_3408835_ne_16_030_20211018,POINT (-88.637996 34.430085),test
NA5120_E1775N0580__m_3408827_se_16_030_20211018,POINT (-88.626792 34.521671),train
NA5120_E1776N0583__m_3408820_se_16_030_20211018,POINT (-88.555221 34.653841),train
NA5120_E1776N0583__m_3408820_se_16_060_20200614,POINT (-88.555221 34.653841),train
NA5120_E1776N0645__m_3708839_ne_16_060_20220722,POINT (-88.182943 37.490624),train
NA5120_E1776N0702__m_4008758_ne_16_060_20190805,POINT (-87.801009 40.095069),train
NA5120_E1777N0528__m_3208850_se_16_030_20211124,POINT (-88.799896 32.129301),train
NA5120_E1777N0560__m_3308827_ne_16_060_20200612,POINT (-88.629236 33.595413),train
NA5120_E1777N0589__m_3408805_sw_16_060_20200614,POINT (-88.466097 34.923274),train
NA5120_E1777N0662__m_3808848_se_16_060_20210617,POINT (-88.015731 38.262155),train
NA5120_E1778N0565__m_3308812_ne_16_030_20211018,POINT (-88.547626 33.819225),train
NA5120_E1778N0565__m_3308812_ne_16_060_20200612,POINT (-88.547626 33.819225),train
NA5120_E1778N0647__m_3708832_ne_16_060_20220710,POINT (-88.056286 37.570967),test
NA5120_E1779N0552__m_3308852_nw_16_030_20211109,POINT (-88.565497 33.218682),train
NA5120_E1779N0641__m_3708848_se_16_060_20220721,POINT (-88.03804 37.291111),train
NA5120_E1779N0647__m_3708832_ne_16_060_20220710,POINT (-87.999334 37.565367),train
NA5120_E1780N0505__m_3108858_ne_16_030_20211124,POINT (-88.760281 31.060093),train
NA5120_E1780N0666__m_3808734_sw_16_060_20210617,POINT (-87.816214 38.427853),train
NA5120_E1780N0679__m_3908759_sw_16_060_20190805,POINT (-87.727266 39.021595),train
NA5120_E1781N0491__m_3008834_se_16_030_20211114,POINT (-88.778727 30.41332),train
NA5120_E1781N0652__m_3708710_sw_16_060_20220710,POINT (-87.852494 37.782531),train
NA5120_E1782N0700__m_3908705_nw_16_060_20200611,POINT (-87.460827 39.968369),test
NA5120_E1782N0714__m_4008730_nw_16_060_20200606,POINT (-87.357362 40.607054),val
NA5120_E1782N0716__m_4008722_nw_16_060_20200606,POINT (-87.342351 40.698275),train
NA5120_E1783N0562__m_3308822_se_16_030_20211113,POINT (-88.294507 33.655518),train
NA5120_E1783N0651__m_3708718_ne_16_060_20220630,POINT (-87.74497 37.725364),train
NA5120_E1783N0655__m_3708703_sw_16_060_20200704,POINT (-87.718123 37.90808),train
NA5120_E1783N0665__m_3808743_ne_16_060_20220615,POINT (-87.650126 38.36479),train
NA5120_E1783N0704__m_4008753_se_16_060_20220620,POINT (-87.372373 40.144834),train
NA5120_E1783N0717__m_4008722_ne_16_060_20200606,POINT (-87.275098 40.737767),train
NA5120_E1783N0718__m_4008714_se_16_060_20200606,POINT (-87.267514 40.783369),test
NA5120_E1783N0718__m_4008714_se_16_060_20220616,POINT (-87.267514 40.783369),test
NA5120_E1783N0723__m_4108763_sw_16_060_20220616,POINT (-87.22937 41.011356),test
NA5120_E1783N0725__m_4108763_nw_16_060_20220616,POINT (-87.214008 41.102542),train
NA5120_E1783N0730__m_4108747_ne_16_060_20200606,POINT (-87.17534 41.330484),train
NA5120_E1783N0730__m_4108747_ne_16_060_20220616,POINT (-87.17534 41.330484),train
NA5120_E1784N0491__m_3008835_se_16_030_20211114,POINT (-88.62344 30.398241),train
NA5120_E1784N0618__m_3608749_ne_16_060_20211127,POINT (-87.903244 36.211663),train
NA5120_E1784N0647__m_3708727_sw_16_060_20220630,POINT (-87.714714 37.536863),test
NA5120_E1784N0665__m_3808744_nw_16_060_20220615,POINT (-87.592532 38.358928),train
NA5120_E1784N0704__m_4008754_sw_16_060_20200611,POINT (-87.313207 40.138758),train
NA5120_E1784N0704__m_4008754_sw_16_060_20220620,POINT (-87.313207 40.138758),train
NA5120_E1785N0548__m_3308862_se_16_030_20211113,POINT (-88.266353 33.003975),train
NA5120_E1785N0548__m_3308862_se_16_060_20191109,POINT (-88.266353 33.003975),train
NA5120_E1785N0654__m_3708712_nw_16_060_20220630,POINT (-87.610523 37.850762),train
NA5120_E1785N0682__m_3908753_se_16_060_20200607,POINT (-87.415051 39.12899),val
NA5120_E1785N0683__m_3908753_se_16_060_20200607,POINT (-87.407878 39.174623),train
NA5120_E1785N0685__m_3908745_se_16_060_20220620,POINT (-87.393491 39.265887),train
NA5120_E1785N0691__m_3908730_sw_16_060_20220620,POINT (-87.350002 39.539649),train
NA5120_E1785N0699__m_3908706_se_16_060_20200611,POINT (-87.291239 39.904596),test
NA5120_E1785N0699__m_3908706_se_16_060_20220620,POINT (-87.291239 39.904596),test
NA5120_E1785N0707__m_4008747_sw_16_060_20200611,POINT (-87.23157 40.269462),val
NA5120_E1785N0707__m_4008747_sw_16_060_20220620,POINT (-87.23157 40.269462),val
NA5120_E1785N0718__m_4008715_se_16_060_20200606,POINT (-87.148011 40.771019),train
NA5120_E1785N0722__m_4008707_ne_16_060_20200606,POINT (-87.117181 40.953365),train
NA5120_E1785N0722__m_4008707_ne_16_060_20220616,POINT (-87.117181 40.953365),train
NA5120_E1785N0730__m_4108748_ne_16_060_20200606,POINT (-87.054798 41.317993),train
NA5120_E1785N0730__m_4108748_ne_16_060_20220616,POINT (-87.054798 41.317993),train
NA5120_E1786N0529__m_3208854_sw_16_030_20211123,POINT (-88.318591 32.128754),train
NA5120_E1786N0545__m_3208815_nw_16_030_20211113,POINT (-88.229809 32.861294),train
NA5120_E1786N0631__m_3608711_sw_16_060_20220722,POINT (-87.707372 36.794361),train
NA5120_E1786N0676__m_3808713_ne_16_060_20220620,POINT (-87.399801 38.849173),train
NA5120_E1786N0678__m_3808705_ne_16_060_20220620,POINT (-87.385524 38.940443),train
NA5120_E1786N0686__m_3908746_nw_16_060_20220620,POINT (-87.327873 39.305473),train
NA5120_E1786N0706__m_4008755_ne_16_060_20200611,POINT (-87.179853 40.2177),train
NA5120_E1786N0706__m_4008755_ne_16_060_20220620,POINT (-87.179853 40.2177),train
NA5120_E1786N0716__m_4008724_sw_16_060_20200606,POINT (-87.103688 40.673622),train
NA5120_E1786N0724__m_4108764_se_16_060_20200606,POINT (-87.041685 41.038266),train
NA5120_E1786N0724__m_4108764_se_16_060_20220616,POINT (-87.041685 41.038266),train
NA5120_E1787N0539__m_3208831_nw_16_030_20211113,POINT (-88.210214 32.581272),train
NA5120_E1787N0605__m_3508726_nw_16_060_20211212,POINT (-87.818498 35.600446),train
NA5120_E1787N0649__m_3708728_ne_16_060_20220630,POINT (-87.530457 37.610688),train
NA5120_E1787N0650__m_3708720_se_16_060_20200601,POINT (-87.523638 37.65635),test
NA5120_E1787N0650__m_3708720_se_16_060_20220630,POINT (-87.523638 37.65635),test
NA5120_E1787N0672__m_3808721_se_16_060_20200607,POINT (-87.370359 38.660618),train
NA5120_E1787N0672__m_3808721_se_16_060_20220620,POINT (-87.370359 38.660618),train
NA5120_E1787N0686__m_3908746_se_16_060_20220620,POINT (-87.26948 39.299394),train
NA5120_E1787N0712__m_4008740_nw_16_060_20200611,POINT (-87.074864 40.485041),val
NA5120_E1787N0716__m_4008724_se_16_060_20200606,POINT (-87.044051 40.667371),train
NA5120_E1787N0733__m_4108633_ne_16_060_20200606,POINT (-86.910395 41.442035),train
NA5120_E1787N0733__m_4108633_ne_16_060_20220616,POINT (-86.910395 41.442035),train
NA5120_E1787N0735__m_4108625_se_16_060_20200606,POINT (-86.894377 41.533146),train
NA5120_E1787N0735__m_4108625_se_16_060_20220616,POINT (-86.894377 41.533146),train
NA5120_E1787N0738__m_4108617_se_16_060_20220616,POINT (-86.870231 41.669803),test
NA5120_E1788N0493__m_3008837_ne_16_030_20211113,POINT (-88.406089 30.469358),train
NA5120_E1788N0528__m_3208863_nw_16_030_20211123,POINT (-88.218395 32.072333),train
NA5120_E1788N0610__m_3508711_nw_16_060_20211213,POINT (-87.731391 35.823279),test
NA5120_E1788N0653__m_3708713_sw_16_060_20200704,POINT (-87.446011 37.787397),train
NA5120_E1788N0653__m_3708713_sw_16_060_20220721,POINT (-87.446011 37.787397),train
NA5120_E1788N0672__m_3808722_sw_16_060_20200607,POINT (-87.312534 38.654583),train
NA5120_E1788N0672__m_3808722_sw_16_060_20220620,POINT (-87.312534 38.654583),train
NA5120_E1788N0673__m_3808722_ne_16_060_20200607,POINT (-87.305377 38.700212),val
NA5120_E1788N0673__m_3808722_ne_16_060_20220620,POINT (-87.305377 38.700212),val
NA5120_E1788N0677__m_3808706_se_16_060_20220620,POINT (-87.276613 38.882717),train
NA5120_E1788N0699__m_3908707_se_16_060_20200611,POINT (-87.114469 39.886138),train
NA5120_E1788N0715__m_4008625_nw_16_060_20200611,POINT (-86.992195 40.61551),train
NA5120_E1789N0515__m_3108839_nw_16_030_20211123,POINT (-88.236992 31.471768),test
NA5120_E1789N0557__m_3308840_se_16_030_20211114,POINT (-88.000375 33.394162),train
NA5120_E1789N0599__m_3508742_ne_16_060_20211213,POINT (-87.745764 35.314813),train
NA5120_E1789N0604__m_3508727_sw_16_060_20211213,POINT (-87.714169 35.543339),train
NA5120_E1789N0648__m_3708729_se_16_060_20200601,POINT (-87.423468 37.55318),train
NA5120_E1789N0681__m_3908763_nw_16_060_20220620,POINT (-87.189461 39.059083),train
NA5120_E1789N0688__m_3908739_se_16_060_20220620,POINT (-87.137934 39.378345),train
NA5120_E1789N0691__m_3908731_se_16_060_20220620,POINT (-87.115641 39.515152),train
NA5120_E1789N0710__m_4008633_sw_16_060_20200611,POINT (-86.971452 40.38133),train
NA5120_E1789N0711__m_4008633_sw_16_060_20200611,POINT (-86.963716 40.426906),train
NA5120_E1789N0718__m_4008609_se_16_060_20200611,POINT (-86.909148 40.745895),train
NA5120_E1790N0550__m_3308757_nw_16_030_20211114,POINT (-87.987515 33.068392),train
NA5120_E1790N0643__m_3708745_ne_16_060_20200601,POINT (-87.400994 37.318954),train
NA5120_E1790N0644__m_3708745_ne_16_060_20200601,POINT (-87.394138 37.364607),train
NA5120_E1790N0657__m_3708706_ne_16_060_20220620,POINT (-87.303843 37.95799),train
NA5120_E1790N0659__m_3808762_se_16_060_20220620,POINT (-87.289758 38.049262),train
NA5120_E1790N0686__m_3908748_sw_16_060_20220620,POINT (-87.094366 39.280951),train
NA5120_E1790N0710__m_4008633_se_16_060_20200611,POINT (-86.912105 40.375009),train
NA5120_E1790N0715__m_4008625_ne_16_060_20200611,POINT (-86.873067 40.602842),val
NA5120_E1790N0734__m_4108635_nw_16_060_20200606,POINT (-86.721222 41.468297),train
NA5120_E1790N0734__m_4108635_nw_16_060_20220616,POINT (-86.721222 41.468297),train
NA5120_E1791N0599__m_3508743_se_16_060_20211213,POINT (-87.635533 35.303339),test
NA5120_E1791N0659__m_3808763_sw_16_060_20220620,POINT (-87.232468 38.043197),train
NA5120_E1791N0672__m_3808723_se_16_060_20200607,POINT (-87.139121 38.636273),train
NA5120_E1791N0673__m_3808723_ne_16_060_20200607,POINT (-87.131846 38.681886),train
NA5120_E1791N0696__m_3908617_nw_16_060_20200611,POINT (-86.960682 39.730626),test
NA5120_E1791N0704__m_4008657_ne_16_060_20200611,POINT (-86.899373 40.095244),train
NA5120_E1791N0704__m_4008657_ne_16_060_20220620,POINT (-86.899373 40.095244),train
NA5120_E1791N0712__m_4008634_nw_16_060_20200611,POINT (-86.837116 40.459777),val
NA5120_E1791N0713__m_4008626_sw_16_060_20200611,POINT (-86.829266 40.505338),train
NA5120_E1791N0718__m_4008618_ne_16_060_20200611,POINT (-86.78979 40.733121),test
NA5120_E1791N0741__m_4108612_sw_16_060_20220616,POINT (-86.603168 41.780474),train
NA5120_E1792N0495__m_3008831_sw_16_030_20211113,POINT (-88.188347 30.539935),train
NA5120_E1792N0537__m_3208733_nw_16_030_20211114,POINT (-87.955938 32.462565),train
NA5120_E1792N0537__m_3208733_nw_16_060_20191109,POINT (-87.955938 32.462565),train
NA5120_E1792N0545__m_3208709_ne_16_030_20211114,POINT (-87.909741 32.82859),val
NA5120_E1792N0683__m_3908756_se_16_060_20220620,POINT (-87.000123 39.131709),train
NA5120_E1792N0710__m_4008642_ne_16_060_20200611,POINT (-86.793448 40.36226),train
NA5120_E1792N0710__m_4008642_ne_16_060_20220619,POINT (-86.793448 40.36226),train
NA5120_E1792N0721__m_4008611_nw_16_060_20220618,POINT (-86.706131 40.863315),train
NA5120_E1792N0731__m_4108643_ne_16_060_20200606,POINT (-86.625118 41.318674),train
NA5120_E1792N0746__m_4208660_se_16_060_20220831,POINT (-86.500587 42.001445),train
NA5120_E1793N0498__m_3008823_se_16_030_20211119,POINT (-88.120392 30.671971),train
NA5120_E1793N0614__m_3508705_ne_16_060_20211213,POINT (-87.427604 35.976934),train
NA5120_E1793N0627__m_3608730_nw_16_060_20211213,POINT (-87.340737 36.570565),train
NA5120_E1793N0663__m_3808756_nw_16_060_20220620,POINT (-87.089131 38.213428),train
NA5120_E1793N0681__m_3908657_sw_16_060_20200611,POINT (-86.956888 39.034263),train
NA5120_E1793N0699__m_3908610_nw_16_060_20200611,POINT (-86.820081 39.85468),train
NA5120_E1793N0725__m_4108660_sw_16_060_20220616,POINT (-86.613967 41.038957),train
NA5120_E1793N0740__m_4108620_ne_16_060_20200606,POINT (-86.490237 41.721763),train
NA5120_E1793N0740__m_4108620_ne_16_060_20220616,POINT (-86.490237 41.721763),train
NA5120_E1793N0772__m_4308655_sw_16_060_20200702,POINT (-86.213692 43.177305),train
NA5120_E1794N0538__m_3208726_sw_16_030_20211114,POINT (-87.844007 32.49724),train
NA5120_E1795N0534__m_3208742_nw_16_030_20211114,POINT (-87.814194 32.308677),val
NA5120_E1795N0614__m_3508706_nw_16_060_20211213,POINT (-87.316401 35.965051),train
NA5120_E1795N0616__m_3608762_ne_16_060_20211213,POINT (-87.303028 36.056371),train
NA5120_E1795N0697__m_3908611_sw_16_060_20200611,POINT (-86.718005 39.750741),val
NA5120_E1795N0704__m_4008659_ne_16_060_20200611,POINT (-86.663155 40.06961),train
NA5120_E1795N0712__m_4008636_nw_16_060_20220618,POINT (-86.599562 40.433951),train
NA5120_E1795N0722__m_4008604_se_16_060_20200606,POINT (-86.51868 40.88925),train
NA5120_E1795N0750__m_4208654_se_16_060_20200701,POINT (-86.28364 42.163321),train
NA5120_E1796N0614__m_3508706_ne_16_060_20211213,POINT (-87.260813 35.959062),train
NA5120_E1796N0629__m_3608723_se_16_060_20211213,POINT (-87.158791 36.643767),val
NA5120_E1796N0705__m_4008660_nw_16_060_20220620,POINT (-86.596193 40.108656),train
NA5120_E1796N0714__m_4008628_se_16_060_20220618,POINT (-86.524069 40.518465),test
NA5120_E1796N0735__m_4108638_nw_16_060_20220618,POINT (-86.350815 41.474237),train
NA5120_E1796N0757__m_4208639_ne_16_060_20200701,POINT (-86.161497 42.474823),train
NA5120_E1796N0815__m_4508559_ne_16_060_20200728,POINT (-85.620279 45.109035),test
NA5120_E1797N0541__m_3208719_se_16_030_20211114,POINT (-87.667033 32.617585),train
NA5120_E1797N0598__m_3508754_nw_16_060_20211202,POINT (-87.311617 35.222483),train
NA5120_E1797N0599__m_3508746_se_16_060_20211202,POINT (-87.305057 35.268152),train
NA5120_E1797N0654__m_3708609_se_16_060_20200531,POINT (-86.925395 37.778106),train
NA5120_E1797N0709__m_4008644_se_16_060_20220620,POINT (-86.505072 40.284246),train
NA5120_E1797N0715__m_4008629_nw_16_060_20220618,POINT (-86.456506 40.557394),train
NA5120_E1797N0732__m_4108646_nw_16_060_20200606,POINT (-86.315801 41.331032),train
NA5120_E1797N0740__m_4108622_ne_16_060_20200606,POINT (-86.247956 41.69495),train
NA5120_E1797N0740__m_4108622_ne_16_060_20220618,POINT (-86.247956 41.69495),train
NA5120_E1797N0751__m_4208655_ne_16_060_20200701,POINT (-86.152908 42.195179),train
NA5120_E1798N0495__m_3008725_se_16_030_20211113,POINT (-87.87758 30.507479),train
NA5120_E1798N0538__m_3208735_ne_16_030_20211114,POINT (-87.631717 32.474713),train
NA5120_E1798N0598__m_3508754_ne_16_060_20211202,POINT (-87.256604 35.216512),train
NA5120_E1798N0615__m_3508707_ne_16_060_20211213,POINT (-87.14288 35.99263),train
NA5120_E1798N0616__m_3608763_se_16_060_20211213,POINT (-87.136082 36.038274),train
NA5120_E1798N0617__m_3608763_ne_16_060_20211213,POINT (-87.129271 36.083916),train
NA5120_E1798N0645__m_3708641_nw_16_060_20200601,POINT (-86.933466 37.361415),train
NA5120_E1798N0704__m_4008661_sw_16_060_20220620,POINT (-86.486118 40.050019),train
NA5120_E1798N0730__m_4108654_ne_16_060_20200606,POINT (-86.272498 41.233309),train
NA5120_E1798N0740__m_4108623_nw_16_060_20200606,POINT (-86.18742 41.688157),train
NA5120_E1798N0740__m_4108623_nw_16_060_20220618,POINT (-86.18742 41.688157),train
NA5120_E1798N0768__m_4208501_nw_16_060_20200702,POINT (-85.940065 42.960912),train
NA5120_E1799N0503__m_3008702_se_16_030_20211112,POINT (-87.781187 30.868065),train
NA5120_E1799N0621__m_3608748_se_16_060_20211213,POINT (-87.046098 36.26035),val
NA5120_E1799N0624__m_3608740_se_16_060_20211213,POINT (-87.025336 36.39724),train
NA5120_E1799N0627__m_3608732_se_16_060_20211213,POINT (-87.004461 36.534119),train
NA5120_E1799N0646__m_3708633_se_16_060_20220620,POINT (-86.86957 37.400762),test
NA5120_E1799N0694__m_3908628_ne_16_060_20220620,POINT (-86.5069 39.588113),train
NA5120_E1799N0698__m_3908613_sw_16_060_20220620,POINT (-86.475174 39.770252),train
NA5120_E1799N0735__m_4108639_ne_16_060_20200606,POINT (-86.169863 41.453955),train
NA5120_E1799N0736__m_4108631_se_16_060_20200606,POINT (-86.161304 41.499433),train
NA5120_E1799N0736__m_4108631_se_16_060_20220621,POINT (-86.161304 41.499433),train
NA5120_E1799N0741__m_4108623_ne_16_060_20220621,POINT (-86.118253 41.726797),train
NA5120_E1800N0625__m_3608633_nw_16_060_20211213,POINT (-86.962451 36.43669),train
NA5120_E1800N0628__m_3608625_nw_16_060_20211213,POINT (-86.94143 36.573549),train
NA5120_E1800N0697__m_3908621_ne_16_060_20220620,POINT (-86.424439 39.718127),train
NA5120_E1800N0703__m_3908605_ne_16_060_20200612,POINT (-86.376241 39.991266),train
NA5120_E1800N0712__m_4008638_se_16_060_20200612,POINT (-86.302898 40.400877),train
NA5120_E1800N0712__m_4008638_se_16_060_20220621,POINT (-86.302898 40.400877),train
NA5120_E1800N0718__m_4008622_se_16_060_20200606,POINT (-86.253293 40.673886),train
NA5120_E1800N0738__m_4108632_nw_16_060_20200606,POINT (-86.083712 41.583531),test
NA5120_E1801N0495__m_3008735_nw_16_030_20211113,POINT (-87.72229 30.490855),test
NA5120_E1801N0607__m_3508732_ne_16_060_20211212,POINT (-87.030914 35.609196),train
NA5120_E1801N0610__m_3508716_se_16_060_20211212,POINT (-87.01046 35.746103),train
NA5120_E1801N0626__m_3608633_ne_16_060_20211203,POINT (-86.899491 36.476095),train
NA5120_E1801N0627__m_3608625_se_16_060_20211203,POINT (-86.892448 36.521709),train
NA5120_E1801N0630__m_3608617_se_16_060_20211203,POINT (-86.871243 36.658544),train
NA5120_E1801N0703__m_3908606_nw_16_060_20200612,POINT (-86.317319 39.984602),train
NA5120_E1801N0703__m_3908606_nw_16_060_20220621,POINT (-86.317319 39.984602),train
NA5120_E1801N0740__m_4108624_se_16_060_20200606,POINT (-86.005891 41.667561),train
NA5120_E1802N0631__m_3608618_nw_16_060_20220620,POINT (-86.808013 36.697878),train
NA5120_E1802N0699__m_3908614_se_16_060_20220621,POINT (-86.29093 39.795867),train
NA5120_E1802N0706__m_4008663_nw_16_060_20200612,POINT (-86.233855 40.114417),train
NA5120_E1802N0706__m_4008663_nw_16_060_20220621,POINT (-86.233855 40.114417),train
NA5120_E1802N0707__m_4008655_sw_16_060_20200612,POINT (-86.225638 40.159918),test
NA5120_E1802N0707__m_4008655_sw_16_060_20220621,POINT (-86.225638 40.159918),test
NA5120_E1802N0712__m_4008639_sw_16_060_20200612,POINT (-86.18432 40.387403),test
NA5120_E1802N0712__m_4008639_sw_16_060_20220621,POINT (-86.18432 40.387403),test
NA5120_E1802N0714__m_4008639_ne_16_060_20220621,POINT (-86.167682 40.478386),train
NA5120_E1802N0718__m_4008623_se_16_060_20200611,POINT (-86.134211 40.660335),train
NA5120_E1802N0718__m_4008623_se_16_060_20220621,POINT (-86.134211 40.660335),train
NA5120_E1802N0735__m_4108533_nw_16_060_20200612,POINT (-85.989033 41.433351),train
NA5120_E1802N0735__m_4108533_sw_16_060_20200606,POINT (-85.989033 41.433351),train
NA5120_E1802N0765__m_4208511_sw_16_060_20200701,POINT (-85.720716 42.796395),train
NA5120_E1802N0765__m_4208511_sw_16_060_20220824,POINT (-85.720716 42.796395),train
NA5120_E1803N0597__m_3508649_sw_16_060_20211212,POINT (-86.988428 35.140543),train
NA5120_E1803N0610__m_3508617_ne_16_060_20211212,POINT (-86.899689 35.733748),train
NA5120_E1803N0611__m_3508609_se_16_060_20211212,POINT (-86.892777 35.779371),train
NA5120_E1803N0625__m_3608634_se_16_060_20211203,POINT (-86.794691 36.417962),val
NA5120_E1803N0632__m_3608618_ne_16_060_20220620,POINT (-86.744709 36.737167),train
NA5120_E1803N0674__m_3808621_se_16_060_20200611,POINT (-86.430957 38.651068),train
NA5120_E1803N0696__m_3908622_se_16_060_20200612,POINT (-86.256547 39.652635),train
NA5120_E1803N0701__m_3908607_sw_16_060_20220621,POINT (-86.215885 39.880168),train
NA5120_E1803N0713__m_4008639_se_16_060_20200612,POINT (-86.116698 40.426099),train
NA5120_E1803N0713__m_4008639_se_16_060_20220621,POINT (-86.116698 40.426099),train
NA5120_E1803N0714__m_4008640_nw_16_060_20200612,POINT (-86.108328 40.471583),train
NA5120_E1803N0726__m_4108664_se_16_060_20200612,POINT (-86.006628 41.017282),train
NA5120_E1803N0728__m_4108557_nw_16_060_20200612,POINT (-85.989447 41.10821),train
NA5120_E1803N0737__m_4108525_se_16_060_20200612,POINT (-85.911298 41.517312),test
NA5120_E1803N0765__m_4208511_se_16_060_20200701,POINT (-85.659124 42.78925),train
NA5120_E1803N0766__m_4208511_ne_16_060_20220824,POINT (-85.649856 42.834653),train
NA5120_E1803N0767__m_4208503_se_16_060_20220824,POINT (-85.640569 42.880054),train
NA5120_E1803N0768__m_4208503_se_16_060_20220824,POINT (-85.631263 42.925453),train
NA5120_E1803N0769__m_4208503_ne_16_060_20200702,POINT (-85.621939 42.970851),train
NA5120_E1803N0769__m_4208503_ne_16_060_20220908,POINT (-85.621939 42.970851),train
NA5120_E1803N0788__m_4308513_nw_16_060_20220908,POINT (-85.441156 43.833082),train
NA5120_E1804N0494__m_3008736_sw_16_030_20211113,POINT (-87.572744 30.428224),train
NA5120_E1804N0590__m_3408609_nw_16_060_20190909,POINT (-86.980678 34.814922),train
NA5120_E1804N0604__m_3508633_ne_16_060_20211212,POINT (-86.885739 35.453793),train
NA5120_E1804N0616__m_3608658_se_16_060_20211203,POINT (-86.80245 36.001209),test
NA5120_E1804N0618__m_3608658_ne_16_060_20211203,POINT (-86.788393 36.092428),train
NA5120_E1804N0620__m_3608650_ne_16_060_20211203,POINT (-86.774285 36.183642),val
NA5120_E1804N0621__m_3608650_ne_16_060_20211203,POINT (-86.767212 36.229247),train
NA5120_E1804N0628__m_3608627_sw_16_060_20211203,POINT (-86.717341 36.548448),train
NA5120_E1804N0697__m_3908623_nw_16_060_20200612,POINT (-86.189805 39.691414),train
NA5120_E1804N0697__m_3908623_nw_16_060_20220621,POINT (-86.189805 39.691414),train
NA5120_E1804N0698__m_3908623_ne_16_060_20200612,POINT (-86.181648 39.736916),train
NA5120_E1804N0808__m_4408523_nw_16_060_20220810,POINT (-85.179499 44.73251),test
NA5120_E1805N0602__m_3508642_nw_16_060_20211212,POINT (-86.844362 35.356325),train
NA5120_E1805N0623__m_3608643_nw_16_060_20211203,POINT (-86.697209 36.314124),train
NA5120_E1805N0624__m_3608643_nw_16_060_20211203,POINT (-86.690062 36.35972),train
NA5120_E1805N0626__m_3608635_ne_16_060_20211203,POINT (-86.675729 36.450908),train
NA5120_E1805N0691__m_3908639_se_16_060_20200612,POINT (-86.18004 39.411646),train
NA5120_E1805N0691__m_3908639_se_16_060_20220621,POINT (-86.18004 39.411646),train
NA5120_E1805N0710__m_4008648_se_16_060_20200611,POINT (-86.023374 40.275977),train
NA5120_E1805N0710__m_4008648_se_16_060_20220621,POINT (-86.023374 40.275977),train
NA5120_E1805N0822__m_4508441_nw_16_060_20200920,POINT (-84.97089 45.359169),test
NA5120_E1806N0594__m_3408602_nw_16_060_20211212,POINT (-86.844178 34.985104),train
NA5120_E1806N0604__m_3508634_ne_16_060_20211212,POINT (-86.775441 35.44131),train
NA5120_E1806N0615__m_3508603_nw_16_060_20211203,POINT (-86.698397 35.942995),train
NA5120_E1806N0617__m_3608659_sw_16_060_20211203,POINT (-86.684225 36.034195),train
NA5120_E1806N0623__m_3608643_ne_16_060_20211203,POINT (-86.641401 36.307763),train
NA5120_E1806N0624__m_3608643_ne_16_060_20211203,POINT (-86.634218 36.353353),train
NA5120_E1806N0629__m_3608628_nw_16_060_20211203,POINT (-86.598109 36.581286),train
NA5120_E1806N0632__m_3608620_nw_16_060_20220620,POINT (-86.576286 36.71803),train
NA5120_E1806N0694__m_3908632_sw_16_060_20200612,POINT (-86.097184 39.541374),train
NA5120_E1806N0694__m_3908632_sw_16_060_20220621,POINT (-86.097184 39.541374),train
NA5120_E1806N0695__m_3908632_nw_16_060_20200612,POINT (-86.088992 39.586868),train
NA5120_E1806N0695__m_3908632_nw_16_060_20220621,POINT (-86.088992 39.586868),train
NA5120_E1806N0696__m_3908624_sw_16_060_20200612,POINT (-86.080785 39.63236),val
NA5120_E1806N0696__m_3908624_sw_16_060_20220621,POINT (-86.080785 39.63236),val
NA5120_E1806N0699__m_3908616_se_16_060_20200611,POINT (-86.056069 39.768827),train
NA5120_E1806N0703__m_3908608_ne_16_060_20220621,POINT (-86.022895 39.950764),train
NA5120_E1806N0705__m_4008664_se_16_060_20220621,POINT (-86.006212 40.041723),train
NA5120_E1806N0706__m_4008664_ne_16_060_20200611,POINT (-85.997847 40.0872),val
NA5120_E1806N0706__m_4008664_ne_16_060_20220621,POINT (-85.997847 40.0872),val
NA5120_E1806N0751__m_4208552_sw_16_060_20200707,POINT (-85.604176 42.13208),train
NA5120_E1807N0497__m_3008729_se_16_030_20211113,POINT (-87.400346 30.548276),val
NA5120_E1807N0608__m_3508619_sw_16_060_20211214,POINT (-86.692328 35.617447),train
NA5120_E1807N0610__m_3508619_ne_16_060_20211214,POINT (-86.678264 35.708653),train
NA5120_E1807N0629__m_3608628_ne_16_060_20211203,POINT (-86.542097 36.574858),train
NA5120_E1807N0693__m_3908640_ne_16_060_20200612,POINT (-86.046918 39.48907),train
NA5120_E1807N0694__m_3908632_se_16_060_20200612,POINT (-86.038702 39.534559),train
NA5120_E1807N0694__m_3908632_se_16_060_20220621,POINT (-86.038702 39.534559),train
NA5120_E1807N0697__m_3908624_se_16_060_20200611,POINT (-86.013959 39.671017),train
NA5120_E1807N0697__m_3908624_se_16_060_20220621,POINT (-86.013959 39.671017),train
NA5120_E1807N0699__m_3908616_se_16_060_20200611,POINT (-85.997385 39.761981),train
NA5120_E1807N0699__m_3908616_se_16_060_20220621,POINT (-85.997385 39.761981),train
NA5120_E1807N0703__m_3908501_nw_16_060_20220621,POINT (-85.964048 39.943892),train
NA5120_E1808N0501__m_3008722_nw_16_060_20220130,POINT (-87.325232 30.725377),test
NA5120_E1808N0617__m_3608660_sw_16_060_20211203,POINT (-86.573063 36.021442),test
NA5120_E1808N0621__m_3608652_ne_16_060_20211203,POINT (-86.544283 36.203781),val
NA5120_E1808N0626__m_3608636_ne_16_060_20211203,POINT (-86.508014 36.431677),train
NA5120_E1808N0698__m_3908517_nw_16_060_20200611,POINT (-85.947049 39.709625),train
NA5120_E1808N0698__m_3908517_nw_16_060_20220621,POINT (-85.947049 39.709625),train
NA5120_E1808N0702__m_3908501_se_16_060_20200611,POINT (-85.913612 39.891516),train
NA5120_E1808N0702__m_3908501_se_16_060_20220621,POINT (-85.913612 39.891516),train
NA5120_E1808N0712__m_4008542_nw_16_060_20220621,POINT (-85.828896 40.346138),train
NA5120_E1808N0737__m_4108536_nw_16_060_20200606,POINT (-85.609823 41.482011),train
NA5120_E1808N0759__m_4208537_ne_16_060_20200706,POINT (-85.407981 42.48074),test
NA5120_E1809N0494__m_3008738_sw_16_060_20220113,POINT (-87.314324 30.399517),train
NA5120_E1809N0503__m_3008714_ne_16_060_20220130,POINT (-87.261569 30.810971),train
NA5120_E1809N0608__m_3508628_nw_16_060_20211202,POINT (-86.581813 35.60473),train
NA5120_E1809N0614__m_3508604_se_16_060_20211202,POINT (-86.539051 35.878266),train
NA5120_E1809N0616__m_3508604_ne_16_060_20211203,POINT (-86.524694 35.969435),val
NA5120_E1809N0619__m_3608660_ne_16_060_20211203,POINT (-86.503062 36.106178),train
NA5120_E1809N0621__m_3608653_nw_16_060_20211203,POINT (-86.488576 36.197334),train
NA5120_E1809N0625__m_3608637_sw_16_060_20211203,POINT (-86.459446 36.379631),train
NA5120_E1809N0701__m_3908510_nw_16_060_20220621,POINT (-85.863255 39.839118),train
NA5120_E1809N0706__m_4008558_nw_16_060_20220621,POINT (-85.820976 40.066423),train
NA5120_E1809N0709__m_4008550_ne_16_060_20200611,POINT (-85.795414 40.202788),train
NA5120_E1809N0709__m_4008550_ne_16_060_20220621,POINT (-85.795414 40.202788),train
NA5120_E1809N0712__m_4008542_ne_16_060_20200611,POINT (-85.769704 40.339139),train
NA5120_E1809N0728__m_4108559_ne_16_060_20200606,POINT (-85.63005 41.066105),test
NA5120_E1810N0494__m_3008738_se_16_060_20220113,POINT (-87.262662 30.393688),val
NA5120_E1810N0565__m_3308618_sw_16_030_20211124,POINT (-86.821472 33.636917),train
NA5120_E1810N0624__m_3608645_ne_16_060_20211203,POINT (-86.410945 36.327562),train
NA5120_E1810N0638__m_3608606_ne_16_060_20200531,POINT (-86.306995 36.965373),train
NA5120_E1810N0638__m_3608606_ne_16_060_20220620,POINT (-86.306995 36.965373),train
NA5120_E1810N0698__m_3908518_nw_16_060_20200611,POINT (-85.829825 39.695773),train
NA5120_E1810N0698__m_3908518_nw_16_060_20220621,POINT (-85.829825 39.695773),train
NA5120_E1810N0700__m_3908510_sw_16_060_20200611,POINT (-85.812977 39.786696),train
NA5120_E1810N0700__m_3908510_sw_16_060_20220621,POINT (-85.812977 39.786696),train
NA5120_E1810N0704__m_3908502_ne_16_060_20200611,POINT (-85.779087 39.968523),train
NA5120_E1810N0704__m_3908502_ne_16_060_20220621,POINT (-85.779087 39.968523),train
NA5120_E1810N0705__m_4008558_se_16_060_20200611,POINT (-85.770574 40.013976),test
NA5120_E1810N0706__m_4008558_ne_16_060_20200611,POINT (-85.762045 40.059428),test
NA5120_E1810N0706__m_4008558_ne_16_060_20220621,POINT (-85.762045 40.059428),test
NA5120_E1810N0707__m_4008558_ne_16_060_20200611,POINT (-85.753499 40.104878),train
NA5120_E1810N0728__m_4108560_nw_16_060_20200606,POINT (-85.570198 41.058964),train
NA5120_E1810N0741__m_4108521_sw_16_060_20200606,POINT (-85.452931 41.649233),val
NA5120_E1810N0744__m_4108513_se_16_060_20200606,POINT (-85.425443 41.785409),train
NA5120_E1810N0744__m_4108513_sw_16_060_20200701,POINT (-85.425443 41.785409),train
NA5120_E1811N0500__m_3008723_se_16_060_20220113,POINT (-87.175583 30.662086),train
NA5120_E1811N0556__m_3308650_nw_16_030_20211124,POINT (-86.82691 33.219951),train
NA5120_E1811N0556__m_3308650_nw_16_060_20190917,POINT (-86.82691 33.219951),train
NA5120_E1811N0563__m_3308626_se_16_030_20211124,POINT (-86.780914 33.539438),test
NA5120_E1811N0594__m_3408604_nw_16_060_20211202,POINT (-86.570304 34.953611),test
NA5120_E1811N0597__m_3508660_ne_16_060_20211202,POINT (-86.549304 35.090405),test
NA5120_E1811N0606__m_3508629_sw_16_060_20211202,POINT (-86.485627 35.500718),train
NA5120_E1811N0608__m_3508629_nw_16_060_20211202,POINT (-86.471337 35.591884),train
NA5120_E1811N0695__m_3908526_se_16_060_20220621,POINT (-85.796506 39.552419),train
NA5120_E1811N0714__m_4008535_se_16_060_20200611,POINT (-85.633972 40.415901),train
NA5120_E1811N0730__m_4108552_se_16_060_20200606,POINT (-85.492427 41.142602),test
NA5120_E1811N0734__m_4108545_nw_16_060_20200606,POINT (-85.456349 41.324212),train
NA5120_E1812N0539__m_3208633_ne_16_030_20211026,POINT (-86.883339 32.437715),test
NA5120_E1812N0539__m_3208633_ne_16_060_20190917,POINT (-86.883339 32.437715),test
NA5120_E1812N0667__m_3808541_sw_16_060_20200612,POINT (-85.968269 38.272108),train
NA5120_E1812N0669__m_3808541_nw_16_060_20200612,POINT (-85.952221 38.363097),train
NA5120_E1812N0692__m_3908534_se_16_060_20220621,POINT (-85.763297 39.409055),train
NA5120_E1812N0730__m_4108553_se_16_060_20200606,POINT (-85.432517 41.135376),train
NA5120_E1812N0739__m_4108530_sw_16_060_20200606,POINT (-85.350558 41.543899),train
NA5120_E1812N0756__m_4208547_nw_16_060_20200706,POINT (-85.191743 42.31518),train
NA5120_E1813N0494__m_3008740_sw_16_060_20220113,POINT (-87.107721 30.376026),val
NA5120_E1813N0555__m_3308651_sw_16_030_20211124,POINT (-86.726492 33.161902),train
NA5120_E1813N0597__m_3508661_nw_16_060_20211202,POINT (-86.439619 35.077554),train
NA5120_E1813N0634__m_3608615_se_16_060_20200531,POINT (-86.168548 36.763311),train
NA5120_E1813N0716__m_4008528_se_16_060_20200606,POINT (-85.497894 40.492464),train
NA5120_E1813N0720__m_4008521_sw_16_060_20200606,POINT (-85.462447 40.674111),train
NA5120_E1814N0665__m_3808549_se_16_060_20220620,POINT (-85.869718 38.167403),train
NA5120_E1814N0724__m_4008513_ne_16_060_20200606,POINT (-85.367099 40.848477),train
NA5120_E1814N0726__m_4008506_nw_16_060_20200606,POINT (-85.34905 40.939264),train
NA5120_E1814N0732__m_4108554_ne_16_060_20200606,POINT (-85.294481 41.211584),train
NA5120_E1814N0733__m_4108546_se_16_060_20200606,POINT (-85.285324 41.256965),train
NA5120_E1814N0735__m_4108546_ne_16_060_20200606,POINT (-85.266957 41.347722),val
NA5120_E1815N0500__m_3008617_sw_16_060_20220123,POINT (-86.968352 30.638248),train
NA5120_E1815N0556__m_3308652_nw_16_030_20211026,POINT (-86.612933 33.195),train
NA5120_E1815N0724__m_4008514_ne_16_060_20200606,POINT (-85.307487 40.841186),train
NA5120_E1816N0533__m_3208651_sw_16_030_20211112,POINT (-86.71028 32.139137),train
NA5120_E1816N0548__m_3208612_nw_16_030_20211026,POINT (-86.6126 32.823696),val
NA5120_E1816N0548__m_3208612_nw_16_060_20190917,POINT (-86.6126 32.823696),val
NA5120_E1816N0732__m_4108555_ne_16_060_20200606,POINT (-85.174591 41.196856),train
NA5120_E1817N0663__m_3808559_nw_16_060_20200531,POINT (-85.714305 38.055651),train
NA5120_E1817N0667__m_3808551_ne_16_060_20200531,POINT (-85.68163 38.237523),train
NA5120_E1817N0725__m_4008507_se_16_060_20200606,POINT (-85.179162 40.871872),train
NA5120_E1817N0727__m_4008507_ne_16_060_20200606,POINT (-85.160824 40.962614),train
NA5120_E1817N0730__m_4108563_ne_16_060_20200606,POINT (-85.133184 41.098714),test
NA5120_E1817N0731__m_4108555_se_16_060_20200606,POINT (-85.123935 41.144078),train
NA5120_E1817N0736__m_4108540_sw_16_060_20200606,POINT (-85.077418 41.370868),train
NA5120_E1817N0737__m_4108540_sw_16_060_20200606,POINT (-85.06806 41.416221),test
NA5120_E1817N0742__m_4108524_se_16_060_20220621,POINT (-85.020996 41.64296),train
NA5120_E1817N0802__m_4408445_ne_16_060_20220909,POINT (-84.418207 44.360237),train
NA5120_E1818N0603__m_3508647_ne_16_060_20211130,POINT (-86.121817 35.318192),train
NA5120_E1818N0607__m_3508632_sw_16_060_20211130,POINT (-86.092381 35.500378),train
NA5120_E1818N0665__m_3808551_se_16_060_20200531,POINT (-85.640782 38.139585),train
NA5120_E1819N0630__m_3608526_sw_16_060_20211110,POINT (-85.863049 36.540704),test
NA5120_E1819N0730__m_4108564_ne_16_060_20200606,POINT (-85.013551 41.083802),test
NA5120_E1819N0740__m_4108425_se_16_060_20220621,POINT (-84.919386 41.537215),train
NA5120_E1819N0779__m_4308444_se_16_060_20200702,POINT (-84.533909 43.303785),test
NA5120_E1820N0577__m_3408655_sw_16_030_20211202,POINT (-86.199917 34.120406),train
NA5120_E1820N0733__m_4108449_ne_16_060_20200612,POINT (-84.925571 41.212314),train
NA5120_E1820N0733__m_4108449_ne_16_060_20220621,POINT (-84.925571 41.212314),train
NA5120_E1821N0578__m_3408655_se_16_030_20211202,POINT (-86.138713 34.15939),val
NA5120_E1821N0687__m_3908554_se_16_060_20220619,POINT (-85.282366 39.117732),train
NA5120_E1821N0702__m_3908515_se_16_060_20220619,POINT (-85.15048 39.798671),train
NA5120_E1821N0716__m_4008540_se_16_060_20200612,POINT (-85.02395 40.433878),test
NA5120_E1821N0721__m_4008417_sw_16_060_20200606,POINT (-84.977933 40.660657),train
NA5120_E1821N0725__m_4008409_nw_16_060_20200606,POINT (-84.940799 40.842049),train
NA5120_E1822N0618__m_3508502_ne_16_060_20211110,POINT (-85.788414 35.974078),train
NA5120_E1822N0659__m_3708513_nw_16_060_20220618,POINT (-85.461908 37.838587),train
NA5120_E1822N0708__m_4008564_ne_16_060_20200612,POINT (-85.037814 40.063518),train
NA5120_E1822N0708__m_4008564_ne_16_060_20220619,POINT (-85.037814 40.063518),train
NA5120_E1822N0711__m_4008556_ne_16_060_20200608,POINT (-85.010553 40.199611),train
NA5120_E1822N0711__m_4008556_ne_16_060_20220619,POINT (-85.010553 40.199611),train
NA5120_E1823N0541__m_3208638_ne_16_030_20211101,POINT (-86.287699 32.459768),train
NA5120_E1823N0590__m_3408517_nw_16_030_20211023,POINT (-85.943429 34.692672),train
NA5120_E1823N0623__m_3608551_nw_16_060_20211110,POINT (-85.694255 36.194678),train
NA5120_E1823N0627__m_3608535_se_16_060_20211110,POINT (-85.663039 36.376635),train
NA5120_E1823N0632__m_3608527_ne_16_060_20211110,POINT (-85.623701 36.60405),train
NA5120_E1823N0665__m_3808562_nw_16_060_20220618,POINT (-85.354883 38.10406),train
NA5120_E1824N0612__m_3508519_nw_16_060_20211107,POINT (-85.723713 35.6873),train
NA5120_E1824N0661__m_3708506_sw_16_060_20220618,POINT (-85.331348 37.91515),train
NA5120_E1824N0687__m_3908564_nw_16_060_20220619,POINT (-85.108364 39.095784),train
NA5120_E1824N0690__m_3908556_nw_16_060_20220619,POINT (-85.081931 39.23194),train
NA5120_E1824N0697__m_3908532_se_16_060_20220619,POINT (-85.019671 39.549582),train
NA5120_E1824N0703__m_3908409_nw_16_060_20200608,POINT (-84.965645 39.82178),train
NA5120_E1824N0703__m_3908409_nw_16_060_20220619,POINT (-84.965645 39.82178),train
NA5120_E1824N0708__m_4008457_se_16_060_20200612,POINT (-84.920151 40.048565),train
NA5120_E1824N0708__m_4008457_se_16_060_20220619,POINT (-84.920151 40.048565),train
NA5120_E1824N0724__m_4008410_se_16_060_20200612,POINT (-84.771613 40.773988),train
NA5120_E1824N0724__m_4008410_se_16_060_20210613,POINT (-84.771613 40.773988),train
NA5120_E1824N0724__m_4008410_se_16_060_20220618,POINT (-84.771613 40.773988),train
NA5120_E1824N0750__m_4108404_ne_16_060_20220816,POINT (-84.520224 41.95182),train
NA5120_E1824N0776__m_4308454_se_16_060_20200702,POINT (-84.255648 43.128376),val
NA5120_E1825N0601__m_3508550_ne_16_060_20211107,POINT (-85.75228 35.179852),val
NA5120_E1825N0632__m_3608528_ne_16_060_20211110,POINT (-85.511842 36.590024),train
NA5120_E1825N0668__m_3808555_nw_16_060_20220618,POINT (-85.215126 38.225861),test
NA5120_E1825N0711__m_4008450_sw_16_060_20220619,POINT (-84.833713 40.177067),train
NA5120_E1825N0716__m_4008434_se_16_060_20210703,POINT (-84.787314 40.403748),train
NA5120_E1825N0716__m_4008434_se_16_060_20220619,POINT (-84.787314 40.403748),train
NA5120_E1826N0619__m_3508504_nw_16_060_20211110,POINT (-85.558844 35.991846),train
NA5120_E1826N0654__m_3708530_ne_16_060_20200531,POINT (-85.276139 37.582738),train
NA5120_E1826N0654__m_3708530_ne_16_060_20220618,POINT (-85.276139 37.582738),train
NA5120_E1826N0704__m_3908410_nw_16_060_20191012,POINT (-84.839296 39.852105),train
NA5120_E1826N0737__m_4108444_ne_16_060_20191009,POINT (-84.527487 41.34755),test
NA5120_E1827N0656__m_3708523_sw_16_060_20200531,POINT (-85.202662 37.666343),train
NA5120_E1827N0656__m_3708523_sw_16_060_20220618,POINT (-85.202662 37.666343),train
NA5120_E1827N0668__m_3808556_nw_16_060_20220618,POINT (-85.100676 38.211245),train
NA5120_E1827N0748__m_4108414_nw_16_060_20220901,POINT (-84.358583 41.8377),train
NA5120_E1827N0773__m_4208408_nw_16_060_20200702,POINT (-84.102102 42.968546),val
NA5120_E1827N0784__m_4308333_nw_17_060_20220811,POINT (-83.985139 43.465719),train
NA5120_E1828N0563__m_3308533_ne_16_030_20211124,POINT (-85.868751 33.429385),test
NA5120_E1828N0618__m_3508505_nw_16_060_20211110,POINT (-85.455851 35.932318),test
NA5120_E1828N0627__m_3608545_ne_16_060_20211110,POINT (-85.384359 36.341481),train
NA5120_E1828N0656__m_3708523_se_16_060_20220618,POINT (-85.145904 37.659064),train
NA5120_E1828N0755__m_4208455_sw_16_060_20220901,POINT (-84.227289 42.146481),train
NA5120_E1828N0766__m_4208424_sw_16_060_20220816,POINT (-84.11396 42.643969),test
NA5120_E1828N0783__m_4308333_se_17_060_20200702,POINT (-83.933861 43.412331),val
NA5120_E1828N0783__m_4308333_sw_17_060_20220811,POINT (-83.933861 43.412331),val
NA5120_E1828N0784__m_4308333_ne_17_060_20200702,POINT (-83.923074 43.45751),train
NA5120_E1829N0691__m_3908450_ne_16_060_20191012,POINT (-84.782564 39.239927),train
NA5120_E1829N0710__m_4008460_nw_16_060_20191012,POINT (-84.607512 40.10121),train
NA5120_E1829N0772__m_4208301_sw_17_060_20200702,POINT (-83.989597 42.907074),train
NA5120_E1829N0772__m_4208301_sw_17_060_20220816,POINT (-83.989597 42.907074),train
NA5120_E1829N0774__m_4208301_nw_17_060_20200702,POINT (-83.968383 42.99746),train
NA5120_E1829N0782__m_4308341_ne_17_060_20200702,POINT (-83.882671 43.35892),val
NA5120_E1829N0788__m_4308318_sw_17_060_20200702,POINT (-83.817476 43.629927),train
NA5120_E1830N0544__m_3208525_se_16_060_20191001,POINT (-85.896447 32.550474),val
NA5120_E1830N0700__m_3908419_se_16_060_20191012,POINT (-84.642009 39.640338),train
NA5120_E1830N0702__m_3908419_ne_16_060_20191012,POINT (-84.623487 39.730984),train
NA5120_E1830N0787__m_4308326_ne_17_060_20200702,POINT (-83.766228 43.576457),train
NA5120_E1831N0623__m_3608554_se_16_060_20211110,POINT (-85.249623 36.13824),train
NA5120_E1831N0693__m_3908443_ne_16_060_20191012,POINT (-84.64816 39.315394),val
NA5120_E1831N0774__m_4208302_nw_17_060_20200702,POINT (-83.84526 42.981021),train
NA5120_E1832N0689__m_3908451_se_16_060_20191012,POINT (-84.626711 39.126426),train
NA5120_E1832N0690__m_3908451_se_16_060_20191012,POINT (-84.61757 39.171755),train
NA5120_E1832N0771__m_4208310_nw_17_060_20200702,POINT (-83.815922 42.837237),train
NA5120_E1833N0519__m_3108533_se_16_060_20191101,POINT (-85.910661 31.391318),train
NA5120_E1833N0687__m_3908460_sw_16_060_20200601,POINT (-84.587073 39.028109),train
NA5120_E1833N0711__m_4008462_nw_16_060_20190829,POINT (-84.362761 40.115427),test
NA5120_E1833N0777__m_4308359_nw_17_060_20200702,POINT (-83.689679 43.099901),train
NA5120_E1834N0507__m_3008509_nw_16_060_20220113,POINT (-85.93932 30.837749),train
NA5120_E1834N0659__m_3708410_se_16_060_20220618,POINT (-84.779551 37.750805),train
NA5120_E1835N0693__m_3908445_se_16_060_20191013,POINT (-84.415782 39.284539),train
NA5120_E1835N0695__m_3908437_se_16_060_20191013,POINT (-84.39711 39.375138),train
NA5120_E1835N0697__m_3908437_ne_16_060_20191013,POINT (-84.378368 39.46573),train
NA5120_E1835N0712__m_4008455_sw_16_060_20191012,POINT (-84.235517 40.144939),train
NA5120_E1835N0715__m_4008447_sw_16_060_20191012,POINT (-84.206455 40.280731),test
NA5120_E1835N0749__m_4108309_ne_17_060_20200701,POINT (-83.865093 41.81849),train
NA5120_E1836N0691__m_3908453_ne_16_060_20191013,POINT (-84.376402 39.186148),train
NA5120_E1836N0692__m_3908453_ne_16_060_20191013,POINT (-84.367071 39.231445),train
NA5120_E1836N0693__m_3908446_sw_16_060_20191013,POINT (-84.357722 39.27674),val
NA5120_E1836N0702__m_3908422_ne_16_060_20191012,POINT (-84.272786 39.684316),train
NA5120_E1836N0703__m_3908422_ne_16_060_20191012,POINT (-84.26326 39.729593),val
NA5120_E1836N0705__m_3908414_ne_16_060_20191012,POINT (-84.244152 39.820141),train
NA5120_E1836N0708__m_3908407_nw_16_060_20191012,POINT (-84.215355 39.95595),train
NA5120_E1836N0710__m_4008463_sw_16_060_20191012,POINT (-84.196065 40.04648),train
NA5120_E1836N0715__m_4008447_se_16_060_20191012,POINT (-84.147518 40.272772),train
NA5120_E1837N0695__m_3908446_ne_16_060_20191012,POINT (-84.280848 39.359478),train
NA5120_E1837N0700__m_3908431_nw_16_060_20191012,POINT (-84.233465 39.585873),train
NA5120_E1837N0708__m_3908407_ne_16_060_20191012,POINT (-84.156715 39.948009),train
NA5120_E1838N0693__m_3908446_se_16_060_20191012,POINT (-84.241644 39.261041),train
NA5120_E1838N0695__m_3908447_nw_16_060_20191012,POINT (-84.222738 39.351597),train
NA5120_E1838N0702__m_3908423_se_16_060_20191012,POINT (-84.156 39.668486),train
NA5120_E1838N0704__m_3908415_se_16_060_20191012,POINT (-84.13677 39.759009),train
NA5120_E1838N0706__m_3908415_ne_16_060_20191012,POINT (-84.117467 39.849525),train
NA5120_E1838N0729__m_4008301_se_17_060_20210929,POINT (-83.890112 40.889902),train
NA5120_E1838N0747__m_4108319_nw_17_060_20200701,POINT (-83.705026 41.703381),val
NA5120_E1838N0753__m_4108303_ne_17_060_20200701,POINT (-83.641876 41.974393),train
NA5120_E1838N0794__m_4308315_nw_17_060_20200702,POINT (-83.189675 43.82423),train
NA5120_E1838N0795__m_4308307_se_17_060_20200702,POINT (-83.178175 43.869301),test
NA5120_E1839N0507__m_3008511_nw_16_060_20220113,POINT (-85.680232 30.80434),train
NA5120_E1839N0519__m_3108544_nw_16_060_20191101,POINT (-85.59765 31.350927),train
NA5120_E1839N0693__m_3908447_se_16_060_20191012,POINT (-84.183626 39.25314),train
NA5120_E1839N0707__m_3908408_se_16_060_20191012,POINT (-84.049218 39.886777),val
NA5120_E1839N0743__m_4108327_sw_17_060_20210726,POINT (-83.686663 41.514387),train
NA5120_E1839N0780__m_4308354_ne_17_060_20220827,POINT (-83.28658 43.184417),train
NA5120_E1840N0688__m_3908463_se_16_060_20191012,POINT (-84.172968 39.018855),train
NA5120_E1840N0689__m_3908463_ne_16_060_20191012,POINT (-84.163534 39.064129),train
NA5120_E1840N0699__m_3908432_sw_16_060_20191012,POINT (-84.068219 39.516765),train
NA5120_E1840N0702__m_3908424_se_16_060_20191012,POINT (-84.039272 39.65252),val
NA5120_E1840N0722__m_4008326_sw_17_060_20191013,POINT (-83.84203 40.557109),train
NA5120_E1840N0785__m_4308339_se_17_060_20220827,POINT (-83.16833 43.401207),train
NA5120_E1841N0515__m_3108552_se_16_060_20191101,POINT (-85.521329 31.155096),val
NA5120_E1841N0664__m_3708406_sw_16_060_20220623,POINT (-84.337297 37.92398),train
NA5120_E1841N0665__m_3708406_nw_16_060_20220623,POINT (-84.328237 37.96929),val
NA5120_E1841N0670__m_3808454_ne_16_060_20220623,POINT (-84.282688 38.195812),train
NA5120_E1841N0707__m_3908309_ne_17_060_20191013,POINT (-83.932121 39.870668),train
NA5120_E1841N0761__m_4208345_ne_17_060_20200705,POINT (-83.374059 42.31025),train
NA5120_E1841N0794__m_4308316_se_17_060_20200702,POINT (-83.002742 43.79802),val
NA5120_E1841N0794__m_4308316_se_17_060_20220827,POINT (-83.002742 43.79802),val
NA5120_E1842N0553__m_3208507_sw_16_060_20191003,POINT (-85.194871 32.877397),train
NA5120_E1842N0657__m_3708430_nw_16_060_20220623,POINT (-84.34363 37.599015),train
NA5120_E1842N0661__m_3708414_se_16_060_20220623,POINT (-84.30761 37.780265),train
NA5120_E1842N0703__m_3908317_ne_17_060_20191013,POINT (-83.912838 39.68165),val
NA5120_E1842N0721__m_4008327_sw_17_060_20191013,POINT (-83.733876 40.495509),train
NA5120_E1842N0746__m_4108321_sw_17_060_20210902,POINT (-83.474847 41.624786),train
NA5120_E1842N0784__m_4308348_ne_17_060_20200702,POINT (-83.05605 43.33872),train
NA5120_E1842N0784__m_4308348_nw_17_060_20220827,POINT (-83.05605 43.33872),train
NA5120_E1842N0792__m_4308217_nw_17_060_20200702,POINT (-82.963772 43.69913),train
NA5120_E1842N0792__m_4308217_nw_17_060_20220827,POINT (-82.963772 43.69913),train
NA5120_E1842N0793__m_4308209_sw_17_060_20200702,POINT (-82.952133 43.744171),train
NA5120_E1843N0697__m_3908333_se_17_060_20191013,POINT (-83.913032 39.402159),train
NA5120_E1843N0702__m_3908317_se_17_060_20191013,POINT (-83.864289 39.628315),train
NA5120_E1843N0777__m_4308364_sw_17_060_20220827,POINT (-83.074112 43.014538),train
NA5120_E1844N0496__m_3008544_se_16_060_20220129,POINT (-85.497163 30.269301),val
NA5120_E1844N0508__m_3008513_ne_16_060_20220129,POINT (-85.414401 30.815729),train
NA5120_E1844N0520__m_3108546_nw_16_060_20191101,POINT (-85.329949 31.361971),train
NA5120_E1844N0775__m_4208308_se_17_060_20200702,POINT (-83.035355 42.915677),train
NA5120_E1844N0781__m_4308249_nw_17_060_20200702,POINT (-82.966979 43.186022),train
NA5120_E1844N0796__m_4308210_ne_17_060_20200702,POINT (-82.792397 43.861512),train
NA5120_E1845N0498__m_3008545_ne_16_060_20220129,POINT (-85.431991 30.353519),train
NA5120_E1845N0557__m_3308564_se_16_060_20190911,POINT (-85.005214 33.037786),train
NA5120_E1845N0557__m_3308564_se_16_060_20211115,POINT (-85.005214 33.037786),train
NA5120_E1845N0703__m_3908319_sw_17_060_20191013,POINT (-83.737825 39.657218),test
NA5120_E1845N0704__m_3908319_nw_17_060_20191013,POINT (-83.727924 39.702426),train
NA5120_E1845N0777__m_4308257_sw_17_060_20220901,POINT (-82.951215 42.997028),test
NA5120_E1845N0792__m_4308218_se_17_060_20200702,POINT (-82.777347 43.67253),train
NA5120_E1846N0492__m_3008561_ne_16_060_20220129,POINT (-85.421739 30.073421),train
NA5120_E1846N0620__m_3508405_sw_16_060_20210404,POINT (-84.443563 35.890848),train
NA5120_E1846N0707__m_3908311_ne_17_060_20210926,POINT (-83.639642 39.829797),train
NA5120_E1846N0712__m_4008360_nw_17_060_20191013,POINT (-83.589371 40.055742),val
NA5120_E1846N0792__m_4308219_sw_17_060_20200702,POINT (-82.715243 43.66359),train
NA5120_E1847N0493__m_3008562_nw_16_060_20220129,POINT (-85.363559 30.112062),val
NA5120_E1847N0544__m_3208433_nw_16_030_20211109,POINT (-84.997335 32.432409),train
NA5120_E1847N0700__m_3908327_se_17_060_20210926,POINT (-83.651052 39.505168),train
NA5120_E1847N0768__m_4208225_ne_17_060_20220831,POINT (-82.931043 42.573973),train
NA5120_E1847N0768__m_4208225_nw_17_060_20220811,POINT (-82.931043 42.573973),train
NA5120_E1848N0489__m_2908506_sw_16_060_20191118,POINT (-85.339757 29.923025),train
NA5120_E1848N0547__m_3208425_ne_16_060_20190912,POINT (-84.921896 32.561556),train
NA5120_E1848N0766__m_4208233_ne_17_060_20220831,POINT (-82.892711 42.475071),train
NA5120_E1848N0767__m_4208225_se_17_060_20220831,POINT (-82.881396 42.520121),val
NA5120_E1849N0487__m_2908514_ne_16_060_20191118,POINT (-85.302297 29.82504),train
NA5120_E1849N0487__m_2908514_nw_16_060_20220129,POINT (-85.302297 29.82504),train
NA5120_E1849N0617__m_3508422_ne_16_060_20210404,POINT (-84.303668 35.731774),train
NA5120_E1849N0619__m_3508414_ne_16_060_20210404,POINT (-84.28647 35.822444),train
NA5120_E1849N0630__m_3608447_nw_16_060_20210403,POINT (-84.19077 36.32101),train
NA5120_E1849N0636__m_3608431_ne_16_060_20210403,POINT (-84.137768 36.592868),val
NA5120_E1849N0709__m_3908305_sw_17_060_20191013,POINT (-83.444045 39.895203),test
NA5120_E1849N0709__m_3908305_sw_17_060_20210926,POINT (-83.444045 39.895203),test
NA5120_E1849N0780__m_4308259_ne_17_060_20200702,POINT (-82.670747 43.096612),test
NA5120_E1850N0516__m_3108556_se_16_060_20220107,POINT (-85.046395 31.137681),train
NA5120_E1850N0601__m_3508461_se_16_060_20210404,POINT (-84.384499 34.998545),test
NA5120_E1850N0619__m_3508415_nw_16_060_20210404,POINT (-84.23129 35.814697),test
NA5120_E1850N0622__m_3508407_nw_16_060_20210403,POINT (-84.205274 35.95067),train
NA5120_E1850N0631__m_3608447_ne_16_060_20210403,POINT (-84.126384 36.358496),train
NA5120_E1850N0771__m_4208219_nw_17_060_20220831,POINT (-82.713735 42.682529),test
NA5120_E1851N0508__m_3008516_se_16_060_20191120,POINT (-85.052156 30.766673),val
NA5120_E1851N0568__m_3308428_sw_16_060_20211115,POINT (-84.599567 33.49346),train
NA5120_E1851N0626__m_3608456_sw_16_060_20210403,POINT (-84.114962 36.124117),train
NA5120_E1851N0685__m_3808312_sw_17_060_20191013,POINT (-83.567454 38.794163),train
NA5120_E1851N0701__m_3908329_se_17_060_20191013,POINT (-83.40842 39.517104),train
NA5120_E1851N0701__m_3908329_se_17_060_20210926,POINT (-83.40842 39.517104),train
NA5120_E1851N0714__m_4008362_ne_17_060_20191013,POINT (-83.275634 40.104111),train
NA5120_E1851N0714__m_4008362_ne_17_060_20210926,POINT (-83.275634 40.104111),train
NA5120_E1851N0722__m_4008339_nw_17_060_20191013,POINT (-83.192278 40.465171),train
NA5120_E1852N0484__m_2908523_se_16_060_20191118,POINT (-85.169672 29.667565),train
NA5120_E1852N0501__m_3008540_ne_16_060_20191120,POINT (-85.050505 30.441133),train
NA5120_E1852N0515__m_3108457_nw_16_060_20220107,POINT (-84.949788 31.077897),test
NA5120_E1852N0522__m_3108433_se_16_060_20220107,POINT (-84.898532 31.396178),train
NA5120_E1852N0616__m_3508423_se_16_060_20210404,POINT (-84.147045 35.66316),train
NA5120_E1852N0626__m_3608456_sw_16_060_20210403,POINT (-84.059567 36.116259),train
NA5120_E1852N0636__m_3608325_nw_17_060_20210403,POINT (-83.970507 36.569185),val
NA5120_E1852N0740__m_4108241_sw_17_060_20210916,POINT (-82.94028 41.268342),val
NA5120_E1853N0633__m_3608333_sw_17_060_20210403,POINT (-83.941769 36.425388),test
NA5120_E1853N0634__m_3608333_ne_17_060_20210403,POINT (-83.932789 36.470669),train
NA5120_E1853N0635__m_3608325_se_17_060_20210403,POINT (-83.923792 36.515949),test
NA5120_E1853N0706__m_3908322_ne_17_060_20191013,POINT (-83.241079 39.726004),test
NA5120_E1853N0706__m_3908322_ne_17_060_20210926,POINT (-83.241079 39.726004),test
NA5120_E1853N0715__m_4008355_se_17_060_20191013,POINT (-83.147916 40.132197),train
NA5120_E1853N0778__m_4208205_nw_17_060_20200702,POINT (-82.448583 42.970518),train
NA5120_E1853N0778__m_4208205_nw_17_060_20220827,POINT (-82.448583 42.970518),train
NA5120_E1854N0511__m_3008401_se_16_060_20220107,POINT (-84.875238 30.881622),train
NA5120_E1854N0626__m_3608357_nw_17_060_20210403,POINT (-83.948814 36.100448),train
NA5120_E1854N0628__m_3608349_ne_17_060_20210403,POINT (-83.930992 36.19102),train
NA5120_E1854N0636__m_3608326_sw_17_060_20210403,POINT (-83.859063 36.553236),train
NA5120_E1854N0711__m_3908307_ne_17_060_20191013,POINT (-83.131016 39.943141),train
NA5120_E1854N0711__m_3908307_ne_17_060_20210926,POINT (-83.131016 39.943141),train
NA5120_E1854N0714__m_4008364_nw_17_060_20191013,POINT (-83.099725 40.078502),test
NA5120_E1854N0716__m_4008356_sw_17_060_20191013,POINT (-83.078766 40.168732),train
NA5120_E1854N0716__m_4008356_sw_17_060_20210930,POINT (-83.078766 40.168732),train
NA5120_E1854N0719__m_4008348_ne_17_060_20210930,POINT (-83.047176 40.304061),val
NA5120_E1855N0571__m_3308430_nw_16_060_20190910,POINT (-84.361393 33.599479),train
NA5120_E1855N0572__m_3308422_sw_16_060_20190910,POINT (-84.353282 33.644851),train
NA5120_E1855N0574__m_3308422_nw_16_060_20190910,POINT (-84.337016 33.73559),train
NA5120_E1855N0576__m_3308414_nw_16_060_20190910,POINT (-84.320694 33.826323),train
NA5120_E1855N0578__m_3308406_se_16_060_20190910,POINT (-84.304315 33.917049),train
NA5120_E1855N0578__m_3308406_se_16_060_20220110,POINT (-84.304315 33.917049),train
NA5120_E1855N0618__m_3508317_nw_17_060_20210404,POINT (-83.96438 35.730193),train
NA5120_E1855N0637__m_3608326_ne_17_060_20210403,POINT (-83.794261 36.590475),train
NA5120_E1855N0699__m_3908339_sw_17_060_20210926,POINT (-83.196405 39.39302),train
NA5120_E1855N0710__m_3908308_sw_17_060_20191013,POINT (-83.082961 39.889443),test
NA5120_E1855N0712__m_3908308_nw_17_060_20191013,POINT (-83.06208 39.979675),train
NA5120_E1855N0715__m_4008364_ne_17_060_20191013,POINT (-83.030611 40.115005),train
NA5120_E1855N0717__m_4008356_ne_17_060_20191013,POINT (-83.009532 40.205215),train
NA5120_E1856N0579__m_3308406_ne_16_060_20220110,POINT (-84.242305 33.954737),train
NA5120_E1856N0582__m_3408463_nw_16_060_20190910,POINT (-84.217492 34.09079),train
NA5120_E1856N0594__m_3408423_se_16_060_20220111,POINT (-84.116926 34.634856),test
NA5120_E1856N0628__m_3608350_sw_17_060_20210403,POINT (-83.820152 36.175054),test
NA5120_E1856N0703__m_3908332_nw_17_060_20191013,POINT (-83.097268 39.565015),train
NA5120_E1856N0707__m_3908316_se_17_060_20210926,POINT (-83.055821 39.745497),train
NA5120_E1856N0710__m_3908308_se_17_060_20191013,POINT (-83.02453 39.880836),train
NA5120_E1856N0711__m_3908308_se_17_060_20191013,POINT (-83.01406 39.925945),train
NA5120_E1856N0711__m_3908308_se_17_060_20210926,POINT (-83.01406 39.925945),train
NA5120_E1856N0712__m_3908308_ne_17_060_20191013,POINT (-83.003571 39.971052),train
NA5120_E1856N0719__m_4008241_se_17_060_20210930,POINT (-82.929584 40.286738),train
NA5120_E1856N0729__m_4008218_nw_17_060_20210930,POINT (-82.822164 40.737531),train
NA5120_E1856N0740__m_4108251_nw_17_060_20210916,POINT (-82.701599 41.233146),train
NA5120_E1857N0526__m_3108428_sw_16_060_20211023,POINT (-84.607963 31.54144),train
NA5120_E1857N0576__m_3308415_nw_16_060_20211114,POINT (-84.213297 33.810986),train
NA5120_E1857N0579__m_3308407_nw_16_060_20220110,POINT (-84.188518 33.947034),train
NA5120_E1857N0585__m_3408455_ne_16_060_20220111,POINT (-84.138569 34.219087),train
NA5120_E1857N0629__m_3608350_ne_17_060_20210403,POINT (-83.755713 36.212285),train
NA5120_E1857N0715__m_4008257_ne_17_060_20210926,POINT (-82.91337 40.097678),train
NA5120_E1857N0716__m_4008249_se_17_060_20210930,POINT (-82.902761 40.142768),test
NA5120_E1857N0718__m_4008249_ne_17_060_20210930,POINT (-82.881482 40.232941),train
NA5120_E1857N0729__m_4008218_ne_17_060_20210930,POINT (-82.762988 40.728736),test
NA5120_E1857N0730__m_4008210_se_17_060_20210930,POINT (-82.752092 40.773795),val
NA5120_E1857N0741__m_4108243_se_17_060_20210916,POINT (-82.630842 41.269293),train
NA5120_E1858N0512__m_3008403_se_16_060_20220107,POINT (-84.660805 30.897976),train
NA5120_E1858N0556__m_3208406_sw_16_060_20191017,POINT (-84.322176 32.896042),train
NA5120_E1858N0575__m_3308415_se_16_060_20190910,POINT (-84.167877 33.757925),train
NA5120_E1858N0577__m_3308415_ne_16_060_20190910,POINT (-84.151338 33.848616),train
NA5120_E1858N0578__m_3308407_se_16_060_20220111,POINT (-84.143046 33.893959),train
NA5120_E1858N0628__m_3608351_sw_17_060_20210403,POINT (-83.709363 36.15896),train
NA5120_E1858N0629__m_3608351_nw_17_060_20210403,POINT (-83.700291 36.204216),train
NA5120_E1858N0698__m_3908348_ne_17_060_20191013,POINT (-83.032761 39.322239),train
NA5120_E1859N0502__m_3008435_ne_16_060_20220129,POINT (-84.682835 30.436183),train
NA5120_E1859N0506__m_3008419_se_16_060_20220129,POINT (-84.653467 30.617977),train
NA5120_E1859N0578__m_3308408_sw_16_060_20220111,POINT (-84.089312 33.886201),train
NA5120_E1859N0580__m_3308408_nw_16_060_20220111,POINT (-84.072624 33.97687),test
NA5120_E1859N0589__m_3408440_se_16_060_20220111,POINT (-83.996799 34.384795),train
NA5120_E1859N0736__m_4108260_sw_17_060_20210930,POINT (-82.567401 41.026291),train
NA5120_E1860N0578__m_3308408_se_16_060_20220111,POINT (-84.03559 33.878413),train
NA5120_E1860N0604__m_3508358_nw_17_060_20200908,POINT (-83.81318 35.056406),val
NA5120_E1860N0604__m_3508358_nw_17_060_20221005,POINT (-83.81318 35.056406),val
NA5120_E1860N0626__m_3608359_se_17_060_20210403,POINT (-83.616856 36.052251),train
NA5120_E1860N0694__m_3908249_sw_17_060_20211130,POINT (-82.95831 39.124545),train
NA5120_E1860N0720__m_4008243_sw_17_060_20210930,POINT (-82.683784 40.296735),train
NA5120_E1860N0729__m_4008220_nw_17_060_20210930,POINT (-82.585562 40.702144),train
NA5120_E1860N0731__m_4008212_sw_17_060_20210930,POINT (-82.563505 40.79221),train
NA5120_E1861N0579__m_3308301_sw_17_060_20220111,POINT (-83.973478 33.915916),train
NA5120_E1861N0585__m_3408349_ne_17_060_20191023,POINT (-83.922769 34.187813),train
NA5120_E1861N0687__m_3808209_sw_17_060_20211130,POINT (-82.972496 38.800113),train
NA5120_E1861N0730__m_4008220_ne_17_060_20211105,POINT (-82.515395 40.738237),val
NA5120_E1861N0731__m_4008212_se_17_060_20211105,POINT (-82.504315 40.78326),train
NA5120_E1862N0516__m_3108461_se_16_060_20211116,POINT (-84.423611 31.050063),train
NA5120_E1862N0622__m_3508312_ne_17_060_20210404,POINT (-83.542845 35.85499),train
NA5120_E1862N0627__m_3608360_ne_17_060_20210403,POINT (-83.497129 36.081163),train
NA5120_E1862N0686__m_3808209_se_17_060_20200607,POINT (-82.925279 38.746372),train
NA5120_E1862N0724__m_4008236_ne_17_060_20191012,POINT (-82.522541 40.459122),val
NA5120_E1863N0619__m_3508320_ne_17_060_20210404,POINT (-83.515059 35.711106),val
NA5120_E1863N0723__m_4008237_sw_17_060_20211105,POINT (-82.47468 40.405139),train
NA5120_E1864N0734__m_4008206_se_17_060_20191009,POINT (-82.293116 40.891182),train
NA5120_E1864N0743__m_4108247_sw_17_060_20191009,POINT (-82.190742 41.295993),test
NA5120_E1865N0633__m_3608346_ne_17_060_20210403,POINT (-83.27528 36.327642),val
NA5120_E1865N0716__m_4008261_nw_17_060_20191012,POINT (-82.434126 40.072024),train
NA5120_E1865N0745__m_4108240_sw_17_060_20191009,POINT (-82.108056 41.376716),val
NA5120_E1865N0746__m_4108240_sw_17_060_20191009,POINT (-82.096485 41.421669),val
NA5120_E1866N0628__m_3608362_ne_17_060_20210403,POINT (-83.266717 36.093316),val
NA5120_E1866N0716__m_4008261_ne_17_060_20191012,POINT (-82.375621 40.063028),train
NA5120_E1866N0716__m_4008261_ne_17_060_20210927,POINT (-82.375621 40.063028),train
NA5120_E1866N0745__m_4108240_se_17_060_20191009,POINT (-82.04838 41.367472),train
NA5120_E1866N0746__m_4108240_se_17_060_20191009,POINT (-82.036767 41.412417),val
NA5120_E1866N0747__m_4108240_ne_17_060_20191009,POINT (-82.025133 41.457359),train
NA5120_E1867N0581__m_3308303_ne_17_060_20220110,POINT (-83.634036 33.958882),train
NA5120_E1867N0595__m_3408328_ne_17_060_20220110,POINT (-83.51179 34.592601),train
NA5120_E1867N0680__m_3808235_nw_17_060_20220819,POINT (-82.700568 38.432287),train
NA5120_E1867N0744__m_4108248_ne_17_060_20191009,POINT (-82.000352 41.313256),train
NA5120_E1868N0581__m_3308304_nw_17_060_20220110,POINT (-83.58031 33.95083),train
NA5120_E1868N0585__m_3408352_se_17_060_20220110,POINT (-83.545561 34.1319),train
NA5120_E1868N0692__m_3808204_ne_17_060_20211123,POINT (-82.518058 38.964309),train
NA5120_E1868N0738__m_4108264_se_17_060_20211001,POINT (-82.010316 41.034322),train
NA5120_E1868N0745__m_4108141_ne_17_060_20210605,POINT (-81.92908 41.348881),train
NA5120_E1868N0746__m_4108133_se_17_060_20191009,POINT (-81.917385 41.393808),train
NA5120_E1868N0747__m_4108133_ne_17_060_20191009,POINT (-81.905668 41.438732),val
NA5120_E1869N0496__m_3008463_nw_16_060_20191129,POINT (-84.213891 30.089291),train
NA5120_E1869N0517__m_3108464_se_16_060_20211116,POINT (-84.053178 31.042386),train
NA5120_E1869N0581__m_3308304_ne_17_060_20220110,POINT (-83.526596 33.942747),train
NA5120_E1869N0746__m_4108134_sw_17_060_20191009,POINT (-81.857722 41.384451),val
NA5120_E1870N0704__m_3908238_ne_17_060_20191012,POINT (-82.273855 39.486754),train
NA5120_E1870N0709__m_3908223_nw_17_060_20191012,POINT (-82.21918 39.711773),train
NA5120_E1870N0733__m_4008109_sw_17_060_20191009,POINT (-81.949429 40.791042),train
NA5120_E1870N0737__m_4008101_ne_17_060_20191009,POINT (-81.903261 40.970785),train
NA5120_E1870N0737__m_4008101_ne_17_060_20211001,POINT (-81.903261 40.970785),train
NA5120_E1870N0738__m_4108157_se_17_060_20191009,POINT (-81.891663 41.015714),train
NA5120_E1870N0741__m_4108150_sw_17_060_20191009,POINT (-81.856737 41.150487),train
NA5120_E1870N0743__m_4108150_nw_17_060_20191009,POINT (-81.83334 41.240323),train
NA5120_E1870N0745__m_4108142_nw_17_060_20191009,POINT (-81.809853 41.330149),train
NA5120_E1870N0746__m_4108134_se_17_060_20191009,POINT (-81.798076 41.375059),train
NA5120_E1870N0748__m_4108134_ne_17_060_20191009,POINT (-81.774453 41.46487),train
NA5120_E1871N0513__m_3008309_nw_17_060_20211116,POINT (-83.98087 30.845514),train
NA5120_E1871N0551__m_3208327_ne_17_060_20191102,POINT (-83.675051 32.568181),train
NA5120_E1871N0631__m_3608249_nw_17_060_20210405,POINT (-82.961892 36.186738),val
NA5120_E1871N0695__m_3908262_nw_17_060_20190915,POINT (-82.313376 39.072582),train
NA5120_E1871N0746__m_4108143_nw_17_060_20191012,POINT (-81.738449 41.365632),train
NA5120_E1872N0544__m_3208343_se_17_060_20191102,POINT (-83.680322 32.243094),train
NA5120_E1872N0552__m_3208328_nw_17_060_20220111,POINT (-83.613941 32.605501),train
NA5120_E1872N0711__m_3908216_sw_17_060_20211212,POINT (-82.080728 39.783482),train
NA5120_E1872N0733__m_4008110_sw_17_060_20191009,POINT (-81.831252 40.772383),train
NA5120_E1872N0733__m_4008110_sw_17_060_20211001,POINT (-81.831252 40.772383),train
NA5120_E1872N0737__m_4008102_ne_17_060_20191009,POINT (-81.78476 40.952056),train
NA5120_E1872N0738__m_4108158_se_17_060_20191009,POINT (-81.773081 40.996968),train
NA5120_E1872N0748__m_4108135_ne_17_060_20191012,POINT (-81.655052 41.445946),train
NA5120_E1872N0750__m_4108127_se_17_060_20191012,POINT (-81.631171 41.53571),train
NA5120_E1873N0631__m_3608250_sw_17_060_20210405,POINT (-82.851289 36.169649),train
NA5120_E1873N0707__m_3908232_nw_17_060_20211212,POINT (-82.066944 39.594398),val
NA5120_E1873N0737__m_4008103_nw_17_060_20191012,POINT (-81.725537 40.942639),train
NA5120_E1873N0748__m_4108136_nw_17_060_20191012,POINT (-81.595379 41.436431),train
NA5120_E1874N0586__m_3408355_sw_17_060_20191023,POINT (-83.213784 34.128004),train
NA5120_E1874N0598__m_3408324_sw_17_060_20211018,POINT (-83.10559 34.670527),train
NA5120_E1874N0681__m_3808238_se_17_060_20200715,POINT (-82.290619 38.415218),train
NA5120_E1874N0683__m_3808230_se_17_060_20211018,POINT (-82.269429 38.505272),train
NA5120_E1874N0689__m_3808215_sw_17_060_20211018,POINT (-82.205386 38.77538),train
NA5120_E1874N0690__m_3808215_nw_17_060_20211018,POINT (-82.194643 38.82039),train
NA5120_E1874N0692__m_3808207_se_17_060_20211018,POINT (-82.173097 38.910403),train
NA5120_E1874N0724__m_4008142_nw_17_060_20211001,POINT (-81.817182 40.349335),train
NA5120_E1874N0734__m_4008111_sw_17_060_20191009,POINT (-81.701476 40.798491),train
NA5120_E1874N0734__m_4008111_sw_17_060_20211001,POINT (-81.701476 40.798491),train
NA5120_E1874N0739__m_4108159_se_17_060_20191012,POINT (-81.642789 41.022974),train
NA5120_E1874N0749__m_4108136_ne_17_060_20210605,POINT (-81.523713 41.471748),train
NA5120_E1875N0616__m_3508233_ne_17_060_20221007,POINT (-82.884203 35.475292),train
NA5120_E1875N0716__m_3908102_nw_17_060_20210624,POINT (-81.849823 39.98053),test
NA5120_E1875N0736__m_4008103_se_17_060_20191012,POINT (-81.618921 40.878816),train
NA5120_E1875N0736__m_4008103_se_17_060_20211001,POINT (-81.618921 40.878816),train
NA5120_E1875N0739__m_4108160_sw_17_060_20191012,POINT (-81.583521 41.013471),train
NA5120_E1875N0742__m_4108152_se_17_060_20191012,POINT (-81.547916 41.148104),train
NA5120_E1875N0746__m_4108144_ne_17_060_20210605,POINT (-81.500123 41.327577),train
NA5120_E1875N0748__m_4108137_sw_17_060_20210605,POINT (-81.476088 41.417298),val
NA5120_E1875N0750__m_4108129_sw_17_060_20191012,POINT (-81.45196 41.507009),train
NA5120_E1876N0633__m_3608251_ne_17_060_20210405,POINT (-82.665999 36.234015),train
NA5120_E1876N0694__m_3808208_ne_17_060_20211018,POINT (-82.036462 38.982139),train
NA5120_E1876N0740__m_4108160_se_17_060_20191012,POINT (-81.512385 41.048805),train
NA5120_E1876N0741__m_4108160_ne_17_060_20191012,POINT (-81.500476 41.093673),train
NA5120_E1876N0741__m_4108160_ne_17_060_20210605,POINT (-81.500476 41.093673),train
NA5120_E1876N0742__m_4108153_sw_17_060_20191012,POINT (-81.488545 41.138539),train
NA5120_E1876N0742__m_4108153_sw_17_060_20210605,POINT (-81.488545 41.138539),train
NA5120_E1876N0744__m_4108153_nw_17_060_20210605,POINT (-81.464612 41.228263),test
NA5120_E1876N0747__m_4108145_ne_17_060_20210605,POINT (-81.428541 41.362829),train
NA5120_E1877N0513__m_3008311_se_17_060_20211222,POINT (-83.671038 30.798676),train
NA5120_E1877N0564__m_3308362_ne_17_060_20191102,POINT (-83.247047 33.10816),train
NA5120_E1877N0635__m_3608244_nw_17_060_20210405,POINT (-82.591066 36.315527),train
NA5120_E1877N0641__m_3608228_ne_17_060_20210405,POINT (-82.531768 36.586117),train
NA5120_E1877N0645__m_3608212_se_17_060_20210501,POINT (-82.49188 36.766469),train
NA5120_E1877N0694__m_3808101_nw_17_060_20211018,POINT (-81.978981 38.972956),train
NA5120_E1877N0734__m_4008112_se_17_060_20191012,POINT (-81.52433 40.770012),test
NA5120_E1877N0734__m_4008112_se_17_060_20211001,POINT (-81.52433 40.770012),test
NA5120_E1877N0743__m_4108153_se_17_060_20210605,POINT (-81.417196 41.173794),train
NA5120_E1878N0527__m_3108336_se_17_060_20211222,POINT (-83.50627 31.425088),train
NA5120_E1878N0639__m_3608236_ne_17_060_20210405,POINT (-82.496106 36.48715),test
NA5120_E1878N0641__m_3608229_nw_17_060_20210405,POINT (-82.476201 36.577323),train
NA5120_E1878N0641__m_3608229_nw_17_060_20210501,POINT (-82.476201 36.577323),train
NA5120_E1878N0657__m_3708246_sw_17_060_20210501,POINT (-82.314353 37.298404),train
NA5120_E1878N0734__m_4008113_sw_17_060_20211001,POINT (-81.465317 40.76045),train
NA5120_E1879N0513__m_3008312_sw_17_060_20211222,POINT (-83.567841 30.782833),train
NA5120_E1879N0633__m_3608252_ne_17_060_20210405,POINT (-82.500115 36.207815),train
NA5120_E1879N0638__m_3608237_nw_17_060_20210405,POINT (-82.450582 36.433257),test
NA5120_E1879N0708__m_3908127_nw_17_060_20211108,POINT (-81.707754 39.583667),train
NA5120_E1879N0739__m_4008106_nw_17_060_20191012,POINT (-81.34663 40.975114),test
NA5120_E1879N0757__m_4108115_se_17_060_20210907,POINT (-81.12693 41.781897),train
NA5120_E1880N0540__m_3208362_se_17_060_20220111,POINT (-83.294056 31.99756),train
NA5120_E1880N0648__m_3608206_se_17_060_20210501,POINT (-82.294393 36.875071),train
NA5120_E1880N0707__m_3908127_se_17_060_20211108,POINT (-81.661133 39.529348),train
NA5120_E1880N0717__m_3908104_ne_17_060_20211108,POINT (-81.546775 39.978406),test
NA5120_E1880N0757__m_4108116_sw_17_060_20210907,POINT (-81.067017 41.772056),train
NA5120_E1881N0602__m_3408211_sw_17_060_20211017,POINT (-82.689115 34.791772),train
NA5120_E1881N0635__m_3608246_sw_17_060_20210405,POINT (-82.3697 36.280342),test
NA5120_E1882N0597__m_3408227_ne_17_060_20211017,POINT (-82.681849 34.557448),train
NA5120_E1882N0603__m_3408211_ne_17_060_20211017,POINT (-82.625453 34.828276),train
NA5120_E1882N0636__m_3608246_ne_17_060_20210405,POINT (-82.304385 36.316532),train
NA5120_E1882N0640__m_3608230_se_17_060_20210405,POINT (-82.264173 36.496773),train
NA5120_E1882N0652__m_3708263_se_17_060_20210501,POINT (-82.14179 37.037288),train
NA5120_E1882N0734__m_4008123_nw_17_060_20211107,POINT (-81.229448 40.721859),val
NA5120_E1883N0592__m_3408243_ne_17_060_20211017,POINT (-82.674506 34.323117),train
NA5120_E1883N0595__m_3408235_ne_17_060_20211017,POINT (-82.646532 34.458547),train
NA5120_E1883N0702__m_3908144_se_17_060_20211108,POINT (-81.544414 39.276473),test
NA5120_E1883N0738__m_4008107_se_17_060_20211107,POINT (-81.122178 40.891395),train
NA5120_E1884N0589__m_3408251_se_17_060_20211017,POINT (-82.648551 34.179073),train
NA5120_E1884N0602__m_3408212_se_17_060_20211017,POINT (-82.52649 34.765793),val
NA5120_E1884N0712__m_3908121_ne_17_060_20211108,POINT (-81.371937 39.715825),train
NA5120_E1885N0591__m_3408244_sw_17_060_20211017,POINT (-82.576117 34.260718),train
NA5120_E1885N0605__m_3408205_sw_17_060_20211017,POINT (-82.443648 34.892399),train
NA5120_E1885N0702__m_3908145_se_17_060_20200706,POINT (-81.429099 39.257471),train
NA5120_E1885N0717__m_3908106_ne_17_060_20211108,POINT (-81.2555 39.930499),train
NA5120_E1885N0723__m_4008155_nw_17_060_20211108,POINT (-81.18468 40.199548),train
NA5120_E1885N0731__m_4008132_nw_17_060_20211107,POINT (-81.088996 40.558132),train
NA5120_E1885N0732__m_4008132_nw_17_060_20211107,POINT (-81.076933 40.602943),train
NA5120_E1886N0510__m_3008331_nw_17_060_20211116,POINT (-83.231544 30.590658),train
NA5120_E1887N0498__m_3008362_se_17_060_20191113,POINT (-83.277509 30.039182),train
NA5120_E1887N0605__m_3408206_sw_17_060_20210426,POINT (-82.33513 34.87482),train
NA5120_E1887N0606__m_3408206_sw_17_060_20210426,POINT (-82.325479 34.91991),train
NA5120_E1887N0656__m_3708150_sw_17_060_20210501,POINT (-81.820484 37.171714),train
NA5120_E1887N0746__m_4108050_ne_17_060_20210907,POINT (-80.786942 41.210084),train
NA5120_E1888N0603__m_3408214_se_17_060_20190831,POINT (-82.300206 34.775813),train
NA5120_E1888N0603__m_3408214_se_17_060_20210426,POINT (-82.300206 34.775813),train
NA5120_E1888N0714__m_3908115_se_17_060_20211108,POINT (-81.116402 39.766871),val
NA5120_E1888N0719__m_3908108_ne_17_060_20211212,POINT (-81.057196 39.99099),train
NA5120_E1889N0607__m_3408207_nw_17_060_20210426,POINT (-82.207218 34.947266),train
NA5120_E1889N0717__m_3908108_se_17_060_20211212,POINT (-81.022796 39.891567),train
NA5120_E1889N0720__m_4008057_sw_17_060_20211212,POINT (-80.987024 40.025995),train
NA5120_E1890N0595__m_3408238_se_17_060_20210426,POINT (-82.26899 34.397429),train
NA5120_E1890N0602__m_3408223_nw_17_060_20210426,POINT (-82.201591 34.713005),train
NA5120_E1890N0677__m_3808161_ne_17_060_20221023,POINT (-81.42449 38.087492),train
NA5120_E1890N0709__m_3908132_sw_17_060_20221023,POINT (-81.059383 39.523228),train
NA5120_E1891N0580__m_3308222_nw_17_060_20211212,POINT (-82.357265 33.712119),train
NA5120_E1891N0649__m_3608111_ne_17_060_20210427,POINT (-81.671226 36.819899),train
NA5120_E1891N0708__m_3908140_ne_17_060_20221023,POINT (-81.013351 39.46863),train
NA5120_E1891N0726__m_4008042_se_17_060_20191014,POINT (-80.797931 40.274949),train
NA5120_E1892N0568__m_3308253_se_17_060_20191103,POINT (-82.415327 33.161944),train
NA5120_E1892N0568__m_3308253_se_17_060_20211212,POINT (-82.415327 33.161944),train
NA5120_E1892N0569__m_3308253_ne_17_060_20211212,POINT (-82.406126 33.207071),train
NA5120_E1892N0583__m_3308214_ne_17_060_20190830,POINT (-82.27563 33.838651),train
NA5120_E1892N0609__m_3508264_se_17_060_20190830,POINT (-82.024721 35.010532),train
NA5120_E1892N0663__m_3708137_nw_17_060_20221023,POINT (-81.465343 37.43976),train
NA5120_E1892N0664__m_3708137_nw_17_060_20221023,POINT (-81.454465 37.484683),train
NA5120_E1892N0698__m_3908164_sw_17_060_20221023,POINT (-81.072554 39.010589),val
NA5120_E1892N0737__m_4008012_sw_17_060_20211107,POINT (-80.603768 40.757195),train
NA5120_E1892N0740__m_4008004_sw_17_060_20211107,POINT (-80.566259 40.891376),train
NA5120_E1893N0565__m_3308261_se_17_060_20191103,POINT (-82.389897 33.017854),test
NA5120_E1893N0591__m_3408255_ne_17_060_20210426,POINT (-82.1459 34.190493),train
NA5120_E1893N0610__m_3508157_sw_17_060_20190830,POINT (-81.960508 35.046549),train
NA5120_E1893N0704__m_3908041_sw_17_060_20221023,POINT (-80.945053 39.269762),train
NA5120_E1893N0720__m_3908002_ne_17_060_20221024,POINT (-80.754145 39.986416),train
NA5120_E1893N0722__m_4008059_nw_17_060_20200705,POINT (-80.729876 40.075949),train
NA5120_E1893N0726__m_4008043_se_17_060_20200705,POINT (-80.681065 40.254982),train
NA5120_E1893N0726__m_4008043_se_17_060_20221024,POINT (-80.681065 40.254982),train
NA5120_E1893N0727__m_4008043_se_17_060_20221024,POINT (-80.668804 40.299734),test
NA5120_E1893N0729__m_4008035_se_17_060_20221024,POINT (-80.644214 40.389228),train
NA5120_E1893N0731__m_4008036_nw_17_060_20211107,POINT (-80.61953 40.478711),train
NA5120_E1893N0732__m_4008028_sw_17_060_20211107,POINT (-80.607153 40.523448),train
NA5120_E1893N0735__m_4008020_sw_17_060_20211107,POINT (-80.569881 40.657644),val
NA5120_E1894N0608__m_3408101_ne_17_060_20190830,POINT (-81.926059 34.94743),train
NA5120_E1894N0724__m_4008051_se_17_060_20221024,POINT (-80.647188 40.155456),train
NA5120_E1895N0676__m_3708107_ne_17_060_20200715,POINT (-81.152731 37.994793),train
NA5120_E1895N0720__m_3908003_ne_17_060_20221024,POINT (-80.637814 39.966425),train
NA5120_E1896N0556__m_3208230_nw_17_060_20211212,POINT (-82.313903 32.585557),train
NA5120_E1896N0601__m_3408125_ne_17_060_20190830,POINT (-81.887033 34.614081),train
NA5120_E1897N0691__m_3808017_se_17_060_20200908,POINT (-80.867777 38.647905),train
NA5120_E1898N0520__m_3008204_ne_17_060_20191109,POINT (-82.529389 30.942861),train
NA5120_E1898N0574__m_3308240_se_17_060_20211212,POINT (-82.040803 33.379669),train
NA5120_E1899N0481__m_2908250_se_17_060_20211129,POINT (-82.805206 29.171307),train
NA5120_E1899N0562__m_3208216_nw_17_060_20211212,POINT (-82.100505 32.829793),train
NA5120_E1899N0569__m_3308256_se_17_060_20191103,POINT (-82.034965 33.145374),test
NA5120_E1899N0612__m_3508159_ne_17_060_20190830,POINT (-81.614539 35.081711),test
NA5120_E1899N0628__m_3508113_sw_17_060_20200809,POINT (-81.449872 35.801181),train
NA5120_E1899N0740__m_4008015_ne_17_060_20190918,POINT (-80.153857 40.819743),train
NA5120_E1899N0741__m_4008015_ne_17_060_20190918,POINT (-80.14103 40.864397),val
NA5120_E1900N0730__m_4008047_nw_17_060_20190918,POINT (-80.222354 40.362762),train
NA5120_E1901N0492__m_2908220_sw_17_060_20211129,POINT (-82.613387 29.652004),train
NA5120_E1901N0626__m_3508122_nw_17_060_20200809,POINT (-81.36122 35.692509),train
NA5120_E1901N0701__m_3908060_ne_17_060_20221022,POINT (-80.52104 39.055925),val
NA5120_E1901N0712__m_3908029_se_17_060_20221022,POINT (-80.387853 39.547992),train
NA5120_E1901N0731__m_4008039_se_17_060_20190918,POINT (-80.151262 40.397119),train
NA5120_E1901N0738__m_4008024_nw_17_060_20190918,POINT (-80.061941 40.70969),train
NA5120_E1902N0579__m_3308126_ne_17_060_20210422,POINT (-81.780177 33.568921),val
NA5120_E1902N0698__m_3808004_se_17_060_20200704,POINT (-80.499687 38.911622),train
NA5120_E1902N0701__m_3908061_sw_17_060_20221022,POINT (-80.463722 39.045853),train
NA5120_E1902N0715__m_3908022_se_17_060_20221022,POINT (-80.293215 39.671932),train
NA5120_E1902N0731__m_4008040_sw_17_060_20190918,POINT (-80.092814 40.386768),train
NA5120_E1902N0732__m_4008040_nw_17_060_20190918,POINT (-80.080087 40.43142),train
NA5120_E1902N0734__m_4008032_se_17_060_20190918,POINT (-80.054562 40.520716),train
NA5120_E1902N0735__m_4008032_ne_17_060_20190918,POINT (-80.041764 40.565359),train
NA5120_E1903N0472__m_2808219_ne_17_060_20211130,POINT (-82.676726 28.73084),train
NA5120_E1903N0486__m_2908244_nw_17_060_20211129,POINT (-82.561863 29.363869),val
NA5120_E1903N0578__m_3308127_sw_17_060_20210422,POINT (-81.736636 33.514798),val
NA5120_E1903N0582__m_3308119_nw_17_060_20190830,POINT (-81.697757 33.694892),train
NA5120_E1903N0632__m_3508107_nw_17_060_20221015,POINT (-81.188264 35.9431),train
NA5120_E1903N0704__m_3908053_se_17_060_20221022,POINT (-80.370146 39.169927),train
NA5120_E1903N0706__m_3908046_sw_17_060_20221022,POINT (-80.34585 39.259365),train
NA5120_E1903N0711__m_3908038_ne_17_060_20221022,POINT (-80.284715 39.482912),test
NA5120_E1903N0720__m_3908007_se_17_060_20190918,POINT (-80.173226 39.885117),val
NA5120_E1903N0725__m_4008064_nw_17_060_20190918,POINT (-80.110472 40.108464),train
NA5120_E1903N0729__m_4008048_sw_17_060_20190918,POINT (-80.059843 40.287088),train
NA5120_E1903N0731__m_4008040_se_17_060_20190918,POINT (-80.034385 40.376383),train
NA5120_E1903N0732__m_4008040_se_17_060_20190918,POINT (-80.02162 40.421025),train
NA5120_E1903N0733__m_4008040_ne_17_060_20190918,POINT (-80.008831 40.465665),test
NA5120_E1903N0735__m_4007925_nw_17_060_20190918,POINT (-79.98318 40.554936),val
NA5120_E1904N0463__m_2808243_nw_17_060_20191121,POINT (-82.69917 28.315393),train
NA5120_E1904N0463__m_2808243_nw_17_060_20220119,POINT (-82.69917 28.315393),train
NA5120_E1904N0464__m_2808243_nw_17_060_20191121,POINT (-82.691146 28.360629),train
NA5120_E1904N0464__m_2808243_nw_17_060_20220119,POINT (-82.691146 28.360629),train
NA5120_E1904N0472__m_2808219_ne_17_060_20191121,POINT (-82.626479 28.722459),train
NA5120_E1904N0472__m_2808219_ne_17_060_20211130,POINT (-82.626479 28.722459),train
NA5120_E1904N0631__m_3508107_se_17_060_20200603,POINT (-81.14404 35.888658),train
NA5120_E1904N0631__m_3508107_se_17_060_20221015,POINT (-81.14404 35.888658),train
NA5120_E1904N0657__m_3708058_nw_17_060_20210427,POINT (-80.860444 37.055272),train
NA5120_E1904N0671__m_3708019_nw_17_060_20221010,POINT (-80.702173 37.68275),train
NA5120_E1904N0705__m_3908054_ne_17_060_20221022,POINT (-80.300579 39.204473),train
NA5120_E1904N0706__m_3908046_se_17_060_20221022,POINT (-80.288383 39.249181),train
NA5120_E1904N0726__m_4008056_se_17_060_20190918,POINT (-80.039632 40.142753),train
NA5120_E1904N0733__m_4007933_nw_17_060_20190918,POINT (-79.950344 40.455227),train
NA5120_E1904N0734__m_4007925_sw_17_060_20190918,POINT (-79.937492 40.499855),train
NA5120_E1904N0737__m_4007917_se_17_060_20190918,POINT (-79.898791 40.633718),train
NA5120_E1905N0454__m_2708203_sw_17_060_20191111,POINT (-82.72102 27.899897),test
NA5120_E1905N0454__m_2708203_sw_17_060_20211130,POINT (-82.72102 27.899897),test
NA5120_E1905N0463__m_2808243_ne_17_060_20211130,POINT (-82.649162 28.307041),train
NA5120_E1905N0474__m_2808212_nw_17_060_20211130,POINT (-82.559891 28.804477),train
NA5120_E1905N0487__m_2908237_sw_17_060_20211129,POINT (-82.452297 29.392086),train
NA5120_E1905N0656__m_3708058_sw_17_060_20210427,POINT (-80.81592 37.000659),train
NA5120_E1905N0672__m_3708019_ne_17_060_20221010,POINT (-80.634485 37.717639),train
NA5120_E1905N0679__m_3808060_se_17_060_20221021,POINT (-80.55344 38.031108),train
NA5120_E1905N0690__m_3808029_se_17_060_20181218,POINT (-80.423975 38.523439),train
NA5120_E1905N0690__m_3808029_se_17_060_20221010,POINT (-80.423975 38.523439),train
NA5120_E1905N0720__m_3908016_ne_17_060_20190918,POINT (-80.057264 39.864456),val
NA5120_E1905N0726__m_4007949_sw_17_060_20190918,POINT (-79.981434 40.132349),train
NA5120_E1905N0730__m_4007941_ne_17_060_20190918,POINT (-79.930403 40.310885),train
NA5120_E1905N0744__m_4007902_ne_17_060_20220623,POINT (-79.748731 40.935381),train
NA5120_E1906N0454__m_2708203_se_17_060_20191111,POINT (-82.671247 27.891576),train
NA5120_E1906N0454__m_2708203_se_17_060_20211130,POINT (-82.671247 27.891576),train
NA5120_E1906N0460__m_2808251_se_17_060_20191121,POINT (-82.623308 28.162982),train
NA5120_E1906N0473__m_2808212_se_17_060_20211130,POINT (-82.51782 28.75082),train
NA5120_E1906N0477__m_2808205_nw_17_060_20191120,POINT (-82.484909 28.931635),train
NA5120_E1906N0477__m_2808205_nw_17_060_20211130,POINT (-82.484909 28.931635),train
NA5120_E1906N0549__m_3208150_nw_17_060_20191109,POINT (-81.853713 32.181319),train
NA5120_E1906N0555__m_3208134_ne_17_060_20220130,POINT (-81.797597 32.451674),train
NA5120_E1906N0586__m_3308112_ne_17_060_20210422,POINT (-81.498341 33.847322),val
NA5120_E1906N0614__m_3508163_nw_17_060_20210501,POINT (-81.21395 35.10611),train
NA5120_E1906N0631__m_3508108_se_17_060_20200603,POINT (-81.034369 35.869496),train
NA5120_E1906N0676__m_3708004_se_17_060_20221021,POINT (-80.531947 37.886801),test
NA5120_E1906N0681__m_3808061_nw_17_060_20221010,POINT (-80.473565 38.110624),train
NA5120_E1906N0682__m_3808053_sw_17_060_20221010,POINT (-80.461825 38.155381),val
NA5120_E1906N0708__m_3908047_ne_17_060_20200707,POINT (-80.148895 39.318087),test
NA5120_E1906N0708__m_3908047_ne_17_060_20221022,POINT (-80.148895 39.318087),test
NA5120_E1906N0715__m_3908024_sw_17_060_20221022,POINT (-80.062045 39.630797),train
NA5120_E1906N0721__m_3907901_sw_17_060_20190918,POINT (-79.986695 39.898722),train
NA5120_E1906N0726__m_4007949_se_17_060_20190918,POINT (-79.923254 40.121911),train
NA5120_E1906N0728__m_4007949_ne_17_060_20190918,POINT (-79.89771 40.211166),train
NA5120_E1906N0731__m_4007942_nw_17_060_20190918,POINT (-79.859214 40.345026),test
NA5120_E1906N0731__m_4007942_nw_17_060_20220509,POINT (-79.859214 40.345026),test
NA5120_E1906N0732__m_4007934_sw_17_060_20190918,POINT (-79.846334 40.38964),train
NA5120_E1906N0733__m_4007934_nw_17_060_20190918,POINT (-79.833429 40.434251),train
NA5120_E1906N0733__m_4007934_nw_17_060_20220509,POINT (-79.833429 40.434251),train
NA5120_E1906N0734__m_4007934_nw_17_060_20190918,POINT (-79.8205 40.478858),train
NA5120_E1906N0777__m_4207938_se_17_060_20221005,POINT (-79.24058 42.394016),train
NA5120_E1907N0546__m_3208158_sw_17_060_20191109,POINT (-81.829341 32.037141),val
NA5120_E1907N0629__m_3508116_se_17_060_20200603,POINT (-81.001028 35.77011),train
NA5120_E1907N0651__m_3608010_se_17_060_20210427,POINT (-80.760586 36.756912),train
NA5120_E1907N0659__m_3708059_ne_17_060_20210427,POINT (-80.670787 37.115449),train
NA5120_E1907N0670__m_3708028_ne_17_060_20200921,POINT (-80.545183 37.608168),train
NA5120_E1907N0670__m_3708028_ne_17_060_20221021,POINT (-80.545183 37.608168),train
NA5120_E1907N0686__m_3808046_nw_17_060_20221010,POINT (-80.35796 38.32428),train
NA5120_E1907N0724__m_4007957_se_17_060_20190918,POINT (-79.890616 40.022192),test
NA5120_E1907N0727__m_4007950_sw_17_060_20190918,POINT (-79.852295 40.156059),train
NA5120_E1907N0727__m_4007950_sw_17_060_20220509,POINT (-79.852295 40.156059),train
NA5120_E1907N0730__m_4007942_sw_17_060_20190918,POINT (-79.813757 40.289899),train
NA5120_E1907N0730__m_4007942_sw_17_060_20220509,POINT (-79.813757 40.289899),train
NA5120_E1907N0735__m_4007926_se_17_060_20220509,POINT (-79.749042 40.512905),train
NA5120_E1907N0748__m_4107960_nw_17_060_20220623,POINT (-79.577888 41.092359),train
NA5120_E1907N0796__m_4307849_ne_17_060_20221024,POINT (-78.907579 43.22711),train
NA5120_E1908N0464__m_2808244_ne_17_060_20211130,POINT (-82.491069 28.327033),train
NA5120_E1908N0605__m_3408123_nw_17_060_20210501,POINT (-81.198925 34.682826),train
NA5120_E1908N0612__m_3508163_se_17_060_20210501,POINT (-81.126335 34.997277),train
NA5120_E1908N0630__m_3508009_nw_17_060_20221014,POINT (-80.935535 35.80534),val
NA5120_E1908N0673__m_3708021_nw_17_060_20221021,POINT (-80.454278 37.732475),train
NA5120_E1908N0675__m_3708013_ne_17_060_20221021,POINT (-80.430976 37.821992),train
NA5120_E1908N0706__m_3908056_nw_17_060_20221022,POINT (-80.058695 39.208117),train
NA5120_E1908N0716__m_3907917_sw_17_060_20221022,POINT (-79.933996 39.654673),train
NA5120_E1908N0720__m_3907909_ne_17_060_20190918,POINT (-79.883463 39.833214),train
NA5120_E1908N0731__m_4007942_ne_17_060_20190918,POINT (-79.742531 40.323953),train
NA5120_E1908N0731__m_4007942_ne_17_060_20220509,POINT (-79.742531 40.323953),train
NA5120_E1908N0733__m_4007935_sw_17_060_20220509,POINT (-79.716592 40.413139),train
NA5120_E1908N0771__m_4207963_nw_17_060_20221005,POINT (-79.204558 42.10527),train
NA5120_E1908N0793__m_4307857_ne_17_060_20221024,POINT (-78.890506 43.08273),train
NA5120_E1909N0465__m_2808245_ne_17_060_20191120,POINT (-82.432911 28.363767),test
NA5120_E1909N0465__m_2808245_ne_17_060_20211130,POINT (-82.432911 28.363767),test
NA5120_E1909N0476__m_2808214_nw_17_060_20191120,POINT (-82.342228 28.860879),val
NA5120_E1909N0476__m_2808214_nw_17_060_20211130,POINT (-82.342228 28.860879),val
NA5120_E1909N0497__m_2908215_ne_17_060_20191119,POINT (-82.164503 29.809314),train
NA5120_E1909N0643__m_3608035_sw_17_060_20220918,POINT (-80.738738 36.378665),train
NA5120_E1909N0660__m_3708052_se_17_060_20210427,POINT (-80.547955 37.140416),train
NA5120_E1909N0680__m_3808062_sw_17_060_20221021,POINT (-80.315906 38.035629),val
NA5120_E1909N0684__m_3808054_ne_17_060_20221010,POINT (-80.268478 38.214542),train
NA5120_E1909N0705__m_3908056_se_17_060_20221022,POINT (-80.013698 39.153106),train
NA5120_E1909N0725__m_4007958_se_17_060_20220509,POINT (-79.761678 40.045793),val
NA5120_E1909N0731__m_4007943_nw_17_060_20190918,POINT (-79.684218 40.313366),train
NA5120_E1909N0731__m_4007943_nw_17_060_20220509,POINT (-79.684218 40.313366),train
NA5120_E1909N0734__m_4007935_ne_17_060_20220509,POINT (-79.645159 40.447111),train
NA5120_E1909N0783__m_4207817_sw_17_060_20221024,POINT (-78.974543 42.627522),train
NA5120_E1909N0789__m_4207801_se_17_060_20221024,POINT (-78.887978 42.893955),train
NA5120_E1910N0445__m_2708236_ne_17_060_20191129,POINT (-82.544175 27.451023),val
NA5120_E1910N0447__m_2708228_se_17_060_20191129,POINT (-82.528282 27.541477),train
NA5120_E1910N0447__m_2708228_se_17_060_20211130,POINT (-82.528282 27.541477),train
NA5120_E1910N0456__m_2708205_nw_17_060_20191129,POINT (-82.456122 27.94844),val
NA5120_E1910N0456__m_2708205_nw_17_060_20211130,POINT (-82.456122 27.94844),val
NA5120_E1910N0457__m_2708205_nw_17_060_20211130,POINT (-82.448039 27.99365),train
NA5120_E1910N0459__m_2808261_ne_17_060_20191120,POINT (-82.431834 28.084064),train
NA5120_E1910N0459__m_2808261_ne_17_060_20211130,POINT (-82.431834 28.084064),train
NA5120_E1910N0474__m_2808214_sw_17_060_20191120,POINT (-82.308599 28.76195),val
NA5120_E1910N0474__m_2808214_sw_17_060_20211130,POINT (-82.308599 28.76195),val
NA5120_E1910N0539__m_3108119_nw_17_060_20191110,POINT (-81.737984 31.694703),val
NA5120_E1910N0586__m_3308114_ne_17_060_20210422,POINT (-81.284837 33.810061),train
NA5120_E1910N0589__m_3308106_ne_17_060_20190830,POINT (-81.254658 33.944922),train
NA5120_E1910N0589__m_3308106_ne_17_060_20210422,POINT (-81.254658 33.944922),train
NA5120_E1910N0612__m_3408108_ne_17_060_20210501,POINT (-81.018 34.978177),train
NA5120_E1910N0615__m_3508057_nw_17_060_20210501,POINT (-80.986428 35.112859),val
NA5120_E1910N0721__m_3907910_ne_17_060_20190918,POINT (-79.754922 39.856827),train
NA5120_E1910N0722__m_3907902_se_17_060_20190918,POINT (-79.742131 39.901433),test
NA5120_E1910N0724__m_3907903_nw_17_060_20220509,POINT (-79.716476 39.990635),train
NA5120_E1910N0734__m_4007936_nw_17_060_20220509,POINT (-79.586751 40.436461),test
NA5120_E1910N0782__m_4207825_ne_17_060_20211107,POINT (-78.92855 42.571963),train
NA5120_E1911N0459__m_2808261_ne_17_060_20191120,POINT (-82.381984 28.075574),train
NA5120_E1911N0459__m_2808261_ne_17_060_20211130,POINT (-82.381984 28.075574),train
NA5120_E1911N0469__m_2808230_se_17_060_20191120,POINT (-82.299912 28.527476),train
NA5120_E1911N0469__m_2808230_se_17_060_20211130,POINT (-82.299912 28.527476),train
NA5120_E1911N0489__m_2908239_ne_17_060_20191119,POINT (-82.131692 29.43075),val
NA5120_E1911N0537__m_3108127_nw_17_060_20191110,POINT (-81.704563 31.595563),train
NA5120_E1911N0592__m_3408163_ne_17_060_20210501,POINT (-81.170797 34.070326),train
NA5120_E1911N0621__m_3508034_sw_17_060_20220602,POINT (-80.868351 35.37249),test
NA5120_E1911N0622__m_3508034_sw_17_060_20220602,POINT (-80.857646 35.417356),train
NA5120_E1911N0680__m_3808063_sw_17_060_20200921,POINT (-80.203072 38.01531),test
NA5120_E1911N0680__m_3808063_sw_17_060_20221011,POINT (-80.203072 38.01531),test
NA5120_E1911N0724__m_3907903_ne_17_060_20220509,POINT (-79.658468 39.980049),val
NA5120_E1911N0728__m_4007952_sw_17_060_20220509,POINT (-79.606719 40.158378),train
NA5120_E1911N0788__m_4207810_ne_17_060_20221109,POINT (-78.781354 42.827113),test
NA5120_E1911N0795__m_4307851_se_17_060_20190820,POINT (-78.678677 43.137664),train
NA5120_E1912N0453__m_2708213_se_17_060_20211130,POINT (-82.3809 27.795871),test
NA5120_E1912N0454__m_2708213_ne_17_060_20211130,POINT (-82.372807 27.841073),train
NA5120_E1912N0455__m_2708205_se_17_060_20211130,POINT (-82.364701 27.886273),val
NA5120_E1912N0455__m_2708206_sw_17_060_20191129,POINT (-82.364701 27.886273),val
NA5120_E1912N0457__m_2708206_nw_17_060_20191129,POINT (-82.348449 27.976668),val
NA5120_E1912N0457__m_2708206_nw_17_060_20211130,POINT (-82.348449 27.976668),val
NA5120_E1912N0461__m_2808254_sw_17_060_20191120,POINT (-82.315786 28.157438),train
NA5120_E1912N0461__m_2808254_sw_17_060_20211130,POINT (-82.315786 28.157438),train
NA5120_E1912N0462__m_2808254_ne_17_060_20211130,POINT (-82.307588 28.202626),train
NA5120_E1912N0465__m_2808246_ne_17_060_20191120,POINT (-82.282911 28.338179),train
NA5120_E1912N0465__m_2808246_ne_17_060_20211130,POINT (-82.282911 28.338179),train
NA5120_E1912N0474__m_2808215_sw_17_060_20211130,POINT (-82.208153 28.744746),train
NA5120_E1912N0477__m_2808207_sw_17_060_20211130,POINT (-82.182989 28.880236),train
NA5120_E1912N0724__m_3907904_nw_17_060_20220509,POINT (-79.600479 39.96943),train
NA5120_E1912N0727__m_4007960_nw_17_060_20220509,POINT (-79.56159 40.103152),val
NA5120_E1912N0728__m_4007952_se_17_060_20190918,POINT (-79.548579 40.147719),train
NA5120_E1912N0728__m_4007952_se_17_060_20220509,POINT (-79.548579 40.147719),train
NA5120_E1912N0790__m_4207803_sw_17_060_20211107,POINT (-78.691552 42.904563),train
NA5120_E1913N0439__m_2708253_sw_17_060_20191129,POINT (-82.443501 27.15445),test
NA5120_E1913N0439__m_2708253_sw_17_060_20211130,POINT (-82.443501 27.15445),test
NA5120_E1913N0448__m_2708229_ne_17_060_20191129,POINT (-82.371611 27.561362),train
NA5120_E1913N0448__m_2708229_ne_17_060_20211130,POINT (-82.371611 27.561362),train
NA5120_E1913N0451__m_2708222_nw_17_060_20191129,POINT (-82.347415 27.696969),train
NA5120_E1913N0451__m_2708222_nw_17_060_20211130,POINT (-82.347415 27.696969),train
NA5120_E1913N0456__m_2708206_se_17_060_20191129,POINT (-82.306826 27.922946),train
NA5120_E1913N0456__m_2708206_se_17_060_20211130,POINT (-82.306826 27.922946),train
NA5120_E1913N0457__m_2708206_ne_17_060_20211130,POINT (-82.298669 27.968136),train
NA5120_E1913N0464__m_2808246_se_17_060_20191120,POINT (-82.241195 28.284419),train
NA5120_E1913N0471__m_2808231_nw_17_060_20211130,POINT (-82.183063 28.600616),train
NA5120_E1913N0590__m_3308108_nw_17_060_20210421,POINT (-81.084211 33.961517),train
NA5120_E1913N0712__m_3907935_sw_17_060_20221022,POINT (-79.69635 39.423731),train
NA5120_E1913N0713__m_3907935_nw_17_060_20221022,POINT (-79.683661 39.468335),train
NA5120_E1913N0730__m_4007953_nw_17_060_20190918,POINT (-79.464286 40.226134),val
NA5120_E1913N0800__m_4307845_nw_17_060_20221107,POINT (-78.482426 43.336528),train
NA5120_E1914N0437__m_2708261_ne_17_060_20191129,POINT (-82.410053 27.055575),train
NA5120_E1914N0437__m_2708261_ne_17_060_20211130,POINT (-82.410053 27.055575),train
NA5120_E1914N0437__m_2708261_se_17_060_20211204,POINT (-82.410053 27.055575),train
NA5120_E1914N0438__m_2708261_ne_17_060_20191129,POINT (-82.402118 27.100792),train
NA5120_E1914N0438__m_2708261_ne_17_060_20211130,POINT (-82.402118 27.100792),train
NA5120_E1914N0440__m_2708253_ne_17_060_20211130,POINT (-82.38621 27.191219),train
NA5120_E1914N0452__m_2708222_ne_17_060_20191129,POINT (-82.289676 27.73364),val
NA5120_E1914N0452__m_2708222_ne_17_060_20211130,POINT (-82.289676 27.73364),val
NA5120_E1914N0456__m_2708206_se_17_060_20191129,POINT (-82.25708 27.914393),train
NA5120_E1914N0456__m_2708206_se_17_060_20211130,POINT (-82.25708 27.914393),train
NA5120_E1914N0457__m_2708206_ne_17_060_20191129,POINT (-82.248898 27.959577),train
NA5120_E1914N0457__m_2708206_ne_17_060_20211130,POINT (-82.248898 27.959577),train
NA5120_E1914N0458__m_2808262_se_17_060_20191129,POINT (-82.240703 28.004758),test
NA5120_E1914N0458__m_2808263_sw_17_060_20191121,POINT (-82.240703 28.004758),test
NA5120_E1914N0483__m_2908256_se_17_060_20191125,POINT (-82.031422 29.133732),val
NA5120_E1914N0613__m_3408002_ne_17_060_20210501,POINT (-80.790871 34.984473),train
NA5120_E1914N0703__m_3907958_se_17_060_20221022,POINT (-79.752327 39.011677),train
NA5120_E1914N0714__m_3907928_sw_17_060_20221022,POINT (-79.613369 39.502346),train
NA5120_E1914N0788__m_4207812_sw_17_060_20211107,POINT (-78.599844 42.793182),test
NA5120_E1914N0788__m_4207812_sw_17_060_20221109,POINT (-78.599844 42.793182),test
NA5120_E1914N0790__m_4207804_sw_17_060_20211107,POINT (-78.570401 42.881864),train
NA5120_E1914N0800__m_4307845_ne_17_060_20221107,POINT (-78.421441 43.32505),test
NA5120_E1915N0437__m_2708262_sw_17_060_20191129,POINT (-82.36078 27.047117),train
NA5120_E1915N0437__m_2708262_sw_17_060_20211204,POINT (-82.36078 27.047117),train
NA5120_E1915N0456__m_2708207_sw_17_060_20191121,POINT (-82.207344 27.905813),train
NA5120_E1915N0481__m_2908264_se_17_060_20191119,POINT (-81.998115 29.034709),train
NA5120_E1915N0505__m_3008150_se_17_060_20191121,POINT (-81.789038 30.11737),train
NA5120_E1915N0508__m_3008142_se_17_060_20191119,POINT (-81.762317 30.252626),train
NA5120_E1915N0508__m_3008142_se_17_060_20211129,POINT (-81.762317 30.252626),train
NA5120_E1915N0509__m_3008142_se_17_060_20191119,POINT (-81.75338 30.297707),test
NA5120_E1915N0514__m_3008127_sw_17_060_20191119,POINT (-81.708474 30.523085),test
NA5120_E1915N0514__m_3008127_sw_17_060_20211129,POINT (-81.708474 30.523085),test
NA5120_E1915N0705__m_3907959_ne_17_060_20200908,POINT (-79.670041 39.09038),train
NA5120_E1915N0705__m_3907959_ne_17_060_20221022,POINT (-79.670041 39.09038),train
NA5120_E1915N0781__m_4207835_ne_17_060_20211107,POINT (-78.641827 42.471379),train
NA5120_E1916N0507__m_3008151_nw_17_060_20191119,POINT (-81.720203 30.19859),train
NA5120_E1916N0625__m_3508028_se_17_060_20220602,POINT (-80.552841 35.502968),train
NA5120_E1916N0638__m_3608061_ne_17_060_20200603,POINT (-80.409096 36.085372),train
NA5120_E1916N0638__m_3608061_ne_17_060_20220916,POINT (-80.409096 36.085372),train
NA5120_E1916N0785__m_4207820_se_17_060_20211107,POINT (-78.523152 42.637403),train
NA5120_E1917N0434__m_2608206_se_17_060_20191129,POINT (-82.286207 26.89452),train
NA5120_E1917N0436__m_2608206_ne_17_060_20211204,POINT (-82.270257 26.984922),train
NA5120_E1917N0473__m_2808117_sw_17_060_20191120,POINT (-81.965705 28.656117),train
NA5120_E1917N0517__m_3008120_sw_17_060_20191119,POINT (-81.578754 30.640212),test
NA5120_E1917N0528__m_3108153_sw_17_060_20191110,POINT (-81.477536 31.135645),val
NA5120_E1917N0533__m_3108145_ne_17_060_20191110,POINT (-81.43091 31.36076),val
NA5120_E1917N0665__m_3708048_se_17_060_20210426,POINT (-80.043951 37.283344),val
NA5120_E1917N0707__m_3907952_se_17_060_20221022,POINT (-79.53027 39.15838),test
NA5120_E1917N0788__m_4207813_se_17_060_20221024,POINT (-78.418543 42.758936),train
NA5120_E1917N0794__m_4307862_sw_17_060_20221107,POINT (-78.329116 43.024739),train
NA5120_E1918N0472__m_2808125_ne_17_060_20191120,POINT (-81.924072 28.602214),train
NA5120_E1918N0475__m_2808117_ne_17_060_20191120,POINT (-81.898534 28.737594),train
NA5120_E1918N0513__m_3008136_nw_17_060_20211129,POINT (-81.563929 30.450943),train
NA5120_E1918N0796__m_4307862_ne_17_060_20221107,POINT (-78.238353 43.101736),train
NA5120_E1918N0799__m_4307855_nw_17_060_20211107,POINT (-78.192941 43.23453),train
NA5120_E1919N0495__m_2908119_se_17_060_20211129,POINT (-81.674348 29.630748),train
NA5120_E1919N0614__m_3408004_ne_17_060_20220602,POINT (-80.509609 34.980356),train
NA5120_E1919N0620__m_3508045_sw_17_060_20220602,POINT (-80.444367 35.249225),train
NA5120_E1919N0635__m_3508006_se_17_060_20200603,POINT (-80.27823 35.921001),train
NA5120_E1919N0638__m_3608062_ne_17_060_20200603,POINT (-80.244473 36.055287),train
NA5120_E1919N0638__m_3608063_nw_17_060_20220916,POINT (-80.244473 36.055287),train
NA5120_E1919N0707__m_3907953_se_17_060_20221022,POINT (-79.415795 39.13704),train
NA5120_E1919N0779__m_4207845_ne_17_060_20221024,POINT (-78.430724 42.337176),train
NA5120_E1919N0789__m_4207814_se_17_060_20211107,POINT (-78.282878 42.780218),train
NA5120_E1919N0795__m_4307863_sw_17_060_20211107,POINT (-78.192777 43.045865),train
NA5120_E1919N0795__m_4307863_sw_17_060_20221103,POINT (-78.192777 43.045865),train
NA5120_E1920N0437__m_2708264_sw_17_060_20191121,POINT (-82.114558 27.004425),train
NA5120_E1920N0451__m_2708224_se_17_060_20191121,POINT (-82.000262 27.636755),train
NA5120_E1920N0461__m_2808157_ne_17_060_20191120,POINT (-81.917025 28.088207),train
NA5120_E1920N0478__m_2808110_ne_17_060_20191130,POINT (-81.772384 28.855258),train
NA5120_E1920N0507__m_3008152_se_17_060_20191119,POINT (-81.51617 30.162496),train
NA5120_E1920N0614__m_3408005_nw_17_060_20220602,POINT (-80.45553 34.970468),train
NA5120_E1920N0633__m_3508014_ne_17_060_20200603,POINT (-80.245954 35.821417),train
NA5120_E1920N0636__m_3508007_nw_17_060_20220916,POINT (-80.212219 35.955693),train
NA5120_E1920N0694__m_3807928_se_17_060_20221009,POINT (-79.523207 38.54687),train
NA5120_E1920N0729__m_4007964_nw_17_060_20220630,POINT (-79.070826 40.105738),train
NA5120_E1920N0780__m_4207846_nw_17_060_20221024,POINT (-78.356056 42.370029),test
NA5120_E1920N0788__m_4207822_ne_17_060_20211107,POINT (-78.237452 42.724376),train
NA5120_E1920N0788__m_4207823_nw_17_060_20221103,POINT (-78.237452 42.724376),train
NA5120_E1920N0795__m_4307863_se_17_060_20211107,POINT (-78.132147 43.034232),test
NA5120_E1921N0435__m_2608208_sw_17_060_20191121,POINT (-82.081508 26.905458),train
NA5120_E1921N0503__m_2908104_ne_17_060_20211129,POINT (-81.501367 29.973219),val
NA5120_E1921N0615__m_3508061_se_17_060_20220602,POINT (-80.390578 35.005352),train
NA5120_E1921N0618__m_3508054_sw_17_060_20220602,POINT (-80.357798 35.13974),train
NA5120_E1921N0620__m_3508054_nw_17_060_20200603,POINT (-80.335848 35.22932),train
NA5120_E1921N0620__m_3508054_nw_17_060_20220602,POINT (-80.335848 35.22932),train
NA5120_E1921N0625__m_3508038_ne_17_060_20221004,POINT (-80.280638 35.453225),train
NA5120_E1921N0696__m_3807921_sw_17_060_20221021,POINT (-79.441338 38.625402),test
NA5120_E1921N0709__m_3907954_ne_17_060_20221015,POINT (-79.275644 39.20465),train
NA5120_E1921N0714__m_3907939_sw_17_060_20221015,POINT (-79.210851 39.427299),train
NA5120_E1921N0773__m_4207861_se_17_060_20211107,POINT (-78.39863 42.048357),train
NA5120_E1921N0796__m_4307864_nw_17_060_20211107,POINT (-78.056337 43.066803),train
NA5120_E1922N0436__m_2608208_ne_17_060_20191121,POINT (-82.024249 26.941993),train
NA5120_E1922N0441__m_2708149_sw_17_060_20191121,POINT (-81.98355 27.167809),train
NA5120_E1922N0714__m_3907939_se_17_060_20221015,POINT (-79.153425 39.416446),train
NA5120_E1922N0760__m_4107836_ne_17_060_20220508,POINT (-78.526308 41.460537),train
NA5120_E1922N0777__m_4207854_ne_17_060_20211107,POINT (-78.280347 42.214115),train
NA5120_E1922N0789__m_4207816_sw_17_060_20211107,POINT (-78.101804 42.745415),test
NA5120_E1922N0789__m_4207816_sw_17_060_20221103,POINT (-78.101804 42.745415),test
NA5120_E1922N0791__m_4207816_nw_17_060_20221103,POINT (-78.07164 42.833912),train
NA5120_E1922N0799__m_4307749_nw_18_060_20221103,POINT (-77.949798 43.187748),train
NA5120_E1923N0452__m_2708118_sw_17_060_20191129,POINT (-81.843292 27.655676),test
NA5120_E1923N0454__m_2708110_sw_17_060_20191129,POINT (-81.826579 27.745937),train
NA5120_E1923N0477__m_2808111_se_17_060_20191130,POINT (-81.630432 28.783414),train
NA5120_E1923N0549__m_3208057_sw_17_060_20210507,POINT (-80.96623 32.024454),test
NA5120_E1923N0635__m_3508008_sw_17_060_20200603,POINT (-80.059338 35.880557),train
NA5120_E1923N0708__m_3907955_se_17_060_20221015,POINT (-79.174133 39.13849),train
NA5120_E1923N0742__m_4007819_sw_17_060_20191010,POINT (-78.719734 40.650353),train
NA5120_E1923N0780__m_4207847_ne_17_060_20190714,POINT (-78.176156 42.33542),train
NA5120_E1923N0796__m_4307757_sw_18_060_20211019,POINT (-77.935113 43.043339),train
NA5120_E1923N0797__m_4307757_ne_18_060_20211019,POINT (-77.919796 43.087551),train
NA5120_E1924N0430__m_2608117_sw_17_060_20211223,POINT (-81.974606 26.653676),train
NA5120_E1924N0441__m_2708149_se_17_060_20191129,POINT (-81.884975 27.150384),train
NA5120_E1924N0443__m_2708149_ne_17_060_20191129,POINT (-81.868507 27.240672),train
NA5120_E1924N0443__m_2708149_ne_17_060_20211204,POINT (-81.868507 27.240672),train
NA5120_E1924N0450__m_2708126_nw_17_060_20191129,POINT (-81.810451 27.556622),train
NA5120_E1924N0453__m_2708118_ne_17_060_20191129,POINT (-81.785369 27.692002),train
NA5120_E1924N0460__m_2808159_sw_17_060_20191129,POINT (-81.726368 28.007826),train
NA5120_E1924N0472__m_2808127_se_17_060_20191130,POINT (-81.623654 28.549026),test
NA5120_E1924N0486__m_2908152_ne_17_060_20191130,POINT (-81.501258 29.180083),train
NA5120_E1924N0486__m_2908152_ne_17_060_20211129,POINT (-81.501258 29.180083),train
NA5120_E1924N0640__m_3607957_nw_17_060_20200603,POINT (-79.947483 36.093949),test
NA5120_E1925N0427__m_2608125_sw_17_060_20191130,POINT (-81.949837 26.509512),train
NA5120_E1925N0427__m_2608125_sw_17_060_20211223,POINT (-81.949837 26.509512),train
NA5120_E1925N0430__m_2608117_se_17_060_20191130,POINT (-81.925594 26.644995),train
NA5120_E1925N0430__m_2608117_se_17_060_20211223,POINT (-81.925594 26.644995),train
NA5120_E1925N0442__m_2708150_nw_17_060_20191129,POINT (-81.82745 27.18677),val
NA5120_E1925N0449__m_2708126_se_17_060_20191129,POINT (-81.769319 27.502686),train
NA5120_E1925N0453__m_2708119_nw_17_060_20191129,POINT (-81.735806 27.68317),test
NA5120_E1925N0468__m_2808144_nw_17_060_20191130,POINT (-81.608182 28.359723),val
NA5120_E1925N0470__m_2808136_nw_17_060_20191130,POINT (-81.590929 28.449898),train
NA5120_E1925N0482__m_2808105_nw_17_060_20191130,POINT (-81.486228 28.99079),train
NA5120_E1925N0705__m_3807908_nw_17_060_20221020,POINT (-79.098761 38.983218),train
NA5120_E1925N0715__m_3907833_sw_17_060_20221015,POINT (-78.968085 39.428172),val
NA5120_E1925N0783__m_4207840_ne_17_060_20211019,POINT (-78.011469 42.444916),train
NA5120_E1925N0795__m_4207702_nw_18_060_20211019,POINT (-77.829355 42.975541),train
NA5120_E1926N0429__m_2608125_ne_17_060_20211223,POINT (-81.884709 26.591135),train
NA5120_E1926N0432__m_2608118_nw_17_060_20191130,POINT (-81.860318 26.726588),train
NA5120_E1926N0463__m_2808152_sw_17_060_20191130,POINT (-81.601269 28.125325),test
NA5120_E1926N0464__m_2808152_sw_17_060_20191130,POINT (-81.592695 28.170416),train
NA5120_E1926N0466__m_2808144_sw_17_060_20191130,POINT (-81.575505 28.260593),train
NA5120_E1926N0501__m_2908114_ne_17_060_20191125,POINT (-81.265427 29.837438),train
NA5120_E1926N0592__m_3308006_sw_17_060_20210507,POINT (-80.369567 33.925164),train
NA5120_E1926N0738__m_4007836_nw_17_060_20191010,POINT (-78.599931 40.439105),train
NA5120_E1926N0780__m_4207741_sw_18_060_20211019,POINT (-77.996465 42.300499),train
NA5120_E1927N0430__m_2608118_sw_17_060_20191130,POINT (-81.827599 26.627554),train
NA5120_E1927N0431__m_2608118_sw_17_060_20211223,POINT (-81.819445 26.672698),train
NA5120_E1927N0439__m_2708158_se_17_060_20191129,POINT (-81.753742 27.033791),train
NA5120_E1927N0458__m_2708104_sw_17_060_20191129,POINT (-81.594267 27.890921),val
NA5120_E1927N0476__m_2808121_nw_17_060_20191130,POINT (-81.438599 28.702319),train
NA5120_E1927N0640__m_3607958_ne_17_060_20200603,POINT (-79.783043 36.063067),train
NA5120_E1927N0707__m_3907857_sw_17_060_20221015,POINT (-78.958644 39.050372),train
NA5120_E1927N0764__m_4107831_ne_17_060_20191010,POINT (-78.172857 41.580613),test
NA5120_E1928N0427__m_2608134_ne_17_060_20211223,POINT (-81.80307 26.483369),train
NA5120_E1928N0430__m_2608118_se_17_060_20211223,POINT (-81.778616 26.618793),train
NA5120_E1928N0435__m_2608111_nw_17_060_20191129,POINT (-81.737598 26.844465),train
NA5120_E1928N0495__m_2908131_sw_17_060_20211130,POINT (-81.218667 29.548911),train
NA5120_E1928N0632__m_3507918_nw_17_060_20220529,POINT (-79.820521 35.695231),val
NA5120_E1929N0422__m_2608142_se_17_060_20211223,POINT (-81.794779 26.248891),train
NA5120_E1929N0424__m_2608142_ne_17_060_20211223,POINT (-81.778573 26.33918),train
NA5120_E1929N0432__m_2608119_nw_17_060_20211223,POINT (-81.713227 26.700267),train
NA5120_E1929N0434__m_2608111_sw_17_060_20191129,POINT (-81.69676 26.790521),train
NA5120_E1929N0457__m_2708112_ne_17_060_20191129,POINT (-81.503532 27.827918),test
NA5120_E1929N0466__m_2808153_ne_17_060_20191130,POINT (-81.425948 28.233588),train
NA5120_E1929N0468__m_2808145_ne_17_060_20191130,POINT (-81.408553 28.323716),train
NA5120_E1929N0474__m_2808130_nw_17_060_20191130,POINT (-81.356028 28.594053),train
NA5120_E1929N0483__m_2908162_se_17_060_20191130,POINT (-81.276272 28.999428),train
NA5120_E1929N0483__m_2908162_se_17_060_20211130,POINT (-81.276272 28.999428),train
NA5120_E1929N0798__m_4307760_ne_18_060_20190713,POINT (-77.540864 43.060391),train
NA5120_E1930N0422__m_2608150_ne_17_060_20211223,POINT (-81.746002 26.240129),train
NA5120_E1930N0430__m_2608127_ne_17_060_20211223,POINT (-81.680678 26.601192),train
NA5120_E1930N0472__m_2808130_sw_17_060_20191130,POINT (-81.323612 28.494851),train
NA5120_E1930N0473__m_2808130_sw_17_060_20191130,POINT (-81.314812 28.539897),train
NA5120_E1930N0751__m_4007807_ne_17_060_20191010,POINT (-78.183554 40.97014),train
NA5120_E1931N0421__m_2608151_nw_17_060_20211223,POINT (-81.705364 26.186207),test
NA5120_E1931N0430__m_2608127_ne_17_060_20211223,POINT (-81.631723 26.592351),train
NA5120_E1931N0490__m_2908148_sw_17_060_20191129,POINT (-81.112564 29.296133),train
NA5120_E1931N0642__m_3607960_ne_17_060_20200711,POINT (-79.54055 36.110748),train
NA5120_E1931N0642__m_3607960_ne_17_060_20221006,POINT (-79.54055 36.110748),train
NA5120_E1932N0449__m_2708137_ne_17_060_20191129,POINT (-81.423336 27.440292),train
NA5120_E1932N0473__m_2808131_sw_17_060_20191130,POINT (-81.214833 28.521605),train
NA5120_E1932N0474__m_2808131_nw_17_060_20191130,POINT (-81.205968 28.566636),val
NA5120_E1932N0480__m_2808115_ne_17_060_20191130,POINT (-81.152476 28.836777),train
NA5120_E1932N0488__m_2908156_nw_17_060_20191129,POINT (-81.080334 29.196854),train
NA5120_E1932N0488__m_2908156_nw_17_060_20211130,POINT (-81.080334 29.196854),train
NA5120_E1932N0489__m_2908148_sw_17_060_20211130,POINT (-81.07125 29.241854),train
NA5120_E1932N0489__m_2908156_nw_17_060_20191129,POINT (-81.07125 29.241854),train
NA5120_E1932N0624__m_3507943_sw_17_060_20220617,POINT (-79.69456 35.296408),train
NA5120_E1932N0642__m_3607961_nw_17_060_20200711,POINT (-79.485769 36.100251),train
NA5120_E1932N0724__m_3907813_sw_17_060_20190922,POINT (-78.444808 39.750076),train
NA5120_E1933N0424__m_2608144_sw_17_060_20211223,POINT (-81.583334 26.303922),train
NA5120_E1933N0457__m_2708114_se_17_060_20191129,POINT (-81.305152 27.791777),train
NA5120_E1933N0485__m_2908164_se_17_060_20191129,POINT (-81.057222 29.052568),test
NA5120_E1933N0485__m_2908164_se_17_060_20211130,POINT (-81.057222 29.052568),test
NA5120_E1933N0649__m_3607938_sw_17_060_20200711,POINT (-79.347777 36.402021),train
NA5120_E1934N0486__m_2908164_ne_17_060_20191129,POINT (-80.997867 29.088261),train
NA5120_E1934N0486__m_2908164_ne_17_060_20211130,POINT (-80.997867 29.088261),train
NA5120_E1934N0627__m_3507936_se_17_060_20200603,POINT (-79.551656 35.409623),test
NA5120_E1935N0600__m_3407950_ne_17_060_20210508,POINT (-79.802613 34.192683),train
NA5120_E1935N0610__m_3407919_sw_17_060_20190922,POINT (-79.691233 34.639756),train
NA5120_E1936N0453__m_2708131_nw_17_060_20191129,POINT (-81.191276 27.584232),train
NA5120_E1936N0788__m_4207730_se_18_060_20210926,POINT (-77.27524 42.534768),test
NA5120_E1937N0589__m_3307918_nw_17_060_20210508,POINT (-79.816778 33.680251),train
NA5120_E1937N0593__m_3307910_ne_17_060_20210508,POINT (-79.77305 33.859159),train
NA5120_E1937N0614__m_3407912_se_17_060_20221004,POINT (-79.538476 34.797735),train
NA5120_E1937N0724__m_3907823_ne_17_060_20190922,POINT (-78.157139 39.693175),train
NA5120_E1939N0613__m_3407921_nw_17_060_20221004,POINT (-79.4423 34.732189),train
NA5120_E1939N0797__m_4207601_sw_18_060_20221103,POINT (-76.95287 42.89463),train
NA5120_E1939N0799__m_4207601_ne_18_060_20221103,POINT (-76.920831 42.982673),test
NA5120_E1940N0418__m_2508106_ne_17_060_20191128,POINT (-81.292018 25.970749),train
NA5120_E1940N0458__m_2708009_sw_17_060_20191129,POINT (-80.949554 27.772495),train
NA5120_E1940N0629__m_3507939_nw_17_060_20200930,POINT (-79.202853 35.435631),train
NA5120_E1940N0631__m_3507931_se_17_060_20200930,POINT (-79.179274 35.524821),train
NA5120_E1940N0792__m_4207617_sw_18_060_20221103,POINT (-76.972402 42.662156),train
NA5120_E1941N0458__m_2708009_se_17_060_20191129,POINT (-80.900033 27.763196),train
NA5120_E1941N0462__m_2708002_nw_17_060_20191129,POINT (-80.864465 27.943172),train
NA5120_E1941N0717__m_3907848_ne_17_060_20221020,POINT (-78.024699 39.336976),train
NA5120_E1942N0613__m_3407922_ne_17_060_20200930,POINT (-79.281105 34.700644),train
NA5120_E1942N0757__m_4107761_ne_18_060_20220428,POINT (-77.392483 41.094554),train
NA5120_E1943N0471__m_2808043_nw_17_060_20220114,POINT (-80.683949 28.329136),train
NA5120_E1943N0474__m_2808035_ne_17_060_20220114,POINT (-80.65658 28.463999),train
NA5120_E1943N0596__m_3307905_ne_17_060_20210508,POINT (-79.420687 33.931195),val
NA5120_E1943N0604__m_3407946_sw_17_060_20210508,POINT (-79.330435 34.28841),val
NA5120_E1943N0610__m_3407930_ne_17_060_20200930,POINT (-79.261926 34.556208),test
NA5120_E1943N0643__m_3607857_se_17_060_20200711,POINT (-78.872108 36.027277),train
NA5120_E1943N0786__m_4207641_ne_18_060_20221103,POINT (-76.887898 42.360993),train
NA5120_E1944N0436__m_2608017_nw_17_060_20191203,POINT (-80.944691 26.745165),train
NA5120_E1944N0444__m_2708057_ne_17_060_20191129,POINT (-80.875239 27.105266),train
NA5120_E1944N0465__m_2808059_sw_17_060_20191215,POINT (-80.688631 28.049925),train
NA5120_E1944N0465__m_2808059_sw_17_060_20220114,POINT (-80.688631 28.049925),train
NA5120_E1944N0466__m_2808059_ne_17_060_20191130,POINT (-80.679586 28.094887),train
NA5120_E1944N0466__m_2808059_ne_17_060_20220114,POINT (-80.679586 28.094887),train
NA5120_E1944N0603__m_3407954_ne_17_060_20210508,POINT (-79.2884 34.23325),train
NA5120_E1944N0616__m_3407915_ne_17_060_20221004,POINT (-79.138927 34.813274),train
NA5120_E1944N0617__m_3407915_ne_17_060_20200930,POINT (-79.127289 34.857871),train
NA5120_E1944N0617__m_3407915_ne_17_060_20221004,POINT (-79.127289 34.857871),train
NA5120_E1944N0620__m_3407908_nw_17_060_20200930,POINT (-79.092255 34.991647),train
NA5120_E1944N0637__m_3507809_se_17_060_20200711,POINT (-78.890238 35.749223),test
NA5120_E1944N0638__m_3507809_se_17_060_20200711,POINT (-78.878167 35.79376),train
NA5120_E1944N0643__m_3607858_sw_17_060_20200711,POINT (-78.817492 36.016401),train
NA5120_E1944N0719__m_3907734_sw_18_060_20220722,POINT (-77.825447 39.390821),train
NA5120_E1944N0726__m_3907719_nw_18_060_20220428,POINT (-77.727006 39.700641),train
NA5120_E1944N0728__m_3907711_sw_18_060_20220428,POINT (-77.698646 39.789129),train
NA5120_E1944N0786__m_4207642_nw_18_060_20221103,POINT (-76.828215 42.348632),train
NA5120_E1944N0799__m_4207603_se_18_060_20190918,POINT (-76.619571 42.920444),train
NA5120_E1945N0447__m_2708050_ne_17_060_20220129,POINT (-80.79975 27.230942),train
NA5120_E1945N0454__m_2708027_sw_17_060_20191215,POINT (-80.737782 27.545835),val
NA5120_E1945N0454__m_2708027_sw_17_060_20220114,POINT (-80.737782 27.545835),val
NA5120_E1945N0463__m_2708003_ne_17_060_20191215,POINT (-80.657077 27.950553),train
NA5120_E1945N0463__m_2708003_ne_17_060_20220114,POINT (-80.657077 27.950553),train
NA5120_E1945N0466__m_2808059_ne_17_060_20220114,POINT (-80.629914 28.085423),val
NA5120_E1945N0637__m_3507818_nw_17_060_20200711,POINT (-78.835828 35.738372),train
NA5120_E1945N0746__m_4007729_ne_18_060_20220428,POINT (-77.380477 40.572909),train
NA5120_E1945N0761__m_4107755_ne_18_060_20220428,POINT (-77.156424 41.234907),train
NA5120_E1946N0405__m_2508148_nw_17_060_20191126,POINT (-81.109114 25.330512),train
NA5120_E1946N0449__m_2708043_nw_17_060_20191215,POINT (-80.732863 27.311551),val
NA5120_E1946N0465__m_2808060_sw_17_060_20220114,POINT (-80.589347 28.030985),train
NA5120_E1946N0609__m_3407940_nw_17_060_20221004,POINT (-79.112746 34.479782),train
NA5120_E1946N0610__m_3407932_sw_17_060_20200930,POINT (-79.101188 34.524382),train
NA5120_E1946N0634__m_3507826_nw_17_060_20200711,POINT (-78.81771 35.593916),train
NA5120_E1946N0730__m_3907712_ne_18_060_20220424,POINT (-77.555113 39.854028),train
NA5120_E1946N0734__m_4007760_se_18_060_20190927,POINT (-77.497575 40.030844),train
NA5120_E1946N0755__m_4007707_nw_18_060_20220428,POINT (-77.188362 40.958137),train
NA5120_E1946N0760__m_4107756_sw_18_060_20220428,POINT (-77.112928 41.17867),train
NA5120_E1946N0780__m_4207658_ne_18_060_20190918,POINT (-76.803942 42.059792),train
NA5120_E1947N0410__m_2508132_se_17_060_20191126,POINT (-81.019328 25.546686),train
NA5120_E1947N0412__m_2508124_se_17_060_20191126,POINT (-81.002614 25.636781),train
NA5120_E1947N0459__m_2708012_sw_17_060_20191215,POINT (-80.594118 27.75179),train
NA5120_E1947N0459__m_2708012_sw_17_060_20220114,POINT (-80.594118 27.75179),train
NA5120_E1947N0463__m_2708004_ne_17_060_20191215,POINT (-80.557912 27.931588),val
NA5120_E1947N0463__m_2708004_ne_17_060_20220114,POINT (-80.557912 27.931588),val
NA5120_E1947N0612__m_3407932_ne_17_060_20221004,POINT (-79.024404 34.602886),val
NA5120_E1947N0616__m_3407809_sw_17_060_20221004,POINT (-78.977691 34.781198),train
NA5120_E1947N0762__m_4107748_se_18_060_20190921,POINT (-77.02387 41.254667),val
NA5120_E1947N0792__m_4207628_ne_18_060_20221021,POINT (-76.552957 42.575133),train
NA5120_E1947N0804__m_4307662_nw_18_060_20211020,POINT (-76.356858 43.102245),train
NA5120_E1947N0807__m_4307654_ne_18_060_20211020,POINT (-76.307116 43.233923),train
NA5120_E1948N0457__m_2708020_sw_17_060_20220114,POINT (-80.562712 27.652399),train
NA5120_E1948N0752__m_4007715_se_18_060_20220428,POINT (-77.116689 40.801586),train
NA5120_E1948N0755__m_4007708_nw_18_060_20220428,POINT (-77.071544 40.933886),train
NA5120_E1948N0761__m_4107649_nw_18_060_20220511,POINT (-76.980486 41.198378),test
NA5120_E1948N0763__m_4107641_sw_18_060_20220511,POINT (-76.949904 41.28651),train
NA5120_E1948N0803__m_4307662_sw_18_060_20211020,POINT (-76.313115 43.045642),train
NA5120_E1949N0456__m_2708028_ne_17_060_20191215,POINT (-80.522335 27.597948),train
NA5120_E1949N0460__m_2708013_sw_17_060_20191215,POINT (-80.486111 27.777712),train
NA5120_E1949N0460__m_2708013_sw_17_060_20220114,POINT (-80.486111 27.777712),train
NA5120_E1949N0637__m_3507819_ne_17_060_20200921,POINT (-78.618355 35.694661),train
NA5120_E1949N0706__m_3807711_sw_18_060_20210903,POINT (-77.721675 38.757058),val
NA5120_E1949N0720__m_3907736_se_18_060_20210616,POINT (-77.525739 39.376442),train
NA5120_E1949N0728__m_3907721_ne_18_060_20210617,POINT (-77.411496 39.730055),train
NA5120_E1949N0739__m_4007754_ne_18_060_20190927,POINT (-77.251627 40.215883),train
NA5120_E1949N0739__m_4007754_ne_18_060_20220428,POINT (-77.251627 40.215883),train
NA5120_E1949N0750__m_4007724_nw_18_060_20220428,POINT (-77.088455 40.701247),train
NA5120_E1949N0752__m_4007716_se_18_060_20190927,POINT (-77.058425 40.789444),test
NA5120_E1949N0790__m_4207637_nw_18_060_20190918,POINT (-76.465741 42.462095),train
NA5120_E1949N0790__m_4207637_nw_18_060_20221021,POINT (-76.465741 42.462095),train
NA5120_E1949N0803__m_4307662_se_18_060_20211020,POINT (-76.252882 43.032906),val
NA5120_E1949N0808__m_4307647_se_18_060_20211020,POINT (-76.169574 43.252248),train
NA5120_E1949N0809__m_4307647_se_18_060_20221103,POINT (-76.152815 43.296103),val
NA5120_E1950N0430__m_2608035_sw_17_060_20191207,POINT (-80.703444 26.419342),train
NA5120_E1950N0451__m_2708044_ne_17_060_20191215,POINT (-80.51803 27.363704),train
NA5120_E1950N0451__m_2708044_ne_17_060_20220114,POINT (-80.51803 27.363704),train
NA5120_E1950N0457__m_2708021_sw_17_060_20191215,POINT (-80.4639 27.633358),train
NA5120_E1950N0457__m_2708021_sw_17_060_20220114,POINT (-80.4639 27.633358),train
NA5120_E1950N0458__m_2708021_sw_17_060_20191215,POINT (-80.454827 27.678293),train
NA5120_E1950N0458__m_2708021_sw_17_060_20220114,POINT (-80.454827 27.678293),train
NA5120_E1950N0728__m_3907722_nw_18_060_20190927,POINT (-77.354129 39.718143),train
NA5120_E1950N0731__m_3907714_nw_18_060_20220428,POINT (-77.310743 39.850654),train
NA5120_E1950N0739__m_4007755_nw_18_060_20190927,POINT (-77.193864 40.203851),train
NA5120_E1950N0740__m_4007747_se_18_060_20190927,POINT (-77.179132 40.247983),train
NA5120_E1950N0740__m_4007747_se_18_060_20220510,POINT (-77.179132 40.247983),train
NA5120_E1950N0761__m_4107649_se_18_060_20190921,POINT (-76.863309 41.173858),train
NA5120_E1950N0833__m_4407543_ne_18_060_20220709,POINT (-75.679137 44.334073),train
NA5120_E1951N0643__m_3507805_nw_17_060_20221006,POINT (-78.435654 35.93941),train
NA5120_E1951N0650__m_3607846_sw_17_060_20200712,POINT (-78.348255 36.250522),test
NA5120_E1951N0727__m_3907722_sw_18_060_20210616,POINT (-77.311227 39.66203),train
NA5120_E1951N0728__m_3907722_ne_18_060_20220428,POINT (-77.296783 39.706197),train
NA5120_E1951N0733__m_3907707_sw_18_060_20190927,POINT (-77.224161 39.926977),train
NA5120_E1951N0738__m_4007755_se_18_060_20190927,POINT (-77.150864 40.147661),train
NA5120_E1951N0756__m_4007601_ne_18_060_20220511,POINT (-76.88127 40.941317),test
NA5120_E1951N0762__m_4107650_ne_18_060_20220704,POINT (-76.789366 41.205582),train
NA5120_E1951N0782__m_4207661_nw_18_060_20221021,POINT (-76.475372 42.085388),test
NA5120_E1951N0803__m_4307663_se_18_060_20211020,POINT (-76.132493 43.007331),train
NA5120_E1951N0804__m_4307663_se_18_060_20211020,POINT (-76.115816 43.051184),train
NA5120_E1951N0805__m_4307664_nw_18_060_20190802,POINT (-76.099107 43.095033),test
NA5120_E1951N0829__m_4407551_sw_18_060_20190804,POINT (-75.68813 44.145998),train
NA5120_E1951N0829__m_4407551_sw_18_060_20220709,POINT (-75.68813 44.145998),train
NA5120_E1951N0841__m_4407521_sw_18_060_20220717,POINT (-75.475235 44.670443),train
NA5120_E1952N0424__m_2608051_se_17_060_20220130,POINT (-80.658059 26.13068),train
NA5120_E1952N0716__m_3907753_se_18_060_20210616,POINT (-77.411471 39.164095),test
NA5120_E1952N0741__m_4007748_se_18_060_20220510,POINT (-77.048765 40.267906),train
NA5120_E1952N0753__m_4007609_se_18_060_20220511,POINT (-76.868603 40.796878),train
NA5120_E1952N0753__m_4007610_sw_18_060_20220704,POINT (-76.868603 40.796878),train
NA5120_E1952N0754__m_4007610_nw_18_060_20220704,POINT (-76.853406 40.840933),train
NA5120_E1952N0792__m_4207630_se_18_060_20190918,POINT (-76.254106 42.511946),train
NA5120_E1952N0792__m_4207630_se_18_060_20221021,POINT (-76.254106 42.511946),train
NA5120_E1952N0794__m_4207631_nw_18_060_20211020,POINT (-76.221343 42.599722),train
NA5120_E1952N0794__m_4207631_nw_18_060_20221021,POINT (-76.221343 42.599722),train
NA5120_E1952N0795__m_4207623_sw_18_060_20211020,POINT (-76.204915 42.643603),train
NA5120_E1952N0795__m_4207623_sw_18_060_20221021,POINT (-76.204915 42.643603),train
NA5120_E1953N0426__m_2608052_nw_17_060_20220130,POINT (-80.592095 26.211259),val
NA5120_E1953N0450__m_2708045_se_17_060_20220114,POINT (-80.379363 27.290143),train
NA5120_E1953N0454__m_2708038_nw_17_060_20220114,POINT (-80.343107 27.469842),train
NA5120_E1953N0640__m_3507813_se_17_060_20200712,POINT (-78.364027 35.783814),train
NA5120_E1953N0710__m_3807705_sw_18_060_20210903,POINT (-77.439398 38.887015),train
NA5120_E1953N0720__m_3907746_ne_18_060_20210616,POINT (-77.297534 39.328939),train
NA5120_E1953N0791__m_4207639_nw_18_060_20211020,POINT (-76.210784 42.455323),train
NA5120_E1953N0791__m_4207639_nw_18_060_20221021,POINT (-76.210784 42.455323),train
NA5120_E1953N0794__m_4207631_ne_18_060_20190918,POINT (-76.161571 42.586958),test
NA5120_E1953N0794__m_4207631_ne_18_060_20211020,POINT (-76.161571 42.586958),test
NA5120_E1953N0794__m_4207631_ne_18_060_20221021,POINT (-76.161571 42.586958),test
NA5120_E1953N0804__m_4307664_se_18_060_20221014,POINT (-75.995452 43.025447),train
NA5120_E1953N0826__m_4307503_ne_18_060_20220709,POINT (-75.618415 43.988489),train
NA5120_E1953N0832__m_4407544_se_18_060_20220709,POINT (-75.51273 44.250734),train
NA5120_E1953N0842__m_4407522_nw_18_060_20190804,POINT (-75.333773 44.687413),train
NA5120_E1954N0721__m_3907747_nw_18_060_20210616,POINT (-77.22617 39.361143),train
NA5120_E1954N0732__m_3907716_nw_18_060_20190927,POINT (-77.066402 39.846668),train
NA5120_E1954N0732__m_3907716_nw_18_060_20220510,POINT (-77.066402 39.846668),train
NA5120_E1954N0736__m_4007764_se_18_060_20190927,POINT (-77.007496 40.023107),train
NA5120_E1954N0748__m_4007626_sw_18_060_20220704,POINT (-76.828133 40.55205),test
NA5120_E1954N0783__m_4207662_ne_18_060_20221021,POINT (-76.281325 42.091437),train
NA5120_E1954N0806__m_4307557_ne_18_060_20220709,POINT (-75.901618 43.100145),train
NA5120_E1954N0820__m_4307519_ne_18_060_20221022,POINT (-75.662071 43.712949),val
NA5120_E1954N0833__m_4407545_sw_18_060_20190804,POINT (-75.43367 44.281138),train
NA5120_E1955N0722__m_3907739_se_18_060_20210616,POINT (-77.154731 39.393291),train
NA5120_E1955N0733__m_3907601_sw_18_060_20220510,POINT (-76.994278 39.878654),val
NA5120_E1955N0734__m_3907601_sw_18_060_20220510,POINT (-76.979529 39.922755),train
NA5120_E1955N0754__m_4007611_se_18_060_20220704,POINT (-76.678735 40.803942),train
NA5120_E1955N0805__m_4307558_sw_18_060_20220709,POINT (-75.858324 43.043371),train
NA5120_E1955N0825__m_4307504_se_18_060_20190804,POINT (-75.51395 43.918363),train
NA5120_E1955N0825__m_4307504_se_18_060_20221108,POINT (-75.51395 43.918363),train
NA5120_E1956N0448__m_2708054_se_17_060_20220114,POINT (-80.250002 27.171471),train
NA5120_E1956N0731__m_3907609_sw_18_060_20220510,POINT (-76.966348 39.7783),train
NA5120_E1956N0825__m_4307505_sw_18_060_20211110,POINT (-75.453013 43.90511),train
NA5120_E1957N0443__m_2608006_ne_17_060_20220114,POINT (-80.246207 26.937267),val
NA5120_E1957N0624__m_3507862_sw_17_060_20200603,POINT (-78.344443 35.028088),train
NA5120_E1957N0734__m_3907601_se_18_060_20220510,POINT (-76.864646 39.898376),train
NA5120_E1957N0736__m_3907602_nw_18_060_20220510,POINT (-76.834924 39.986522),train
NA5120_E1957N0739__m_4007658_ne_18_060_20220510,POINT (-76.790134 40.118711),train
NA5120_E1957N0741__m_4007650_ne_18_060_20220704,POINT (-76.760136 40.206818),train
NA5120_E1957N0756__m_4007604_se_18_060_20191011,POINT (-76.531553 40.8671),train
NA5120_E1958N0410__m_2508037_nw_17_060_20191126,POINT (-80.488192 25.444553),train
NA5120_E1958N0446__m_2708063_ne_17_060_20220114,POINT (-80.170004 27.062333),train
NA5120_E1958N0637__m_3507831_ne_17_060_20220619,POINT (-78.13002 35.594531),val
NA5120_E1958N0682__m_3707728_ne_18_060_20210910,POINT (-77.544859 37.589592),val
NA5120_E1958N0683__m_3707720_se_18_060_20210910,POINT (-77.531318 37.633849),train
NA5120_E1958N0723__m_3907633_sw_18_060_20210616,POINT (-76.969154 39.401177),train
NA5120_E1958N0736__m_3907602_ne_18_060_20220510,POINT (-76.777444 39.974262),train
NA5120_E1958N0743__m_4007643_se_18_060_20220704,POINT (-76.672294 40.28257),val
NA5120_E1958N0760__m_4107661_se_18_060_20220704,POINT (-76.411155 41.030488),val
NA5120_E1959N0418__m_2508013_se_17_060_20191126,POINT (-80.370641 25.794789),train
NA5120_E1959N0641__m_3507816_se_17_060_20200922,POINT (-78.025562 35.760822),train
NA5120_E1959N0642__m_3507816_ne_17_060_20200922,POINT (-78.012936 35.805207),train
NA5120_E1959N0680__m_3707736_ne_18_060_20210910,POINT (-77.516327 37.489369),train
NA5120_E1959N0684__m_3707721_sw_18_060_20210910,POINT (-77.462079 37.666363),train
NA5120_E1959N0736__m_3907603_nw_18_060_20220510,POINT (-76.719986 39.961969),train
NA5120_E1959N0738__m_4007659_sw_18_060_20220510,POINT (-76.690011 40.050054),train
NA5120_E1959N0744__m_4007644_nw_18_060_20220704,POINT (-76.599416 40.314215),train
NA5120_E1959N0751__m_4007621_sw_18_060_20220704,POINT (-76.492438 40.622218),train
NA5120_E1959N0755__m_4007613_se_18_060_20191011,POINT (-76.430678 40.798129),train
NA5120_E1959N0755__m_4007613_se_18_060_20220704,POINT (-76.430678 40.798129),train
NA5120_E1959N0809__m_4307552_se_18_060_20220428,POINT (-75.549523 43.166111),train
NA5120_E1960N0414__m_2508030_nw_17_060_20191126,POINT (-80.357107 25.605472),train
NA5120_E1960N0415__m_2508022_sw_17_060_20191126,POINT (-80.348413 25.650424),train
NA5120_E1960N0416__m_2508022_nw_17_060_20191126,POINT (-80.339704 25.695374),train
NA5120_E1960N0647__m_3607757_se_18_060_20200922,POINT (-77.895008 36.015676),train
NA5120_E1960N0647__m_3607757_se_18_060_20220619,POINT (-77.895008 36.015676),train
NA5120_E1960N0710__m_3807716_se_18_060_20210910,POINT (-77.043272 38.803389),train
NA5120_E1960N0712__m_3807708_se_18_060_20210910,POINT (-77.014624 38.891655),test
NA5120_E1960N0713__m_3807708_se_18_060_20210910,POINT (-77.00026 38.935782),train
NA5120_E1960N0735__m_3907603_se_18_060_20220510,POINT (-76.677532 39.905605),train
NA5120_E1960N0736__m_3907603_ne_18_060_20220510,POINT (-76.66255 39.949643),train
NA5120_E1960N0739__m_4007659_ne_18_060_20220510,POINT (-76.617438 40.081732),test
NA5120_E1960N0739__m_4007660_nw_18_060_20191011,POINT (-76.617438 40.081732),test
NA5120_E1960N0741__m_4007652_sw_18_060_20220704,POINT (-76.587225 40.169772),train
NA5120_E1960N0745__m_4007644_ne_18_060_20220711,POINT (-76.52646 40.345802),train
NA5120_E1960N0775__m_4107624_se_18_060_20220511,POINT (-76.05596 41.663896),train
NA5120_E1960N0785__m_4207557_ne_18_060_20190918,POINT (-75.893117 42.102393),train
NA5120_E1960N0803__m_4207504_sw_18_060_20220428,POINT (-75.592041 42.890543),val
NA5120_E1960N0803__m_4207504_sw_18_060_20221022,POINT (-75.592041 42.890543),val
NA5120_E1960N0810__m_4307553_nw_18_060_20220428,POINT (-75.472108 43.196636),train
NA5120_E1960N0811__m_4307553_nw_18_060_20220428,POINT (-75.454842 43.240344),train
NA5120_E1961N0629__m_3507856_nw_17_060_20220619,POINT (-78.067556 35.205471),val
NA5120_E1961N0634__m_3507840_se_17_060_20220619,POINT (-78.005212 35.427456),test
NA5120_E1961N0641__m_3507717_ne_18_060_20200922,POINT (-77.917016 35.738101),train
NA5120_E1961N0641__m_3507717_ne_18_060_20220619,POINT (-77.917016 35.738101),train
NA5120_E1961N0642__m_3507709_se_18_060_20220619,POINT (-77.904329 35.782466),train
NA5120_E1961N0731__m_3907619_ne_18_060_20220510,POINT (-76.679946 39.717112),val
NA5120_E1961N0732__m_3907611_se_18_060_20191011,POINT (-76.665039 39.761155),train
NA5120_E1961N0732__m_3907611_se_18_060_20220510,POINT (-76.665039 39.761155),train
NA5120_E1961N0734__m_3907611_ne_18_060_20220510,POINT (-76.635143 39.849228),train
NA5120_E1961N0735__m_3907603_se_18_060_20220510,POINT (-76.620153 39.893259),train
NA5120_E1961N0736__m_3907604_nw_18_060_20220510,POINT (-76.605136 39.937285),train
NA5120_E1961N0745__m_4007645_nw_18_060_20191011,POINT (-76.468724 40.333343),train
NA5120_E1961N0745__m_4007645_nw_18_060_20220711,POINT (-76.468724 40.333343),train
NA5120_E1961N0748__m_4007637_ne_18_060_20191011,POINT (-76.422745 40.465288),train
NA5120_E1961N0748__m_4007637_ne_18_060_20220711,POINT (-76.422745 40.465288),train
NA5120_E1961N0801__m_4207512_sw_18_060_20220428,POINT (-75.566171 42.789923),test
NA5120_E1961N0801__m_4207512_sw_18_060_20221022,POINT (-75.566171 42.789923),test
NA5120_E1961N0802__m_4207512_ne_18_060_20220428,POINT (-75.549164 42.833661),train
NA5120_E1961N0802__m_4207512_ne_18_060_20221022,POINT (-75.549164 42.833661),train
NA5120_E1961N0810__m_4307553_se_18_060_20220428,POINT (-75.411914 43.1834),train
NA5120_E1962N0644__m_3507710_nw_18_060_20200922,POINT (-77.824548 35.859751),train
NA5120_E1962N0644__m_3507710_nw_18_060_20220619,POINT (-77.824548 35.859751),train
NA5120_E1962N0646__m_3507702_ne_18_060_20200922,POINT (-77.798955 35.948439),train
NA5120_E1962N0773__m_4107525_sw_18_060_20220511,POINT (-75.970652 41.550543),val
NA5120_E1962N0779__m_4107509_ne_18_060_20220511,POINT (-75.873234 41.813606),test
NA5120_E1962N0804__m_4207505_sw_18_060_20221022,POINT (-75.455119 42.907931),test
NA5120_E1962N0810__m_4307554_sw_18_060_20220430,POINT (-75.351747 43.170131),test
NA5120_E1963N0678__m_3707746_nw_18_060_20210903,POINT (-77.32159 37.353824),train
NA5120_E1963N0775__m_4107517_se_18_060_20220511,POINT (-75.879511 41.625375),train
NA5120_E1963N0794__m_4207536_nw_18_060_20221022,POINT (-75.565256 42.457445),train
NA5120_E1963N0796__m_4207528_se_18_060_20221022,POINT (-75.531509 42.544934),train
NA5120_E1963N0852__m_4407404_ne_18_060_20221022,POINT (-74.531314 44.986616),train
NA5120_E1964N0745__m_4007646_se_18_060_20220720,POINT (-76.295652 40.29577),train
NA5120_E1964N0775__m_4107526_nw_18_060_20220511,POINT (-75.820744 41.612468),train
NA5120_E1965N0770__m_4107534_sw_18_060_20220430,POINT (-75.843207 41.38041),val
NA5120_E1965N0774__m_4107526_ne_18_060_20220511,POINT (-75.778304 41.555713),train
NA5120_E1965N0777__m_4107519_nw_18_060_20220511,POINT (-75.729303 41.687143),train
NA5120_E1966N0726__m_3907637_nw_18_060_20211101,POINT (-76.46909 39.43512),train
NA5120_E1966N0733__m_3907622_nw_18_060_20211101,POINT (-76.363897 39.743085),val
NA5120_E1966N0738__m_3907606_ne_18_060_20220720,POINT (-76.287927 39.962938),train
NA5120_E1966N0773__m_4107527_sw_18_060_20220511,POINT (-75.735932 41.498944),train
NA5120_E1966N0774__m_4107527_sw_18_060_20220511,POINT (-75.719623 41.542751),train
NA5120_E1967N0726__m_3907637_se_18_060_20211101,POINT (-76.412159 39.422679),train
NA5120_E1967N0729__m_3907629_se_18_060_20211101,POINT (-76.367137 39.554655),train
NA5120_E1967N0770__m_4107543_nw_18_060_20220430,POINT (-75.726168 41.354549),train
NA5120_E1967N0771__m_4107535_sw_18_060_20220430,POINT (-75.709914 41.398358),train
NA5120_E1967N0773__m_4107535_ne_18_060_20220511,POINT (-75.677314 41.485961),test
NA5120_E1967N0792__m_4207546_nw_18_060_20221022,POINT (-75.361381 42.317281),train
NA5120_E1968N0637__m_3507736_nw_18_060_20220922,POINT (-77.589039 35.480399),train
NA5120_E1968N0643__m_3507712_se_18_060_20221006,POINT (-77.511825 35.746212),train
NA5120_E1968N0727__m_3907638_nw_18_060_20211101,POINT (-76.340235 39.454191),train
NA5120_E1968N0728__m_3907630_sw_18_060_20211101,POINT (-76.325193 39.498172),train
NA5120_E1968N0729__m_3907630_sw_18_060_20211101,POINT (-76.310124 39.542149),train
NA5120_E1968N0771__m_4107535_se_18_060_20220430,POINT (-75.651394 41.385366),train
NA5120_E1968N0786__m_4207561_se_18_060_20221022,POINT (-75.403303 42.041766),train
NA5120_E1968N0809__m_4307564_se_18_060_20220429,POINT (-75.008863 43.046181),train
NA5120_E1970N0659__m_3607739_nw_18_060_20200922,POINT (-77.192578 36.430833),train
NA5120_E1970N0771__m_4107544_ne_18_060_20220429,POINT (-75.534428 41.359282),val
NA5120_E1970N0772__m_4107536_se_18_060_20220429,POINT (-75.518033 41.40305),train
NA5120_E1970N0805__m_4207409_nw_18_060_20220429,POINT (-74.959181 42.844761),train
NA5120_E1970N0810__m_4307457_ne_18_060_20220429,POINT (-74.871389 43.06274),train
NA5120_E1970N0811__m_4307458_nw_18_060_20221022,POINT (-74.853729 43.106321),train
NA5120_E1971N0642__m_3507722_sw_18_060_20221007,POINT (-77.362336 35.666945),train
NA5120_E1971N0790__m_4207555_se_18_060_20221022,POINT (-75.158404 42.176758),train
NA5120_E1971N0811__m_4307458_ne_18_060_20221022,POINT (-74.793769 43.092731),train
NA5120_E1971N0840__m_4407446_ne_18_060_20220511,POINT (-74.265247 44.353942),train
NA5120_E1972N0659__m_3607740_sw_18_060_20200922,POINT (-77.083306 36.407089),test
NA5120_E1972N0769__m_4107545_sw_18_060_20220429,POINT (-75.450407 41.245564),train
NA5120_E1972N0811__m_4307459_nw_18_060_20221022,POINT (-74.733836 43.079107),train
NA5120_E1972N0855__m_4407301_ne_18_060_20220430,POINT (-73.918135 44.990293),test
NA5120_E1972N0855__m_4407301_ne_18_060_20221021,POINT (-73.918135 44.990293),test
NA5120_E1973N0754__m_4007527_ne_18_060_20220430,POINT (-75.635089 40.57577),test
NA5120_E1973N0763__m_4007504_ne_18_060_20220429,POINT (-75.490103 40.969888),train
NA5120_E1973N0764__m_4107561_sw_18_060_20220429,POINT (-75.473843 41.013657),train
NA5120_E1974N0756__m_4007520_se_18_060_20220429,POINT (-75.545251 40.650372),train
NA5120_E1974N0757__m_4007520_ne_18_060_20220429,POINT (-75.529166 40.69416),train
NA5120_E1974N0759__m_4007512_se_18_060_20220429,POINT (-75.496905 40.781723),train
NA5120_E1974N0767__m_4107553_se_18_060_20220429,POINT (-75.366654 41.131793),train
NA5120_E1975N0647__m_3507716_nw_18_060_20200922,POINT (-77.08011 35.840982),train
NA5120_E1975N0757__m_4007521_nw_18_060_20220429,POINT (-75.471325 40.681105),train
NA5120_E1975N0759__m_4007513_sw_18_060_20220429,POINT (-75.438993 40.768644),train
NA5120_E1975N0766__m_4107562_nw_18_060_20220429,POINT (-75.324878 41.074887),train
NA5120_E1975N0801__m_4207427_nw_18_060_20220415,POINT (-74.731212 42.602638),train
NA5120_E1975N0808__m_4207404_sw_18_060_20220415,POINT (-74.607664 42.907466),train
NA5120_E1976N0646__m_3507716_se_18_060_20200922,POINT (-77.039187 35.784892),val
NA5120_E1976N0749__m_4007544_ne_18_060_20220510,POINT (-75.541927 40.317776),test
NA5120_E1976N0755__m_4007529_nw_18_060_20220429,POINT (-75.445792 40.580484),train
NA5120_E1976N0757__m_4007521_se_18_060_20220429,POINT (-75.413509 40.668017),train
NA5120_E1976N0758__m_4007521_ne_18_060_20220429,POINT (-75.397322 40.711777),train
NA5120_E1976N0763__m_4007506_nw_18_060_20220429,POINT (-75.315935 40.930507),train
NA5120_E1976N0797__m_4207435_sw_18_060_20220415,POINT (-74.741784 42.41476),train
NA5120_E1976N0808__m_4207404_se_18_060_20220415,POINT (-74.547958 42.893745),val
NA5120_E1976N0852__m_4407311_sw_18_060_20221021,POINT (-73.730032 44.803279),train
NA5120_E1977N0641__m_3507732_se_18_060_20221007,POINT (-77.05116 35.551975),train
NA5120_E1977N0733__m_3907527_nw_18_060_20210629,POINT (-75.736197 39.603609),train
NA5120_E1977N0747__m_4007552_ne_18_060_20220510,POINT (-75.516298 40.217169),val
NA5120_E1977N0756__m_4007529_ne_18_060_20220429,POINT (-75.371908 40.611144),train
NA5120_E1977N0757__m_4007522_sw_18_060_20220429,POINT (-75.355716 40.654896),train
NA5120_E1977N0758__m_4007522_nw_18_060_20220429,POINT (-75.339494 40.698644),val
NA5120_E1977N0759__m_4007514_sw_18_060_20220429,POINT (-75.323241 40.742387),train
NA5120_E1977N0766__m_4107563_sw_18_060_20220429,POINT (-75.208622 41.048462),val
NA5120_E1977N0798__m_4207435_ne_18_060_20220415,POINT (-74.665033 42.444703),train
NA5120_E1977N0850__m_4407319_nw_18_060_20221021,POINT (-73.707423 44.702395),train
NA5120_E1977N0853__m_4407311_ne_18_060_20220430,POINT (-73.64915 44.83219),train
NA5120_E1978N0745__m_4007560_ne_18_060_20220510,POINT (-75.490714 40.116559),val
NA5120_E1978N0756__m_4007530_nw_18_060_20220429,POINT (-75.314176 40.598002),train
NA5120_E1978N0758__m_4007522_ne_18_060_20220429,POINT (-75.28169 40.685479),train
NA5120_E1978N0759__m_4007522_ne_18_060_20220429,POINT (-75.265401 40.72921),train
NA5120_E1978N0762__m_4007515_nw_18_060_20220429,POINT (-75.216355 40.860377),test
NA5120_E1978N0763__m_4007507_sw_18_060_20220429,POINT (-75.199945 40.90409),train
NA5120_E1978N0812__m_4307462_sw_18_060_20221022,POINT (-74.356819 43.04012),train
NA5120_E1979N0634__m_3507756_ne_18_060_20221007,POINT (-77.035261 35.21875),train
NA5120_E1979N0669__m_3607612_sw_18_060_20210926,POINT (-76.563779 36.764103),test
NA5120_E1979N0740__m_3907504_se_18_060_20220510,POINT (-75.512636 39.884558),train
NA5120_E1979N0759__m_4007523_nw_18_060_20220429,POINT (-75.207586 40.716001),test
NA5120_E1979N0759__m_4007523_nw_18_060_20220703,POINT (-75.207586 40.716001),test
NA5120_E1979N0760__m_4007515_sw_18_060_20220429,POINT (-75.191232 40.759715),train
NA5120_E1979N0760__m_4007515_sw_18_060_20220703,POINT (-75.191232 40.759715),train
NA5120_E1979N0857__m_4407305_nw_18_060_20220924,POINT (-73.447759 44.976228),train
NA5120_E1980N0738__m_3907513_sw_18_060_20220704,POINT (-75.487074 39.78395),train
NA5120_E1980N0759__m_4007523_ne_18_060_20220703,POINT (-75.149795 40.702758),train
NA5120_E1981N0750__m_4007547_sw_18_060_20220510,POINT (-75.238495 40.29606),test
NA5120_E1981N0751__m_4007547_nw_18_060_20220510,POINT (-75.222341 40.339792),train
NA5120_E1981N0754__m_4007539_ne_18_060_20220510,POINT (-75.173699 40.470961),train
NA5120_E1981N0813__m_4307463_se_18_060_20221022,POINT (-74.159421 43.041822),train
NA5120_E1982N0654__m_3607660_nw_18_060_20200922,POINT (-76.606451 36.066016),train
NA5120_E1982N0739__m_3907514_sw_18_060_20220704,POINT (-75.357196 39.80164),train
NA5120_E1982N0750__m_4007547_se_18_060_20220510,POINT (-75.181069 40.28286),test
NA5120_E1982N0752__m_4007539_se_18_060_20220510,POINT (-75.148661 40.370296),train
NA5120_E1982N0811__m_4207407_ne_18_060_20221022,POINT (-74.13604 42.940999),train
NA5120_E1983N0743__m_3907507_nw_18_060_20220510,POINT (-75.236402 39.963544),train
NA5120_E1983N0744__m_4007563_sw_18_060_20220510,POINT (-75.220386 40.007284),train
NA5120_E1983N0746__m_4007563_nw_18_060_20220510,POINT (-75.188265 40.09475),train
NA5120_E1983N0748__m_4007555_ne_18_060_20220510,POINT (-75.156025 40.182199),train
NA5120_E1983N0749__m_4007555_ne_18_060_20220510,POINT (-75.139861 40.225916),train
NA5120_E1983N0750__m_4007547_se_18_060_20220510,POINT (-75.123667 40.269629),train
NA5120_E1983N0755__m_4007540_ne_18_060_20220430,POINT (-75.042247 40.488124),val
NA5120_E1983N0761__m_4007409_sw_18_060_20220703,POINT (-74.943545 40.750165),train
NA5120_E1983N0775__m_4107443_nw_18_060_20220430,POINT (-74.708913 41.36093),train
NA5120_E1984N0657__m_3607653_sw_18_060_20200922,POINT (-76.456786 36.173909),train
NA5120_E1984N0740__m_3907515_nw_18_060_20220510,POINT (-75.227243 39.819151),train
NA5120_E1984N0743__m_3907507_ne_18_060_20220510,POINT (-75.179267 39.950363),train
NA5120_E1984N0745__m_4007563_se_18_060_20220510,POINT (-75.147136 40.037815),val
NA5120_E1984N0746__m_4007563_ne_18_060_20191024,POINT (-75.131026 40.081534),test
NA5120_E1984N0746__m_4007563_ne_18_060_20220510,POINT (-75.131026 40.081534),test
NA5120_E1984N0747__m_4007556_sw_18_060_20220510,POINT (-75.114886 40.125248),train
NA5120_E1984N0751__m_4007548_se_18_060_20191014,POINT (-75.05003 40.300061),val
NA5120_E1984N0751__m_4007548_se_18_060_20220430,POINT (-75.05003 40.300061),val
NA5120_E1984N0753__m_4007540_se_18_060_20220430,POINT (-75.017422 40.38744),train
NA5120_E1984N0753__m_4007540_se_18_060_20220703,POINT (-75.017422 40.38744),train
NA5120_E1984N0804__m_4207431_ne_18_060_20221022,POINT (-74.143477 42.609072),train
NA5120_E1985N0739__m_3907515_sw_18_060_20220704,POINT (-75.186203 39.762239),train
NA5120_E1985N0748__m_4007556_se_18_060_20220430,POINT (-75.041432 40.155686),train
NA5120_E1985N0749__m_4007556_ne_18_060_20220430,POINT (-75.025198 40.19938),train
NA5120_E1985N0799__m_4207439_se_18_060_20221022,POINT (-74.1738 42.377936),train
NA5120_E1985N0806__m_4207424_ne_18_060_20221021,POINT (-74.04808 42.681929),test
NA5120_E1985N0809__m_4207309_nw_18_060_20210920,POINT (-73.993684 42.812133),train
NA5120_E1986N0660__m_3607646_se_18_060_20220619,POINT (-76.306613 36.281523),val
NA5120_E1986N0660__m_3607646_sw_18_060_20220618,POINT (-76.306613 36.281523),val
NA5120_E1986N0733__m_3907539_nw_18_060_20220704,POINT (-75.224653 39.486611),train
NA5120_E1986N0742__m_3907508_sw_18_060_20220629,POINT (-75.081157 39.880196),test
NA5120_E1986N0745__m_4007564_se_18_060_20220430,POINT (-75.032797 40.011309),train
NA5120_E1986N0745__m_4007564_se_18_060_20220629,POINT (-75.032797 40.011309),train
NA5120_E1986N0748__m_4007449_sw_18_060_20220430,POINT (-74.984171 40.142382),train
NA5120_E1986N0749__m_4007449_nw_18_060_20220430,POINT (-74.967903 40.186063),train
NA5120_E1986N0750__m_4007449_nw_18_060_20220430,POINT (-74.951605 40.22974),val
NA5120_E1987N0732__m_3907539_sw_18_060_20220704,POINT (-75.183762 39.429709),train
NA5120_E1987N0741__m_3907516_ne_18_060_20220629,POINT (-75.040221 39.823229),train
NA5120_E1987N0742__m_3907516_ne_18_060_20220629,POINT (-75.024126 39.866931),val
NA5120_E1987N0744__m_3907401_nw_18_060_20220630,POINT (-74.991848 39.954321),train
NA5120_E1987N0744__m_3907508_ne_18_060_20220430,POINT (-74.991848 39.954321),train
NA5120_E1987N0744__m_3907508_ne_18_060_20220629,POINT (-74.991848 39.954321),train
NA5120_E1987N0745__m_4007457_sw_18_060_20220430,POINT (-74.975664 39.998009),train
NA5120_E1987N0745__m_4007457_sw_18_060_20220630,POINT (-74.975664 39.998009),train
NA5120_E1987N0747__m_4007457_nw_18_060_20220430,POINT (-74.943207 40.085371),train
NA5120_E1987N0750__m_4007449_ne_18_060_20220429,POINT (-74.894298 40.21638),train
NA5120_E1987N0775__m_4107445_nw_18_060_20220704,POINT (-74.476007 41.306459),train
NA5120_E1987N0806__m_4207317_se_18_060_20210920,POINT (-73.929402 42.653833),val
NA5120_E1987N0811__m_4207302_sw_18_060_20210920,POINT (-73.838193 42.870679),train
NA5120_E1987N0812__m_4207302_sw_18_060_20210920,POINT (-73.819846 42.914032),train
NA5120_E1988N0699__m_3707503_ne_18_060_20211017,POINT (-75.634938 37.970968),train
NA5120_E1988N0746__m_4007457_se_18_060_20220630,POINT (-74.902306 40.028348),test
NA5120_E1988N0751__m_4007442_sw_18_060_20220629,POINT (-74.820618 40.246635),train
NA5120_E1988N0769__m_4107460_se_18_060_20220704,POINT (-74.520226 41.03149),train
NA5120_E1988N0805__m_4207325_ne_18_060_20210920,POINT (-73.888281 42.596362),train
NA5120_E1988N0807__m_4207318_nw_18_060_20210920,POINT (-73.851896 42.683101),test
NA5120_E1989N0690__m_3707527_nw_18_060_20211017,POINT (-75.713039 37.563191),val
NA5120_E1989N0738__m_3907417_sw_18_060_20220630,POINT (-74.974612 39.665565),train
NA5120_E1989N0741__m_3907409_se_18_060_20220630,POINT (-74.926299 39.796627),train
NA5120_E1989N0744__m_3907401_se_18_060_20190730,POINT (-74.87772 39.927647),train
NA5120_E1989N0744__m_3907401_se_18_060_20220630,POINT (-74.87772 39.927647),train
NA5120_E1989N0805__m_4207326_nw_18_060_20210920,POINT (-73.829049 42.582244),test
NA5120_E1990N0757__m_4007436_nw_18_060_20220704,POINT (-74.606618 40.481374),train
NA5120_E1990N0764__m_4007413_sw_18_060_20220704,POINT (-74.489207 40.786408),train
NA5120_E1990N0765__m_4007413_nw_18_060_20220704,POINT (-74.47231 40.829965),train
NA5120_E1990N0769__m_4107461_se_18_060_20220704,POINT (-74.404405 41.004143),train
NA5120_E1990N0777__m_4107446_ne_18_060_20220704,POINT (-74.267072 41.352262),train
NA5120_E1990N0791__m_4107408_ne_18_060_20221022,POINT (-74.021738 41.960688),train
NA5120_E1990N0793__m_4207357_sw_18_060_20221022,POINT (-73.986161 42.047524),train
NA5120_E1990N0803__m_4207334_ne_18_060_20211107,POINT (-73.80624 42.481384),train
NA5120_E1991N0700__m_3707505_nw_18_060_20211017,POINT (-75.453278 37.976212),train
NA5120_E1991N0746__m_3907403_nw_18_060_20220711,POINT (-74.731016 39.988122),test
NA5120_E1991N0749__m_4007451_se_18_060_20220711,POINT (-74.681784 40.119),train
NA5120_E1991N0758__m_4007428_se_18_060_20220704,POINT (-74.532451 40.511379),train
NA5120_E1991N0762__m_4007421_nw_18_060_20220704,POINT (-74.465282 40.685644),train
NA5120_E1991N0763__m_4007421_nw_18_060_20220704,POINT (-74.448412 40.729199),train
NA5120_E1991N0765__m_4007413_ne_18_060_20220704,POINT (-74.414578 40.816292),train
NA5120_E1991N0769__m_4007406_nw_18_060_20220720,POINT (-74.346533 40.990421),train
NA5120_E1991N0790__m_4107301_sw_18_060_20221022,POINT (-73.980852 41.903274),train
NA5120_E1992N0748__m_4007459_ne_18_060_20220711,POINT (-74.641108 40.061882),train
NA5120_E1992N0761__m_4007421_se_18_060_20220704,POINT (-74.424555 40.62843),train
NA5120_E1992N0803__m_4207335_nw_18_060_20211107,POINT (-73.688065 42.453033),train
NA5120_E1992N0828__m_4307331_sw_18_060_20211029,POINT (-73.22109 43.534621),train
NA5120_E1993N0747__m_4007460_sw_18_060_20190730,POINT (-74.600493 40.004751),train
NA5120_E1993N0747__m_4007460_sw_18_060_20220711,POINT (-74.600493 40.004751),train
NA5120_E1993N0762__m_4007422_sw_18_060_20220720,POINT (-74.350104 40.658277),train
NA5120_E1993N0764__m_4007414_sw_18_060_20220720,POINT (-74.316193 40.745331),train
NA5120_E1993N0767__m_4007406_se_18_060_20220720,POINT (-74.265091 40.875874),train
NA5120_E1993N0770__m_4107463_sw_18_060_20220720,POINT (-74.213704 41.006373),train
NA5120_E1993N0779__m_4107440_se_18_060_20211105,POINT (-74.057812 41.397598),train
NA5120_E1993N0780__m_4107440_ne_18_060_20211105,POINT (-74.040328 41.441042),train
NA5120_E1993N0780__m_4107440_ne_18_060_20221022,POINT (-74.040328 41.441042),train
NA5120_E1993N0781__m_4107440_ne_18_060_20211105,POINT (-74.022812 41.484481),train
NA5120_E1993N0781__m_4107440_ne_18_060_20221022,POINT (-74.022812 41.484481),train
NA5120_E1993N0854__m_4407219_se_18_060_20210920,POINT (-72.64994 44.640697),train
NA5120_E1994N0755__m_4007445_ne_18_060_20220704,POINT (-74.410503 40.339787),train
NA5120_E1994N0759__m_4007430_sw_18_060_20220720,POINT (-74.34329 40.513964),train
NA5120_E1994N0761__m_4007430_nw_18_060_20220720,POINT (-74.309496 40.601022),train
NA5120_E1994N0762__m_4007422_se_18_060_20220720,POINT (-74.292553 40.644544),train
NA5120_E1994N0763__m_4007422_ne_18_060_20220720,POINT (-74.275578 40.688061),train
NA5120_E1994N0764__m_4007422_ne_18_060_20190830,POINT (-74.258572 40.731573),test
NA5120_E1994N0764__m_4007422_ne_18_060_20220720,POINT (-74.258572 40.731573),test
NA5120_E1994N0767__m_4007415_nw_18_060_20220720,POINT (-74.207365 40.86208),train
NA5120_E1994N0768__m_4007407_sw_18_060_20220720,POINT (-74.190233 40.905572),train
NA5120_E1994N0787__m_4107318_nw_18_060_20211105,POINT (-73.858589 41.730957),train
NA5120_E1994N0787__m_4107318_nw_18_060_20221022,POINT (-73.858589 41.730957),train
NA5120_E1995N0644__m_3507640_ne_18_060_20201018,POINT (-76.041317 35.465479),train
NA5120_E1995N0758__m_4007438_ne_18_060_20221007,POINT (-74.302752 40.456712),test
NA5120_E1995N0763__m_4007423_sw_18_060_20211105,POINT (-74.218017 40.674284),train
NA5120_E1995N0763__m_4007423_sw_18_060_20220720,POINT (-74.218017 40.674284),train
NA5120_E1995N0763__m_4007423_sw_18_060_20221007,POINT (-74.218017 40.674284),train
NA5120_E1995N0764__m_4007423_nw_18_060_20220720,POINT (-74.200977 40.717784),val
NA5120_E1995N0765__m_4007415_sw_18_060_20220720,POINT (-74.183904 40.761279),train
NA5120_E1995N0769__m_4007407_ne_18_060_20220710,POINT (-74.115298 40.935207),train
NA5120_E1995N0773__m_4107464_ne_18_060_20211105,POINT (-74.046182 41.109055),train
NA5120_E1995N0776__m_4107349_nw_18_060_20221022,POINT (-73.994007 41.239387),train
NA5120_E1995N0854__m_4407228_ne_18_060_20210920,POINT (-72.528051 44.610732),train
NA5120_E1996N0771__m_4107464_se_18_060_20220719,POINT (-74.022989 41.008232),train
NA5120_E1996N0772__m_4107464_se_18_060_20220719,POINT (-74.005659 41.051678),val
NA5120_E1996N0774__m_4107349_sw_18_060_20220719,POINT (-73.970902 41.138557),train
NA5120_E1996N0778__m_4107341_ne_18_060_20211105,POINT (-73.900999 41.312251),train
NA5120_E1996N0815__m_4207307_sw_18_060_20211106,POINT (-73.228909 42.914888),train
NA5120_E1997N0733__m_3907444_nw_18_060_20220711,POINT (-74.601956 39.340119),train
NA5120_E1997N0772__m_4107357_sw_18_060_20220719,POINT (-73.947835 41.037724),val
NA5120_E1997N0791__m_4107312_nw_18_060_20221021,POINT (-73.611677 41.861984),train
NA5120_E1997N0848__m_4407244_ne_18_060_20210920,POINT (-72.527501 44.32273),train
NA5120_E1998N0839__m_4307203_se_18_060_20210920,POINT (-72.646427 43.920575),train
NA5120_E1999N0773__m_4107358_sw_18_060_20220915,POINT (-73.814797 41.053121),test
NA5120_E1999N0844__m_4407253_sw_18_060_20210920,POINT (-72.486667 44.120722),train
NA5120_E2000N0751__m_4007463_ne_18_060_20220712,POINT (-74.134706 40.083281),train
NA5120_E2000N0769__m_4007310_nw_18_060_20190809,POINT (-73.82683 40.865462),train
NA5120_E2000N0770__m_4007302_sw_18_060_20190809,POINT (-73.809425 40.908869),val
NA5120_E2000N0770__m_4007302_sw_18_060_20211105,POINT (-73.809425 40.908869),val
NA5120_E2000N0781__m_4107335_se_18_060_20221021,POINT (-73.615821 41.385995),train
NA5120_E2001N0751__m_4007464_nw_18_060_20220712,POINT (-74.077706 40.069461),train
NA5120_E2001N0779__m_4107344_sw_18_060_20211106,POINT (-73.593352 41.285118),train
NA5120_E2001N0781__m_4107336_se_18_060_20221021,POINT (-73.557786 41.371795),train
NA5120_E2003N0766__m_4007319_nw_18_060_20220915,POINT (-73.706392 40.693094),train
NA5120_E2005N0770__m_4007312_ne_18_060_20211103,POINT (-73.521427 40.838255),train
NA5120_E2006N0769__m_4007313_sw_18_060_20211103,POINT (-73.481518 40.780707),train
NA5120_E2007N0770__m_4007313_ne_18_060_20211103,POINT (-73.40641 40.809785),train
NA5120_E2007N0820__m_4207205_nw_18_060_20211019,POINT (-72.480853 42.968579),train
NA5120_E2008N0769__m_4007313_se_18_060_20211103,POINT (-73.366621 40.752198),train
NA5120_E2009N0813__m_4207220_se_18_060_20211019,POINT (-72.497788 42.637465),train
NA5120_E2010N0769__m_4007322_ne_18_060_20211103,POINT (-73.251828 40.723562),train
NA5120_E2010N0772__m_4007315_nw_18_060_20211103,POINT (-73.198483 40.85338),train
NA5120_E2010N0801__m_4207259_ne_18_060_20211019,POINT (-72.667248 42.105734),train
NA5120_E2010N0805__m_4207244_sw_18_060_20211019,POINT (-72.591692 42.278097),train
NA5120_E2010N0820__m_4207206_se_18_060_20211019,POINT (-72.303231 42.923618),train
NA5120_E2011N0799__m_4207259_se_18_060_20211019,POINT (-72.646418 42.004754),train
NA5120_E2011N0801__m_4207260_nw_18_060_20211019,POINT (-72.608781 42.090944),train
NA5120_E2011N0805__m_4207244_se_18_060_20211019,POINT (-72.533084 42.263252),train
NA5120_E2011N0812__m_4207229_ne_18_060_20211019,POINT (-72.399235 42.564566),val
NA5120_E2012N0802__m_4207252_se_18_060_20211019,POINT (-72.531437 42.119193),train
NA5120_E2012N0808__m_4207237_se_18_060_20211019,POINT (-72.41725 42.377503),train
NA5120_E2012N0820__m_4207207_sw_18_060_20211019,POINT (-72.184966 42.893479),train
NA5120_E2013N0806__m_4207245_se_18_060_20211019,POINT (-72.396869 42.276499),train
NA5120_E2013N0812__m_4207230_se_18_060_20211019,POINT (-72.281606 42.534585),test
NA5120_E2014N0802__m_4207261_ne_18_060_20211019,POINT (-72.414575 42.089422),train
NA5120_E2014N0804__m_4207253_se_18_060_20211019,POINT (-72.376515 42.175494),train
NA5120_E2014N0807__m_4207246_nw_18_060_20211019,POINT (-72.319155 42.304558),test
NA5120_E2014N0814__m_4207231_nw_18_060_20211019,POINT (-72.184052 42.605497),train
NA5120_E2016N0806__m_4207255_nw_18_060_20211019,POINT (-72.221283 42.231532),test
NA5120_E2016N0808__m_4207247_ne_18_060_20211019,POINT (-72.182794 42.317501),train
NA5120_E2017N0776__m_4007203_sw_18_060_20190811,POINT (-72.724285 40.924525),train
NA5120_E2017N0809__m_4207248_nw_18_060_20211019,POINT (-72.104919 42.345381),train
NA5120_E2017N0810__m_4207240_sw_18_060_20211019,POINT (-72.085549 42.388336),test
NA5120_E2020N0779__m_4107260_se_18_060_20210904,POINT (-72.49708 41.009696),train
NA5120_E2021N0776__m_4007212_ne_18_060_20190811,POINT (-72.494809 40.865611),train
NA5120_E2021N0912__m_4606919_se_19_060_20210921,POINT (-69.651454 46.667796),train
NA5120_E2022N0781__m_4107262_nw_18_060_20190811,POINT (-72.345239 41.066156),train
NA5120_E2022N0842__m_4307123_ne_19_060_20211024,POINT (-71.147618 43.681272),train
NA5120_E2022N0891__m_4507016_sw_19_060_20211005,POINT (-70.079399 45.763914),train
NA5120_E2023N0778__m_4007206_sw_18_060_20190811,POINT (-72.343361 40.922096),train
NA5120_E2024N0879__m_4507055_nw_19_060_20210904,POINT (-70.228654 45.222795),test
NA5120_E2025N0780__m_4007207_nw_18_060_20190811,POINT (-72.191617 40.978323),train
NA5120_E2026N0910__m_4606929_se_19_060_20210921,POINT (-69.388455 46.499083),val
NA5120_E2027N0823__m_4207114_se_19_060_20211024,POINT (-71.241319 42.791466),train
NA5120_E2027N0828__m_4307163_se_19_060_20211024,POINT (-71.13972 43.005026),train
NA5120_E2028N0896__m_4506904_sw_19_060_20211006,POINT (-69.595534 45.875286),train
NA5120_E2032N0817__m_4207140_nw_19_060_20211024,POINT (-71.069639 42.456823),train
NA5120_E2032N0818__m_4207132_se_19_060_20211024,POINT (-71.04945 42.499515),train
NA5120_E2032N0820__m_4207132_ne_19_060_20211024,POINT (-71.008957 42.58488),train
NA5120_E2033N0813__m_4207148_sw_19_060_20210826,POINT (-71.09178 42.270319),train
NA5120_E2033N0814__m_4207148_nw_19_060_20210826,POINT (-71.071706 42.313023),test
NA5120_E2035N0796__m_4107130_sw_19_060_20210826,POINT (-71.312138 41.512414),val
NA5120_E2035N0809__m_4207164_ne_19_060_20210826,POINT (-71.055581 42.068116),train
NA5120_E2037N0807__m_4107001_nw_19_060_20210826,POINT (-70.979589 41.951301),train
NA5120_E2040N0879__m_4406906_ne_19_060_20211006,POINT (-69.259002 44.956349),test
NA5120_E2042N0878__m_4406907_se_19_060_20211006,POINT (-69.161487 44.880345),train
NA5120_E2044N0927__m_4606702_sw_19_060_20210920,POINT (-67.853878 46.897687),train
NA5120_E2045N0865__m_4406946_se_19_060_20211006,POINT (-69.277974 44.281922),train
NA5120_E2045N0925__m_4606710_sw_19_060_20210920,POINT (-67.842779 46.796524),test
NA5120_E2046N0878__m_4406809_ne_19_060_20211006,POINT (-68.920949 44.812199),train
NA5120_E2047N0863__m_4406955_sw_19_060_20211006,POINT (-69.203938 44.163871),train
NA5120_E2047N0890__m_4506844_sw_19_060_20211006,POINT (-68.579271 45.298741),train
NA5120_E2051N0805__m_4107023_sw_19_060_20210826,POINT (-70.212664 41.643007),train
NA5120_E2052N0812__m_4107008_se_19_060_20210826,POINT (-70.011629 41.924083),train
